
  .   ____          _            __ _ _
 /\\ / ___'_ __ _ _(_)_ __  __ _ \ \ \ \
( ( )\___ | '_ | '_| | '_ \/ _` | \ \ \ \
 \\/  ___)| |_)| | | | | || (_| |  ) ) ) )
  '  |____| .__|_| |_|_| |_\__, | / / / /
 =========|_|==============|___/=/_/_/_/
 :: Spring Boot ::        (v2.3.7.RELEASE)

2026-06-26 00:13:06.420  INFO 12528 --- [           main] c.CollegeSecondHandSpringbootApplication : Starting CollegeSecondHandSpringbootApplication on LAPTOP-EIUMTP20 with PID 12528 (D:\twice-market-master\二手交易平台\target\College-Second-hand_springboot-0.0.1-SNAPSHOT.jar started by liukai in D:\twice-market-master)
2026-06-26 00:13:06.424  INFO 12528 --- [           main] c.CollegeSecondHandSpringbootApplication : No active profile set, falling back to default profiles: default
2026-06-26 00:13:09.294  INFO 12528 --- [           main] o.s.b.w.embedded.tomcat.TomcatWebServer  : Tomcat initialized with port(s): 9090 (http)
2026-06-26 00:13:09.317  INFO 12528 --- [           main] o.apache.catalina.core.StandardService   : Starting service [Tomcat]
2026-06-26 00:13:09.317  INFO 12528 --- [           main] org.apache.catalina.core.StandardEngine  : Starting Servlet engine: [Apache Tomcat/9.0.41]
2026-06-26 00:13:09.481  INFO 12528 --- [           main] o.a.c.c.C.[Tomcat].[localhost].[/]       : Initializing Spring embedded WebApplicationContext
2026-06-26 00:13:09.482  INFO 12528 --- [           main] w.s.c.ServletWebServerApplicationContext : Root WebApplicationContext: initialization completed in 2935 ms
2026-06-26 00:13:10.532  INFO 12528 --- [           main] o.s.s.concurrent.ThreadPoolTaskExecutor  : Initializing ExecutorService 'applicationTaskExecutor'
2026-06-26 00:13:10.894  INFO 12528 --- [           main] o.s.b.w.embedded.tomcat.TomcatWebServer  : Tomcat started on port(s): 9090 (http) with context path ''
2026-06-26 00:13:10.909  INFO 12528 --- [           main] c.CollegeSecondHandSpringbootApplication : Started CollegeSecondHandSpringbootApplication in 5.486 seconds (JVM running for 6.072)
2026-06-26 00:13:14.884  INFO 12528 --- [0.0-9090-exec-1] o.a.c.c.C.[Tomcat].[localhost].[/]       : Initializing Spring DispatcherServlet 'dispatcherServlet'
2026-06-26 00:13:14.885  INFO 12528 --- [0.0-9090-exec-1] o.s.web.servlet.DispatcherServlet        : Initializing Servlet 'dispatcherServlet'
2026-06-26 00:13:14.895  INFO 12528 --- [0.0-9090-exec-1] o.s.web.servlet.DispatcherServlet        : Completed initialization in 10 ms
2026-06-26 00:13:14.962  INFO 12528 --- [0.0-9090-exec-1] com.zaxxer.hikari.HikariDataSource       : HikariPool-1 - Starting...
2026-06-26 00:13:15.342  INFO 12528 --- [0.0-9090-exec-1] com.zaxxer.hikari.HikariDataSource       : HikariPool-1 - Start completed.
2026-06-26 00:13:36.389 ERROR 12528 --- [0.0-9090-exec-2] o.a.c.c.C.[.[.[/].[dispatcherServlet]    : Servlet.service() for servlet [dispatcherServlet] in context with path [] threw exception [Request processing failed; nested exception is cn.hutool.core.io.IORuntimeException: File not exist: D:\二手交易平台\upload\files\ee848cfa7b6146ddb41d91992e11a2b0.jpg] with root cause

cn.hutool.core.io.IORuntimeException: File not exist: D:\二手交易平台\upload\files\ee848cfa7b6146ddb41d91992e11a2b0.jpg
	at cn.hutool.core.io.file.FileReader.checkFile(FileReader.java:300) ~[hutool-all-5.7.20.jar!/:na]
	at cn.hutool.core.io.file.FileReader.<init>(FileReader.java:57) ~[hutool-all-5.7.20.jar!/:na]
	at cn.hutool.core.io.file.FileReader.<init>(FileReader.java:93) ~[hutool-all-5.7.20.jar!/:na]
	at cn.hutool.core.io.file.FileReader.create(FileReader.java:46) ~[hutool-all-5.7.20.jar!/:na]
	at cn.hutool.core.io.FileUtil.readBytes(FileUtil.java:1878) ~[hutool-all-5.7.20.jar!/:na]
	at com.example.collegesecondhand_springboot.module.file.controller.FileController.download(FileController.java:80) ~[classes!/:na]
	at java.base/jdk.internal.reflect.DirectMethodHandleAccessor.invoke(DirectMethodHandleAccessor.java:103) ~[na:na]
	at java.base/java.lang.reflect.Method.invoke(Method.java:580) ~[na:na]
	at org.springframework.web.method.support.InvocableHandlerMethod.doInvoke(InvocableHandlerMethod.java:190) ~[spring-web-5.2.12.RELEASE.jar!/:5.2.12.RELEASE]
	at org.springframework.web.method.support.InvocableHandlerMethod.invokeForRequest(InvocableHandlerMethod.java:138) ~[spring-web-5.2.12.RELEASE.jar!/:5.2.12.RELEASE]
	at org.springframework.web.servlet.mvc.method.annotation.ServletInvocableHandlerMethod.invokeAndHandle(ServletInvocableHandlerMethod.java:105) ~[spring-webmvc-5.2.12.RELEASE.jar!/:5.2.12.RELEASE]
	at org.springframework.web.servlet.mvc.method.annotation.RequestMappingHandlerAdapter.invokeHandlerMethod(RequestMappingHandlerAdapter.java:878) ~[spring-webmvc-5.2.12.RELEASE.jar!/:5.2.12.RELEASE]
	at org.springframework.web.servlet.mvc.method.annotation.RequestMappingHandlerAdapter.handleInternal(RequestMappingHandlerAdapter.java:792) ~[spring-webmvc-5.2.12.RELEASE.jar!/:5.2.12.RELEASE]
	at org.springframework.web.servlet.mvc.method.AbstractHandlerMethodAdapter.handle(AbstractHandlerMethodAdapter.java:87) ~[spring-webmvc-5.2.12.RELEASE.jar!/:5.2.12.RELEASE]
	at org.springframework.web.servlet.DispatcherServlet.doDispatch(DispatcherServlet.java:1040) ~[spring-webmvc-5.2.12.RELEASE.jar!/:5.2.12.RELEASE]
	at org.springframework.web.servlet.DispatcherServlet.doService(DispatcherServlet.java:943) ~[spring-webmvc-5.2.12.RELEASE.jar!/:5.2.12.RELEASE]
	at org.springframework.web.servlet.FrameworkServlet.processRequest(FrameworkServlet.java:1006) ~[spring-webmvc-5.2.12.RELEASE.jar!/:5.2.12.RELEASE]
	at org.springframework.web.servlet.FrameworkServlet.doGet(FrameworkServlet.java:898) ~[spring-webmvc-5.2.12.RELEASE.jar!/:5.2.12.RELEASE]
	at javax.servlet.http.HttpServlet.service(HttpServlet.java:626) ~[tomcat-embed-core-9.0.41.jar!/:4.0.FR]
	at org.springframework.web.servlet.FrameworkServlet.service(FrameworkServlet.java:883) ~[spring-webmvc-5.2.12.RELEASE.jar!/:5.2.12.RELEASE]
	at javax.servlet.http.HttpServlet.service(HttpServlet.java:733) ~[tomcat-embed-core-9.0.41.jar!/:4.0.FR]
	at org.apache.catalina.core.ApplicationFilterChain.internalDoFilter(ApplicationFilterChain.java:231) ~[tomcat-embed-core-9.0.41.jar!/:9.0.41]
	at org.apache.catalina.core.ApplicationFilterChain.doFilter(ApplicationFilterChain.java:166) ~[tomcat-embed-core-9.0.41.jar!/:9.0.41]
	at org.apache.tomcat.websocket.server.WsFilter.doFilter(WsFilter.java:53) ~[tomcat-embed-websocket-9.0.41.jar!/:9.0.41]
	at org.apache.catalina.core.ApplicationFilterChain.internalDoFilter(ApplicationFilterChain.java:193) ~[tomcat-embed-core-9.0.41.jar!/:9.0.41]
	at org.apache.catalina.core.ApplicationFilterChain.doFilter(ApplicationFilterChain.java:166) ~[tomcat-embed-core-9.0.41.jar!/:9.0.41]
	at org.springframework.web.filter.CorsFilter.doFilterInternal(CorsFilter.java:92) ~[spring-web-5.2.12.RELEASE.jar!/:5.2.12.RELEASE]
	at org.springframework.web.filter.OncePerRequestFilter.doFilter(OncePerRequestFilter.java:119) ~[spring-web-5.2.12.RELEASE.jar!/:5.2.12.RELEASE]
	at org.apache.catalina.core.ApplicationFilterChain.internalDoFilter(ApplicationFilterChain.java:193) ~[tomcat-embed-core-9.0.41.jar!/:9.0.41]
	at org.apache.catalina.core.ApplicationFilterChain.doFilter(ApplicationFilterChain.java:166) ~[tomcat-embed-core-9.0.41.jar!/:9.0.41]
	at org.springframework.web.filter.RequestContextFilter.doFilterInternal(RequestContextFilter.java:100) ~[spring-web-5.2.12.RELEASE.jar!/:5.2.12.RELEASE]
	at org.springframework.web.filter.OncePerRequestFilter.doFilter(OncePerRequestFilter.java:119) ~[spring-web-5.2.12.RELEASE.jar!/:5.2.12.RELEASE]
	at org.apache.catalina.core.ApplicationFilterChain.internalDoFilter(ApplicationFilterChain.java:193) ~[tomcat-embed-core-9.0.41.jar!/:9.0.41]
	at org.apache.catalina.core.ApplicationFilterChain.doFilter(ApplicationFilterChain.java:166) ~[tomcat-embed-core-9.0.41.jar!/:9.0.41]
	at org.springframework.web.filter.FormContentFilter.doFilterInternal(FormContentFilter.java:93) ~[spring-web-5.2.12.RELEASE.jar!/:5.2.12.RELEASE]
	at org.springframework.web.filter.OncePerRequestFilter.doFilter(OncePerRequestFilter.java:119) ~[spring-web-5.2.12.RELEASE.jar!/:5.2.12.RELEASE]
	at org.apache.catalina.core.ApplicationFilterChain.internalDoFilter(ApplicationFilterChain.java:193) ~[tomcat-embed-core-9.0.41.jar!/:9.0.41]
	at org.apache.catalina.core.ApplicationFilterChain.doFilter(ApplicationFilterChain.java:166) ~[tomcat-embed-core-9.0.41.jar!/:9.0.41]
	at org.springframework.web.filter.CharacterEncodingFilter.doFilterInternal(CharacterEncodingFilter.java:201) ~[spring-web-5.2.12.RELEASE.jar!/:5.2.12.RELEASE]
	at org.springframework.web.filter.OncePerRequestFilter.doFilter(OncePerRequestFilter.java:119) ~[spring-web-5.2.12.RELEASE.jar!/:5.2.12.RELEASE]
	at org.apache.catalina.core.ApplicationFilterChain.internalDoFilter(ApplicationFilterChain.java:193) ~[tomcat-embed-core-9.0.41.jar!/:9.0.41]
	at org.apache.catalina.core.ApplicationFilterChain.doFilter(ApplicationFilterChain.java:166) ~[tomcat-embed-core-9.0.41.jar!/:9.0.41]
	at org.apache.catalina.core.StandardWrapperValve.invoke(StandardWrapperValve.java:202) ~[tomcat-embed-core-9.0.41.jar!/:9.0.41]
	at org.apache.catalina.core.StandardContextValve.invoke(StandardContextValve.java:97) ~[tomcat-embed-core-9.0.41.jar!/:9.0.41]
	at org.apache.catalina.authenticator.AuthenticatorBase.invoke(AuthenticatorBase.java:542) ~[tomcat-embed-core-9.0.41.jar!/:9.0.41]
	at org.apache.catalina.core.StandardHostValve.invoke(StandardHostValve.java:143) ~[tomcat-embed-core-9.0.41.jar!/:9.0.41]
	at org.apache.catalina.valves.ErrorReportValve.invoke(ErrorReportValve.java:92) ~[tomcat-embed-core-9.0.41.jar!/:9.0.41]
	at org.apache.catalina.core.StandardEngineValve.invoke(StandardEngineValve.java:78) ~[tomcat-embed-core-9.0.41.jar!/:9.0.41]
	at org.apache.catalina.connector.CoyoteAdapter.service(CoyoteAdapter.java:343) ~[tomcat-embed-core-9.0.41.jar!/:9.0.41]
	at org.apache.coyote.http11.Http11Processor.service(Http11Processor.java:374) ~[tomcat-embed-core-9.0.41.jar!/:9.0.41]
	at org.apache.coyote.AbstractProcessorLight.process(AbstractProcessorLight.java:65) ~[tomcat-embed-core-9.0.41.jar!/:9.0.41]
	at org.apache.coyote.AbstractProtocol$ConnectionHandler.process(AbstractProtocol.java:888) ~[tomcat-embed-core-9.0.41.jar!/:9.0.41]
	at org.apache.tomcat.util.net.NioEndpoint$SocketProcessor.doRun(NioEndpoint.java:1597) ~[tomcat-embed-core-9.0.41.jar!/:9.0.41]
	at org.apache.tomcat.util.net.SocketProcessorBase.run(SocketProcessorBase.java:49) ~[tomcat-embed-core-9.0.41.jar!/:9.0.41]
	at java.base/java.util.concurrent.ThreadPoolExecutor.runWorker(ThreadPoolExecutor.java:1144) ~[na:na]
	at java.base/java.util.concurrent.ThreadPoolExecutor$Worker.run(ThreadPoolExecutor.java:642) ~[na:na]
	at org.apache.tomcat.util.threads.TaskThread$WrappingRunnable.run(TaskThread.java:61) ~[tomcat-embed-core-9.0.41.jar!/:9.0.41]
	at java.base/java.lang.Thread.run(Thread.java:1583) ~[na:na]

2026-06-26 00:13:36.389 ERROR 12528 --- [0.0-9090-exec-6] o.a.c.c.C.[.[.[/].[dispatcherServlet]    : Servlet.service() for servlet [dispatcherServlet] in context with path [] threw exception [Request processing failed; nested exception is cn.hutool.core.io.IORuntimeException: File not exist: D:\二手交易平台\upload\files\1aa12ee1c4304aab82a2793639cdf82d.jpg] with root cause

cn.hutool.core.io.IORuntimeException: File not exist: D:\二手交易平台\upload\files\1aa12ee1c4304aab82a2793639cdf82d.jpg
	at cn.hutool.core.io.file.FileReader.checkFile(FileReader.java:300) ~[hutool-all-5.7.20.jar!/:na]
	at cn.hutool.core.io.file.FileReader.<init>(FileReader.java:57) ~[hutool-all-5.7.20.jar!/:na]
	at cn.hutool.core.io.file.FileReader.<init>(FileReader.java:93) ~[hutool-all-5.7.20.jar!/:na]
	at cn.hutool.core.io.file.FileReader.create(FileReader.java:46) ~[hutool-all-5.7.20.jar!/:na]
	at cn.hutool.core.io.FileUtil.readBytes(FileUtil.java:1878) ~[hutool-all-5.7.20.jar!/:na]
	at com.example.collegesecondhand_springboot.module.file.controller.FileController.download(FileController.java:80) ~[classes!/:na]
	at java.base/jdk.internal.reflect.DirectMethodHandleAccessor.invoke(DirectMethodHandleAccessor.java:103) ~[na:na]
	at java.base/java.lang.reflect.Method.invoke(Method.java:580) ~[na:na]
	at org.springframework.web.method.support.InvocableHandlerMethod.doInvoke(InvocableHandlerMethod.java:190) ~[spring-web-5.2.12.RELEASE.jar!/:5.2.12.RELEASE]
	at org.springframework.web.method.support.InvocableHandlerMethod.invokeForRequest(InvocableHandlerMethod.java:138) ~[spring-web-5.2.12.RELEASE.jar!/:5.2.12.RELEASE]
	at org.springframework.web.servlet.mvc.method.annotation.ServletInvocableHandlerMethod.invokeAndHandle(ServletInvocableHandlerMethod.java:105) ~[spring-webmvc-5.2.12.RELEASE.jar!/:5.2.12.RELEASE]
	at org.springframework.web.servlet.mvc.method.annotation.RequestMappingHandlerAdapter.invokeHandlerMethod(RequestMappingHandlerAdapter.java:878) ~[spring-webmvc-5.2.12.RELEASE.jar!/:5.2.12.RELEASE]
	at org.springframework.web.servlet.mvc.method.annotation.RequestMappingHandlerAdapter.handleInternal(RequestMappingHandlerAdapter.java:792) ~[spring-webmvc-5.2.12.RELEASE.jar!/:5.2.12.RELEASE]
	at org.springframework.web.servlet.mvc.method.AbstractHandlerMethodAdapter.handle(AbstractHandlerMethodAdapter.java:87) ~[spring-webmvc-5.2.12.RELEASE.jar!/:5.2.12.RELEASE]
	at org.springframework.web.servlet.DispatcherServlet.doDispatch(DispatcherServlet.java:1040) ~[spring-webmvc-5.2.12.RELEASE.jar!/:5.2.12.RELEASE]
	at org.springframework.web.servlet.DispatcherServlet.doService(DispatcherServlet.java:943) ~[spring-webmvc-5.2.12.RELEASE.jar!/:5.2.12.RELEASE]
	at org.springframework.web.servlet.FrameworkServlet.processRequest(FrameworkServlet.java:1006) ~[spring-webmvc-5.2.12.RELEASE.jar!/:5.2.12.RELEASE]
	at org.springframework.web.servlet.FrameworkServlet.doGet(FrameworkServlet.java:898) ~[spring-webmvc-5.2.12.RELEASE.jar!/:5.2.12.RELEASE]
	at javax.servlet.http.HttpServlet.service(HttpServlet.java:626) ~[tomcat-embed-core-9.0.41.jar!/:4.0.FR]
	at org.springframework.web.servlet.FrameworkServlet.service(FrameworkServlet.java:883) ~[spring-webmvc-5.2.12.RELEASE.jar!/:5.2.12.RELEASE]
	at javax.servlet.http.HttpServlet.service(HttpServlet.java:733) ~[tomcat-embed-core-9.0.41.jar!/:4.0.FR]
	at org.apache.catalina.core.ApplicationFilterChain.internalDoFilter(ApplicationFilterChain.java:231) ~[tomcat-embed-core-9.0.41.jar!/:9.0.41]
	at org.apache.catalina.core.ApplicationFilterChain.doFilter(ApplicationFilterChain.java:166) ~[tomcat-embed-core-9.0.41.jar!/:9.0.41]
	at org.apache.tomcat.websocket.server.WsFilter.doFilter(WsFilter.java:53) ~[tomcat-embed-websocket-9.0.41.jar!/:9.0.41]
	at org.apache.catalina.core.ApplicationFilterChain.internalDoFilter(ApplicationFilterChain.java:193) ~[tomcat-embed-core-9.0.41.jar!/:9.0.41]
	at org.apache.catalina.core.ApplicationFilterChain.doFilter(ApplicationFilterChain.java:166) ~[tomcat-embed-core-9.0.41.jar!/:9.0.41]
	at org.springframework.web.filter.CorsFilter.doFilterInternal(CorsFilter.java:92) ~[spring-web-5.2.12.RELEASE.jar!/:5.2.12.RELEASE]
	at org.springframework.web.filter.OncePerRequestFilter.doFilter(OncePerRequestFilter.java:119) ~[spring-web-5.2.12.RELEASE.jar!/:5.2.12.RELEASE]
	at org.apache.catalina.core.ApplicationFilterChain.internalDoFilter(ApplicationFilterChain.java:193) ~[tomcat-embed-core-9.0.41.jar!/:9.0.41]
	at org.apache.catalina.core.ApplicationFilterChain.doFilter(ApplicationFilterChain.java:166) ~[tomcat-embed-core-9.0.41.jar!/:9.0.41]
	at org.springframework.web.filter.RequestContextFilter.doFilterInternal(RequestContextFilter.java:100) ~[spring-web-5.2.12.RELEASE.jar!/:5.2.12.RELEASE]
	at org.springframework.web.filter.OncePerRequestFilter.doFilter(OncePerRequestFilter.java:119) ~[spring-web-5.2.12.RELEASE.jar!/:5.2.12.RELEASE]
	at org.apache.catalina.core.ApplicationFilterChain.internalDoFilter(ApplicationFilterChain.java:193) ~[tomcat-embed-core-9.0.41.jar!/:9.0.41]
	at org.apache.catalina.core.ApplicationFilterChain.doFilter(ApplicationFilterChain.java:166) ~[tomcat-embed-core-9.0.41.jar!/:9.0.41]
	at org.springframework.web.filter.FormContentFilter.doFilterInternal(FormContentFilter.java:93) ~[spring-web-5.2.12.RELEASE.jar!/:5.2.12.RELEASE]
	at org.springframework.web.filter.OncePerRequestFilter.doFilter(OncePerRequestFilter.java:119) ~[spring-web-5.2.12.RELEASE.jar!/:5.2.12.RELEASE]
	at org.apache.catalina.core.ApplicationFilterChain.internalDoFilter(ApplicationFilterChain.java:193) ~[tomcat-embed-core-9.0.41.jar!/:9.0.41]
	at org.apache.catalina.core.ApplicationFilterChain.doFilter(ApplicationFilterChain.java:166) ~[tomcat-embed-core-9.0.41.jar!/:9.0.41]
	at org.springframework.web.filter.CharacterEncodingFilter.doFilterInternal(CharacterEncodingFilter.java:201) ~[spring-web-5.2.12.RELEASE.jar!/:5.2.12.RELEASE]
	at org.springframework.web.filter.OncePerRequestFilter.doFilter(OncePerRequestFilter.java:119) ~[spring-web-5.2.12.RELEASE.jar!/:5.2.12.RELEASE]
	at org.apache.catalina.core.ApplicationFilterChain.internalDoFilter(ApplicationFilterChain.java:193) ~[tomcat-embed-core-9.0.41.jar!/:9.0.41]
	at org.apache.catalina.core.ApplicationFilterChain.doFilter(ApplicationFilterChain.java:166) ~[tomcat-embed-core-9.0.41.jar!/:9.0.41]
	at org.apache.catalina.core.StandardWrapperValve.invoke(StandardWrapperValve.java:202) ~[tomcat-embed-core-9.0.41.jar!/:9.0.41]
	at org.apache.catalina.core.StandardContextValve.invoke(StandardContextValve.java:97) ~[tomcat-embed-core-9.0.41.jar!/:9.0.41]
	at org.apache.catalina.authenticator.AuthenticatorBase.invoke(AuthenticatorBase.java:542) ~[tomcat-embed-core-9.0.41.jar!/:9.0.41]
	at org.apache.catalina.core.StandardHostValve.invoke(StandardHostValve.java:143) ~[tomcat-embed-core-9.0.41.jar!/:9.0.41]
	at org.apache.catalina.valves.ErrorReportValve.invoke(ErrorReportValve.java:92) ~[tomcat-embed-core-9.0.41.jar!/:9.0.41]
	at org.apache.catalina.core.StandardEngineValve.invoke(StandardEngineValve.java:78) ~[tomcat-embed-core-9.0.41.jar!/:9.0.41]
	at org.apache.catalina.connector.CoyoteAdapter.service(CoyoteAdapter.java:343) ~[tomcat-embed-core-9.0.41.jar!/:9.0.41]
	at org.apache.coyote.http11.Http11Processor.service(Http11Processor.java:374) ~[tomcat-embed-core-9.0.41.jar!/:9.0.41]
	at org.apache.coyote.AbstractProcessorLight.process(AbstractProcessorLight.java:65) ~[tomcat-embed-core-9.0.41.jar!/:9.0.41]
	at org.apache.coyote.AbstractProtocol$ConnectionHandler.process(AbstractProtocol.java:888) ~[tomcat-embed-core-9.0.41.jar!/:9.0.41]
	at org.apache.tomcat.util.net.NioEndpoint$SocketProcessor.doRun(NioEndpoint.java:1597) ~[tomcat-embed-core-9.0.41.jar!/:9.0.41]
	at org.apache.tomcat.util.net.SocketProcessorBase.run(SocketProcessorBase.java:49) ~[tomcat-embed-core-9.0.41.jar!/:9.0.41]
	at java.base/java.util.concurrent.ThreadPoolExecutor.runWorker(ThreadPoolExecutor.java:1144) ~[na:na]
	at java.base/java.util.concurrent.ThreadPoolExecutor$Worker.run(ThreadPoolExecutor.java:642) ~[na:na]
	at org.apache.tomcat.util.threads.TaskThread$WrappingRunnable.run(TaskThread.java:61) ~[tomcat-embed-core-9.0.41.jar!/:9.0.41]
	at java.base/java.lang.Thread.run(Thread.java:1583) ~[na:na]

2026-06-26 00:13:36.389 ERROR 12528 --- [0.0-9090-exec-9] o.a.c.c.C.[.[.[/].[dispatcherServlet]    : Servlet.service() for servlet [dispatcherServlet] in context with path [] threw exception [Request processing failed; nested exception is cn.hutool.core.io.IORuntimeException: File not exist: D:\二手交易平台\upload\files\0b9164f676fb47c592da37ddf14724d5.jpg] with root cause

cn.hutool.core.io.IORuntimeException: File not exist: D:\二手交易平台\upload\files\0b9164f676fb47c592da37ddf14724d5.jpg
	at cn.hutool.core.io.file.FileReader.checkFile(FileReader.java:300) ~[hutool-all-5.7.20.jar!/:na]
	at cn.hutool.core.io.file.FileReader.<init>(FileReader.java:57) ~[hutool-all-5.7.20.jar!/:na]
	at cn.hutool.core.io.file.FileReader.<init>(FileReader.java:93) ~[hutool-all-5.7.20.jar!/:na]
	at cn.hutool.core.io.file.FileReader.create(FileReader.java:46) ~[hutool-all-5.7.20.jar!/:na]
	at cn.hutool.core.io.FileUtil.readBytes(FileUtil.java:1878) ~[hutool-all-5.7.20.jar!/:na]
	at com.example.collegesecondhand_springboot.module.file.controller.FileController.download(FileController.java:80) ~[classes!/:na]
	at java.base/jdk.internal.reflect.DirectMethodHandleAccessor.invoke(DirectMethodHandleAccessor.java:103) ~[na:na]
	at java.base/java.lang.reflect.Method.invoke(Method.java:580) ~[na:na]
	at org.springframework.web.method.support.InvocableHandlerMethod.doInvoke(InvocableHandlerMethod.java:190) ~[spring-web-5.2.12.RELEASE.jar!/:5.2.12.RELEASE]
	at org.springframework.web.method.support.InvocableHandlerMethod.invokeForRequest(InvocableHandlerMethod.java:138) ~[spring-web-5.2.12.RELEASE.jar!/:5.2.12.RELEASE]
	at org.springframework.web.servlet.mvc.method.annotation.ServletInvocableHandlerMethod.invokeAndHandle(ServletInvocableHandlerMethod.java:105) ~[spring-webmvc-5.2.12.RELEASE.jar!/:5.2.12.RELEASE]
	at org.springframework.web.servlet.mvc.method.annotation.RequestMappingHandlerAdapter.invokeHandlerMethod(RequestMappingHandlerAdapter.java:878) ~[spring-webmvc-5.2.12.RELEASE.jar!/:5.2.12.RELEASE]
	at org.springframework.web.servlet.mvc.method.annotation.RequestMappingHandlerAdapter.handleInternal(RequestMappingHandlerAdapter.java:792) ~[spring-webmvc-5.2.12.RELEASE.jar!/:5.2.12.RELEASE]
	at org.springframework.web.servlet.mvc.method.AbstractHandlerMethodAdapter.handle(AbstractHandlerMethodAdapter.java:87) ~[spring-webmvc-5.2.12.RELEASE.jar!/:5.2.12.RELEASE]
	at org.springframework.web.servlet.DispatcherServlet.doDispatch(DispatcherServlet.java:1040) ~[spring-webmvc-5.2.12.RELEASE.jar!/:5.2.12.RELEASE]
	at org.springframework.web.servlet.DispatcherServlet.doService(DispatcherServlet.java:943) ~[spring-webmvc-5.2.12.RELEASE.jar!/:5.2.12.RELEASE]
	at org.springframework.web.servlet.FrameworkServlet.processRequest(FrameworkServlet.java:1006) ~[spring-webmvc-5.2.12.RELEASE.jar!/:5.2.12.RELEASE]
	at org.springframework.web.servlet.FrameworkServlet.doGet(FrameworkServlet.java:898) ~[spring-webmvc-5.2.12.RELEASE.jar!/:5.2.12.RELEASE]
	at javax.servlet.http.HttpServlet.service(HttpServlet.java:626) ~[tomcat-embed-core-9.0.41.jar!/:4.0.FR]
	at org.springframework.web.servlet.FrameworkServlet.service(FrameworkServlet.java:883) ~[spring-webmvc-5.2.12.RELEASE.jar!/:5.2.12.RELEASE]
	at javax.servlet.http.HttpServlet.service(HttpServlet.java:733) ~[tomcat-embed-core-9.0.41.jar!/:4.0.FR]
	at org.apache.catalina.core.ApplicationFilterChain.internalDoFilter(ApplicationFilterChain.java:231) ~[tomcat-embed-core-9.0.41.jar!/:9.0.41]
	at org.apache.catalina.core.ApplicationFilterChain.doFilter(ApplicationFilterChain.java:166) ~[tomcat-embed-core-9.0.41.jar!/:9.0.41]
	at org.apache.tomcat.websocket.server.WsFilter.doFilter(WsFilter.java:53) ~[tomcat-embed-websocket-9.0.41.jar!/:9.0.41]
	at org.apache.catalina.core.ApplicationFilterChain.internalDoFilter(ApplicationFilterChain.java:193) ~[tomcat-embed-core-9.0.41.jar!/:9.0.41]
	at org.apache.catalina.core.ApplicationFilterChain.doFilter(ApplicationFilterChain.java:166) ~[tomcat-embed-core-9.0.41.jar!/:9.0.41]
	at org.springframework.web.filter.CorsFilter.doFilterInternal(CorsFilter.java:92) ~[spring-web-5.2.12.RELEASE.jar!/:5.2.12.RELEASE]
	at org.springframework.web.filter.OncePerRequestFilter.doFilter(OncePerRequestFilter.java:119) ~[spring-web-5.2.12.RELEASE.jar!/:5.2.12.RELEASE]
	at org.apache.catalina.core.ApplicationFilterChain.internalDoFilter(ApplicationFilterChain.java:193) ~[tomcat-embed-core-9.0.41.jar!/:9.0.41]
	at org.apache.catalina.core.ApplicationFilterChain.doFilter(ApplicationFilterChain.java:166) ~[tomcat-embed-core-9.0.41.jar!/:9.0.41]
	at org.springframework.web.filter.RequestContextFilter.doFilterInternal(RequestContextFilter.java:100) ~[spring-web-5.2.12.RELEASE.jar!/:5.2.12.RELEASE]
	at org.springframework.web.filter.OncePerRequestFilter.doFilter(OncePerRequestFilter.java:119) ~[spring-web-5.2.12.RELEASE.jar!/:5.2.12.RELEASE]
	at org.apache.catalina.core.ApplicationFilterChain.internalDoFilter(ApplicationFilterChain.java:193) ~[tomcat-embed-core-9.0.41.jar!/:9.0.41]
	at org.apache.catalina.core.ApplicationFilterChain.doFilter(ApplicationFilterChain.java:166) ~[tomcat-embed-core-9.0.41.jar!/:9.0.41]
	at org.springframework.web.filter.FormContentFilter.doFilterInternal(FormContentFilter.java:93) ~[spring-web-5.2.12.RELEASE.jar!/:5.2.12.RELEASE]
	at org.springframework.web.filter.OncePerRequestFilter.doFilter(OncePerRequestFilter.java:119) ~[spring-web-5.2.12.RELEASE.jar!/:5.2.12.RELEASE]
	at org.apache.catalina.core.ApplicationFilterChain.internalDoFilter(ApplicationFilterChain.java:193) ~[tomcat-embed-core-9.0.41.jar!/:9.0.41]
	at org.apache.catalina.core.ApplicationFilterChain.doFilter(ApplicationFilterChain.java:166) ~[tomcat-embed-core-9.0.41.jar!/:9.0.41]
	at org.springframework.web.filter.CharacterEncodingFilter.doFilterInternal(CharacterEncodingFilter.java:201) ~[spring-web-5.2.12.RELEASE.jar!/:5.2.12.RELEASE]
	at org.springframework.web.filter.OncePerRequestFilter.doFilter(OncePerRequestFilter.java:119) ~[spring-web-5.2.12.RELEASE.jar!/:5.2.12.RELEASE]
	at org.apache.catalina.core.ApplicationFilterChain.internalDoFilter(ApplicationFilterChain.java:193) ~[tomcat-embed-core-9.0.41.jar!/:9.0.41]
	at org.apache.catalina.core.ApplicationFilterChain.doFilter(ApplicationFilterChain.java:166) ~[tomcat-embed-core-9.0.41.jar!/:9.0.41]
	at org.apache.catalina.core.StandardWrapperValve.invoke(StandardWrapperValve.java:202) ~[tomcat-embed-core-9.0.41.jar!/:9.0.41]
	at org.apache.catalina.core.StandardContextValve.invoke(StandardContextValve.java:97) ~[tomcat-embed-core-9.0.41.jar!/:9.0.41]
	at org.apache.catalina.authenticator.AuthenticatorBase.invoke(AuthenticatorBase.java:542) ~[tomcat-embed-core-9.0.41.jar!/:9.0.41]
	at org.apache.catalina.core.StandardHostValve.invoke(StandardHostValve.java:143) ~[tomcat-embed-core-9.0.41.jar!/:9.0.41]
	at org.apache.catalina.valves.ErrorReportValve.invoke(ErrorReportValve.java:92) ~[tomcat-embed-core-9.0.41.jar!/:9.0.41]
	at org.apache.catalina.core.StandardEngineValve.invoke(StandardEngineValve.java:78) ~[tomcat-embed-core-9.0.41.jar!/:9.0.41]
	at org.apache.catalina.connector.CoyoteAdapter.service(CoyoteAdapter.java:343) ~[tomcat-embed-core-9.0.41.jar!/:9.0.41]
	at org.apache.coyote.http11.Http11Processor.service(Http11Processor.java:374) ~[tomcat-embed-core-9.0.41.jar!/:9.0.41]
	at org.apache.coyote.AbstractProcessorLight.process(AbstractProcessorLight.java:65) ~[tomcat-embed-core-9.0.41.jar!/:9.0.41]
	at org.apache.coyote.AbstractProtocol$ConnectionHandler.process(AbstractProtocol.java:888) ~[tomcat-embed-core-9.0.41.jar!/:9.0.41]
	at org.apache.tomcat.util.net.NioEndpoint$SocketProcessor.doRun(NioEndpoint.java:1597) ~[tomcat-embed-core-9.0.41.jar!/:9.0.41]
	at org.apache.tomcat.util.net.SocketProcessorBase.run(SocketProcessorBase.java:49) ~[tomcat-embed-core-9.0.41.jar!/:9.0.41]
	at java.base/java.util.concurrent.ThreadPoolExecutor.runWorker(ThreadPoolExecutor.java:1144) ~[na:na]
	at java.base/java.util.concurrent.ThreadPoolExecutor$Worker.run(ThreadPoolExecutor.java:642) ~[na:na]
	at org.apache.tomcat.util.threads.TaskThread$WrappingRunnable.run(TaskThread.java:61) ~[tomcat-embed-core-9.0.41.jar!/:9.0.41]
	at java.base/java.lang.Thread.run(Thread.java:1583) ~[na:na]

2026-06-26 00:13:36.389 ERROR 12528 --- [.0-9090-exec-10] o.a.c.c.C.[.[.[/].[dispatcherServlet]    : Servlet.service() for servlet [dispatcherServlet] in context with path [] threw exception [Request processing failed; nested exception is cn.hutool.core.io.IORuntimeException: File not exist: D:\二手交易平台\upload\files\a70a5b80e6d74822a078de0b85c8e3ce.jpg] with root cause

cn.hutool.core.io.IORuntimeException: File not exist: D:\二手交易平台\upload\files\a70a5b80e6d74822a078de0b85c8e3ce.jpg
	at cn.hutool.core.io.file.FileReader.checkFile(FileReader.java:300) ~[hutool-all-5.7.20.jar!/:na]
	at cn.hutool.core.io.file.FileReader.<init>(FileReader.java:57) ~[hutool-all-5.7.20.jar!/:na]
	at cn.hutool.core.io.file.FileReader.<init>(FileReader.java:93) ~[hutool-all-5.7.20.jar!/:na]
	at cn.hutool.core.io.file.FileReader.create(FileReader.java:46) ~[hutool-all-5.7.20.jar!/:na]
	at cn.hutool.core.io.FileUtil.readBytes(FileUtil.java:1878) ~[hutool-all-5.7.20.jar!/:na]
	at com.example.collegesecondhand_springboot.module.file.controller.FileController.download(FileController.java:80) ~[classes!/:na]
	at java.base/jdk.internal.reflect.DirectMethodHandleAccessor.invoke(DirectMethodHandleAccessor.java:103) ~[na:na]
	at java.base/java.lang.reflect.Method.invoke(Method.java:580) ~[na:na]
	at org.springframework.web.method.support.InvocableHandlerMethod.doInvoke(InvocableHandlerMethod.java:190) ~[spring-web-5.2.12.RELEASE.jar!/:5.2.12.RELEASE]
	at org.springframework.web.method.support.InvocableHandlerMethod.invokeForRequest(InvocableHandlerMethod.java:138) ~[spring-web-5.2.12.RELEASE.jar!/:5.2.12.RELEASE]
	at org.springframework.web.servlet.mvc.method.annotation.ServletInvocableHandlerMethod.invokeAndHandle(ServletInvocableHandlerMethod.java:105) ~[spring-webmvc-5.2.12.RELEASE.jar!/:5.2.12.RELEASE]
	at org.springframework.web.servlet.mvc.method.annotation.RequestMappingHandlerAdapter.invokeHandlerMethod(RequestMappingHandlerAdapter.java:878) ~[spring-webmvc-5.2.12.RELEASE.jar!/:5.2.12.RELEASE]
	at org.springframework.web.servlet.mvc.method.annotation.RequestMappingHandlerAdapter.handleInternal(RequestMappingHandlerAdapter.java:792) ~[spring-webmvc-5.2.12.RELEASE.jar!/:5.2.12.RELEASE]
	at org.springframework.web.servlet.mvc.method.AbstractHandlerMethodAdapter.handle(AbstractHandlerMethodAdapter.java:87) ~[spring-webmvc-5.2.12.RELEASE.jar!/:5.2.12.RELEASE]
	at org.springframework.web.servlet.DispatcherServlet.doDispatch(DispatcherServlet.java:1040) ~[spring-webmvc-5.2.12.RELEASE.jar!/:5.2.12.RELEASE]
	at org.springframework.web.servlet.DispatcherServlet.doService(DispatcherServlet.java:943) ~[spring-webmvc-5.2.12.RELEASE.jar!/:5.2.12.RELEASE]
	at org.springframework.web.servlet.FrameworkServlet.processRequest(FrameworkServlet.java:1006) ~[spring-webmvc-5.2.12.RELEASE.jar!/:5.2.12.RELEASE]
	at org.springframework.web.servlet.FrameworkServlet.doGet(FrameworkServlet.java:898) ~[spring-webmvc-5.2.12.RELEASE.jar!/:5.2.12.RELEASE]
	at javax.servlet.http.HttpServlet.service(HttpServlet.java:626) ~[tomcat-embed-core-9.0.41.jar!/:4.0.FR]
	at org.springframework.web.servlet.FrameworkServlet.service(FrameworkServlet.java:883) ~[spring-webmvc-5.2.12.RELEASE.jar!/:5.2.12.RELEASE]
	at javax.servlet.http.HttpServlet.service(HttpServlet.java:733) ~[tomcat-embed-core-9.0.41.jar!/:4.0.FR]
	at org.apache.catalina.core.ApplicationFilterChain.internalDoFilter(ApplicationFilterChain.java:231) ~[tomcat-embed-core-9.0.41.jar!/:9.0.41]
	at org.apache.catalina.core.ApplicationFilterChain.doFilter(ApplicationFilterChain.java:166) ~[tomcat-embed-core-9.0.41.jar!/:9.0.41]
	at org.apache.tomcat.websocket.server.WsFilter.doFilter(WsFilter.java:53) ~[tomcat-embed-websocket-9.0.41.jar!/:9.0.41]
	at org.apache.catalina.core.ApplicationFilterChain.internalDoFilter(ApplicationFilterChain.java:193) ~[tomcat-embed-core-9.0.41.jar!/:9.0.41]
	at org.apache.catalina.core.ApplicationFilterChain.doFilter(ApplicationFilterChain.java:166) ~[tomcat-embed-core-9.0.41.jar!/:9.0.41]
	at org.springframework.web.filter.CorsFilter.doFilterInternal(CorsFilter.java:92) ~[spring-web-5.2.12.RELEASE.jar!/:5.2.12.RELEASE]
	at org.springframework.web.filter.OncePerRequestFilter.doFilter(OncePerRequestFilter.java:119) ~[spring-web-5.2.12.RELEASE.jar!/:5.2.12.RELEASE]
	at org.apache.catalina.core.ApplicationFilterChain.internalDoFilter(ApplicationFilterChain.java:193) ~[tomcat-embed-core-9.0.41.jar!/:9.0.41]
	at org.apache.catalina.core.ApplicationFilterChain.doFilter(ApplicationFilterChain.java:166) ~[tomcat-embed-core-9.0.41.jar!/:9.0.41]
	at org.springframework.web.filter.RequestContextFilter.doFilterInternal(RequestContextFilter.java:100) ~[spring-web-5.2.12.RELEASE.jar!/:5.2.12.RELEASE]
	at org.springframework.web.filter.OncePerRequestFilter.doFilter(OncePerRequestFilter.java:119) ~[spring-web-5.2.12.RELEASE.jar!/:5.2.12.RELEASE]
	at org.apache.catalina.core.ApplicationFilterChain.internalDoFilter(ApplicationFilterChain.java:193) ~[tomcat-embed-core-9.0.41.jar!/:9.0.41]
	at org.apache.catalina.core.ApplicationFilterChain.doFilter(ApplicationFilterChain.java:166) ~[tomcat-embed-core-9.0.41.jar!/:9.0.41]
	at org.springframework.web.filter.FormContentFilter.doFilterInternal(FormContentFilter.java:93) ~[spring-web-5.2.12.RELEASE.jar!/:5.2.12.RELEASE]
	at org.springframework.web.filter.OncePerRequestFilter.doFilter(OncePerRequestFilter.java:119) ~[spring-web-5.2.12.RELEASE.jar!/:5.2.12.RELEASE]
	at org.apache.catalina.core.ApplicationFilterChain.internalDoFilter(ApplicationFilterChain.java:193) ~[tomcat-embed-core-9.0.41.jar!/:9.0.41]
	at org.apache.catalina.core.ApplicationFilterChain.doFilter(ApplicationFilterChain.java:166) ~[tomcat-embed-core-9.0.41.jar!/:9.0.41]
	at org.springframework.web.filter.CharacterEncodingFilter.doFilterInternal(CharacterEncodingFilter.java:201) ~[spring-web-5.2.12.RELEASE.jar!/:5.2.12.RELEASE]
	at org.springframework.web.filter.OncePerRequestFilter.doFilter(OncePerRequestFilter.java:119) ~[spring-web-5.2.12.RELEASE.jar!/:5.2.12.RELEASE]
	at org.apache.catalina.core.ApplicationFilterChain.internalDoFilter(ApplicationFilterChain.java:193) ~[tomcat-embed-core-9.0.41.jar!/:9.0.41]
	at org.apache.catalina.core.ApplicationFilterChain.doFilter(ApplicationFilterChain.java:166) ~[tomcat-embed-core-9.0.41.jar!/:9.0.41]
	at org.apache.catalina.core.StandardWrapperValve.invoke(StandardWrapperValve.java:202) ~[tomcat-embed-core-9.0.41.jar!/:9.0.41]
	at org.apache.catalina.core.StandardContextValve.invoke(StandardContextValve.java:97) ~[tomcat-embed-core-9.0.41.jar!/:9.0.41]
	at org.apache.catalina.authenticator.AuthenticatorBase.invoke(AuthenticatorBase.java:542) ~[tomcat-embed-core-9.0.41.jar!/:9.0.41]
	at org.apache.catalina.core.StandardHostValve.invoke(StandardHostValve.java:143) ~[tomcat-embed-core-9.0.41.jar!/:9.0.41]
	at org.apache.catalina.valves.ErrorReportValve.invoke(ErrorReportValve.java:92) ~[tomcat-embed-core-9.0.41.jar!/:9.0.41]
	at org.apache.catalina.core.StandardEngineValve.invoke(StandardEngineValve.java:78) ~[tomcat-embed-core-9.0.41.jar!/:9.0.41]
	at org.apache.catalina.connector.CoyoteAdapter.service(CoyoteAdapter.java:343) ~[tomcat-embed-core-9.0.41.jar!/:9.0.41]
	at org.apache.coyote.http11.Http11Processor.service(Http11Processor.java:374) ~[tomcat-embed-core-9.0.41.jar!/:9.0.41]
	at org.apache.coyote.AbstractProcessorLight.process(AbstractProcessorLight.java:65) ~[tomcat-embed-core-9.0.41.jar!/:9.0.41]
	at org.apache.coyote.AbstractProtocol$ConnectionHandler.process(AbstractProtocol.java:888) ~[tomcat-embed-core-9.0.41.jar!/:9.0.41]
	at org.apache.tomcat.util.net.NioEndpoint$SocketProcessor.doRun(NioEndpoint.java:1597) ~[tomcat-embed-core-9.0.41.jar!/:9.0.41]
	at org.apache.tomcat.util.net.SocketProcessorBase.run(SocketProcessorBase.java:49) ~[tomcat-embed-core-9.0.41.jar!/:9.0.41]
	at java.base/java.util.concurrent.ThreadPoolExecutor.runWorker(ThreadPoolExecutor.java:1144) ~[na:na]
	at java.base/java.util.concurrent.ThreadPoolExecutor$Worker.run(ThreadPoolExecutor.java:642) ~[na:na]
	at org.apache.tomcat.util.threads.TaskThread$WrappingRunnable.run(TaskThread.java:61) ~[tomcat-embed-core-9.0.41.jar!/:9.0.41]
	at java.base/java.lang.Thread.run(Thread.java:1583) ~[na:na]

2026-06-26 00:13:36.389 ERROR 12528 --- [0.0-9090-exec-4] o.a.c.c.C.[.[.[/].[dispatcherServlet]    : Servlet.service() for servlet [dispatcherServlet] in context with path [] threw exception [Request processing failed; nested exception is cn.hutool.core.io.IORuntimeException: File not exist: D:\二手交易平台\upload\files\95c1d9237c6540ddae0bcc5b90db1503.png] with root cause

cn.hutool.core.io.IORuntimeException: File not exist: D:\二手交易平台\upload\files\95c1d9237c6540ddae0bcc5b90db1503.png
	at cn.hutool.core.io.file.FileReader.checkFile(FileReader.java:300) ~[hutool-all-5.7.20.jar!/:na]
	at cn.hutool.core.io.file.FileReader.<init>(FileReader.java:57) ~[hutool-all-5.7.20.jar!/:na]
	at cn.hutool.core.io.file.FileReader.<init>(FileReader.java:93) ~[hutool-all-5.7.20.jar!/:na]
	at cn.hutool.core.io.file.FileReader.create(FileReader.java:46) ~[hutool-all-5.7.20.jar!/:na]
	at cn.hutool.core.io.FileUtil.readBytes(FileUtil.java:1878) ~[hutool-all-5.7.20.jar!/:na]
	at com.example.collegesecondhand_springboot.module.file.controller.FileController.download(FileController.java:80) ~[classes!/:na]
	at java.base/jdk.internal.reflect.DirectMethodHandleAccessor.invoke(DirectMethodHandleAccessor.java:103) ~[na:na]
	at java.base/java.lang.reflect.Method.invoke(Method.java:580) ~[na:na]
	at org.springframework.web.method.support.InvocableHandlerMethod.doInvoke(InvocableHandlerMethod.java:190) ~[spring-web-5.2.12.RELEASE.jar!/:5.2.12.RELEASE]
	at org.springframework.web.method.support.InvocableHandlerMethod.invokeForRequest(InvocableHandlerMethod.java:138) ~[spring-web-5.2.12.RELEASE.jar!/:5.2.12.RELEASE]
	at org.springframework.web.servlet.mvc.method.annotation.ServletInvocableHandlerMethod.invokeAndHandle(ServletInvocableHandlerMethod.java:105) ~[spring-webmvc-5.2.12.RELEASE.jar!/:5.2.12.RELEASE]
	at org.springframework.web.servlet.mvc.method.annotation.RequestMappingHandlerAdapter.invokeHandlerMethod(RequestMappingHandlerAdapter.java:878) ~[spring-webmvc-5.2.12.RELEASE.jar!/:5.2.12.RELEASE]
	at org.springframework.web.servlet.mvc.method.annotation.RequestMappingHandlerAdapter.handleInternal(RequestMappingHandlerAdapter.java:792) ~[spring-webmvc-5.2.12.RELEASE.jar!/:5.2.12.RELEASE]
	at org.springframework.web.servlet.mvc.method.AbstractHandlerMethodAdapter.handle(AbstractHandlerMethodAdapter.java:87) ~[spring-webmvc-5.2.12.RELEASE.jar!/:5.2.12.RELEASE]
	at org.springframework.web.servlet.DispatcherServlet.doDispatch(DispatcherServlet.java:1040) ~[spring-webmvc-5.2.12.RELEASE.jar!/:5.2.12.RELEASE]
	at org.springframework.web.servlet.DispatcherServlet.doService(DispatcherServlet.java:943) ~[spring-webmvc-5.2.12.RELEASE.jar!/:5.2.12.RELEASE]
	at org.springframework.web.servlet.FrameworkServlet.processRequest(FrameworkServlet.java:1006) ~[spring-webmvc-5.2.12.RELEASE.jar!/:5.2.12.RELEASE]
	at org.springframework.web.servlet.FrameworkServlet.doGet(FrameworkServlet.java:898) ~[spring-webmvc-5.2.12.RELEASE.jar!/:5.2.12.RELEASE]
	at javax.servlet.http.HttpServlet.service(HttpServlet.java:626) ~[tomcat-embed-core-9.0.41.jar!/:4.0.FR]
	at org.springframework.web.servlet.FrameworkServlet.service(FrameworkServlet.java:883) ~[spring-webmvc-5.2.12.RELEASE.jar!/:5.2.12.RELEASE]
	at javax.servlet.http.HttpServlet.service(HttpServlet.java:733) ~[tomcat-embed-core-9.0.41.jar!/:4.0.FR]
	at org.apache.catalina.core.ApplicationFilterChain.internalDoFilter(ApplicationFilterChain.java:231) ~[tomcat-embed-core-9.0.41.jar!/:9.0.41]
	at org.apache.catalina.core.ApplicationFilterChain.doFilter(ApplicationFilterChain.java:166) ~[tomcat-embed-core-9.0.41.jar!/:9.0.41]
	at org.apache.tomcat.websocket.server.WsFilter.doFilter(WsFilter.java:53) ~[tomcat-embed-websocket-9.0.41.jar!/:9.0.41]
	at org.apache.catalina.core.ApplicationFilterChain.internalDoFilter(ApplicationFilterChain.java:193) ~[tomcat-embed-core-9.0.41.jar!/:9.0.41]
	at org.apache.catalina.core.ApplicationFilterChain.doFilter(ApplicationFilterChain.java:166) ~[tomcat-embed-core-9.0.41.jar!/:9.0.41]
	at org.springframework.web.filter.CorsFilter.doFilterInternal(CorsFilter.java:92) ~[spring-web-5.2.12.RELEASE.jar!/:5.2.12.RELEASE]
	at org.springframework.web.filter.OncePerRequestFilter.doFilter(OncePerRequestFilter.java:119) ~[spring-web-5.2.12.RELEASE.jar!/:5.2.12.RELEASE]
	at org.apache.catalina.core.ApplicationFilterChain.internalDoFilter(ApplicationFilterChain.java:193) ~[tomcat-embed-core-9.0.41.jar!/:9.0.41]
	at org.apache.catalina.core.ApplicationFilterChain.doFilter(ApplicationFilterChain.java:166) ~[tomcat-embed-core-9.0.41.jar!/:9.0.41]
	at org.springframework.web.filter.RequestContextFilter.doFilterInternal(RequestContextFilter.java:100) ~[spring-web-5.2.12.RELEASE.jar!/:5.2.12.RELEASE]
	at org.springframework.web.filter.OncePerRequestFilter.doFilter(OncePerRequestFilter.java:119) ~[spring-web-5.2.12.RELEASE.jar!/:5.2.12.RELEASE]
	at org.apache.catalina.core.ApplicationFilterChain.internalDoFilter(ApplicationFilterChain.java:193) ~[tomcat-embed-core-9.0.41.jar!/:9.0.41]
	at org.apache.catalina.core.ApplicationFilterChain.doFilter(ApplicationFilterChain.java:166) ~[tomcat-embed-core-9.0.41.jar!/:9.0.41]
	at org.springframework.web.filter.FormContentFilter.doFilterInternal(FormContentFilter.java:93) ~[spring-web-5.2.12.RELEASE.jar!/:5.2.12.RELEASE]
	at org.springframework.web.filter.OncePerRequestFilter.doFilter(OncePerRequestFilter.java:119) ~[spring-web-5.2.12.RELEASE.jar!/:5.2.12.RELEASE]
	at org.apache.catalina.core.ApplicationFilterChain.internalDoFilter(ApplicationFilterChain.java:193) ~[tomcat-embed-core-9.0.41.jar!/:9.0.41]
	at org.apache.catalina.core.ApplicationFilterChain.doFilter(ApplicationFilterChain.java:166) ~[tomcat-embed-core-9.0.41.jar!/:9.0.41]
	at org.springframework.web.filter.CharacterEncodingFilter.doFilterInternal(CharacterEncodingFilter.java:201) ~[spring-web-5.2.12.RELEASE.jar!/:5.2.12.RELEASE]
	at org.springframework.web.filter.OncePerRequestFilter.doFilter(OncePerRequestFilter.java:119) ~[spring-web-5.2.12.RELEASE.jar!/:5.2.12.RELEASE]
	at org.apache.catalina.core.ApplicationFilterChain.internalDoFilter(ApplicationFilterChain.java:193) ~[tomcat-embed-core-9.0.41.jar!/:9.0.41]
	at org.apache.catalina.core.ApplicationFilterChain.doFilter(ApplicationFilterChain.java:166) ~[tomcat-embed-core-9.0.41.jar!/:9.0.41]
	at org.apache.catalina.core.StandardWrapperValve.invoke(StandardWrapperValve.java:202) ~[tomcat-embed-core-9.0.41.jar!/:9.0.41]
	at org.apache.catalina.core.StandardContextValve.invoke(StandardContextValve.java:97) ~[tomcat-embed-core-9.0.41.jar!/:9.0.41]
	at org.apache.catalina.authenticator.AuthenticatorBase.invoke(AuthenticatorBase.java:542) ~[tomcat-embed-core-9.0.41.jar!/:9.0.41]
	at org.apache.catalina.core.StandardHostValve.invoke(StandardHostValve.java:143) ~[tomcat-embed-core-9.0.41.jar!/:9.0.41]
	at org.apache.catalina.valves.ErrorReportValve.invoke(ErrorReportValve.java:92) ~[tomcat-embed-core-9.0.41.jar!/:9.0.41]
	at org.apache.catalina.core.StandardEngineValve.invoke(StandardEngineValve.java:78) ~[tomcat-embed-core-9.0.41.jar!/:9.0.41]
	at org.apache.catalina.connector.CoyoteAdapter.service(CoyoteAdapter.java:343) ~[tomcat-embed-core-9.0.41.jar!/:9.0.41]
	at org.apache.coyote.http11.Http11Processor.service(Http11Processor.java:374) ~[tomcat-embed-core-9.0.41.jar!/:9.0.41]
	at org.apache.coyote.AbstractProcessorLight.process(AbstractProcessorLight.java:65) ~[tomcat-embed-core-9.0.41.jar!/:9.0.41]
	at org.apache.coyote.AbstractProtocol$ConnectionHandler.process(AbstractProtocol.java:888) ~[tomcat-embed-core-9.0.41.jar!/:9.0.41]
	at org.apache.tomcat.util.net.NioEndpoint$SocketProcessor.doRun(NioEndpoint.java:1597) ~[tomcat-embed-core-9.0.41.jar!/:9.0.41]
	at org.apache.tomcat.util.net.SocketProcessorBase.run(SocketProcessorBase.java:49) ~[tomcat-embed-core-9.0.41.jar!/:9.0.41]
	at java.base/java.util.concurrent.ThreadPoolExecutor.runWorker(ThreadPoolExecutor.java:1144) ~[na:na]
	at java.base/java.util.concurrent.ThreadPoolExecutor$Worker.run(ThreadPoolExecutor.java:642) ~[na:na]
	at org.apache.tomcat.util.threads.TaskThread$WrappingRunnable.run(TaskThread.java:61) ~[tomcat-embed-core-9.0.41.jar!/:9.0.41]
	at java.base/java.lang.Thread.run(Thread.java:1583) ~[na:na]

2026-06-26 00:13:37.594 ERROR 12528 --- [0.0-9090-exec-3] o.a.c.c.C.[.[.[/].[dispatcherServlet]    : Servlet.service() for servlet [dispatcherServlet] in context with path [] threw exception [Request processing failed; nested exception is cn.hutool.core.io.IORuntimeException: File not exist: D:\二手交易平台\upload\files\1aa12ee1c4304aab82a2793639cdf82d.jpg] with root cause

cn.hutool.core.io.IORuntimeException: File not exist: D:\二手交易平台\upload\files\1aa12ee1c4304aab82a2793639cdf82d.jpg
	at cn.hutool.core.io.file.FileReader.checkFile(FileReader.java:300) ~[hutool-all-5.7.20.jar!/:na]
	at cn.hutool.core.io.file.FileReader.<init>(FileReader.java:57) ~[hutool-all-5.7.20.jar!/:na]
	at cn.hutool.core.io.file.FileReader.<init>(FileReader.java:93) ~[hutool-all-5.7.20.jar!/:na]
	at cn.hutool.core.io.file.FileReader.create(FileReader.java:46) ~[hutool-all-5.7.20.jar!/:na]
	at cn.hutool.core.io.FileUtil.readBytes(FileUtil.java:1878) ~[hutool-all-5.7.20.jar!/:na]
	at com.example.collegesecondhand_springboot.module.file.controller.FileController.download(FileController.java:80) ~[classes!/:na]
	at java.base/jdk.internal.reflect.DirectMethodHandleAccessor.invoke(DirectMethodHandleAccessor.java:103) ~[na:na]
	at java.base/java.lang.reflect.Method.invoke(Method.java:580) ~[na:na]
	at org.springframework.web.method.support.InvocableHandlerMethod.doInvoke(InvocableHandlerMethod.java:190) ~[spring-web-5.2.12.RELEASE.jar!/:5.2.12.RELEASE]
	at org.springframework.web.method.support.InvocableHandlerMethod.invokeForRequest(InvocableHandlerMethod.java:138) ~[spring-web-5.2.12.RELEASE.jar!/:5.2.12.RELEASE]
	at org.springframework.web.servlet.mvc.method.annotation.ServletInvocableHandlerMethod.invokeAndHandle(ServletInvocableHandlerMethod.java:105) ~[spring-webmvc-5.2.12.RELEASE.jar!/:5.2.12.RELEASE]
	at org.springframework.web.servlet.mvc.method.annotation.RequestMappingHandlerAdapter.invokeHandlerMethod(RequestMappingHandlerAdapter.java:878) ~[spring-webmvc-5.2.12.RELEASE.jar!/:5.2.12.RELEASE]
	at org.springframework.web.servlet.mvc.method.annotation.RequestMappingHandlerAdapter.handleInternal(RequestMappingHandlerAdapter.java:792) ~[spring-webmvc-5.2.12.RELEASE.jar!/:5.2.12.RELEASE]
	at org.springframework.web.servlet.mvc.method.AbstractHandlerMethodAdapter.handle(AbstractHandlerMethodAdapter.java:87) ~[spring-webmvc-5.2.12.RELEASE.jar!/:5.2.12.RELEASE]
	at org.springframework.web.servlet.DispatcherServlet.doDispatch(DispatcherServlet.java:1040) ~[spring-webmvc-5.2.12.RELEASE.jar!/:5.2.12.RELEASE]
	at org.springframework.web.servlet.DispatcherServlet.doService(DispatcherServlet.java:943) ~[spring-webmvc-5.2.12.RELEASE.jar!/:5.2.12.RELEASE]
	at org.springframework.web.servlet.FrameworkServlet.processRequest(FrameworkServlet.java:1006) ~[spring-webmvc-5.2.12.RELEASE.jar!/:5.2.12.RELEASE]
	at org.springframework.web.servlet.FrameworkServlet.doGet(FrameworkServlet.java:898) ~[spring-webmvc-5.2.12.RELEASE.jar!/:5.2.12.RELEASE]
	at javax.servlet.http.HttpServlet.service(HttpServlet.java:626) ~[tomcat-embed-core-9.0.41.jar!/:4.0.FR]
	at org.springframework.web.servlet.FrameworkServlet.service(FrameworkServlet.java:883) ~[spring-webmvc-5.2.12.RELEASE.jar!/:5.2.12.RELEASE]
	at javax.servlet.http.HttpServlet.service(HttpServlet.java:733) ~[tomcat-embed-core-9.0.41.jar!/:4.0.FR]
	at org.apache.catalina.core.ApplicationFilterChain.internalDoFilter(ApplicationFilterChain.java:231) ~[tomcat-embed-core-9.0.41.jar!/:9.0.41]
	at org.apache.catalina.core.ApplicationFilterChain.doFilter(ApplicationFilterChain.java:166) ~[tomcat-embed-core-9.0.41.jar!/:9.0.41]
	at org.apache.tomcat.websocket.server.WsFilter.doFilter(WsFilter.java:53) ~[tomcat-embed-websocket-9.0.41.jar!/:9.0.41]
	at org.apache.catalina.core.ApplicationFilterChain.internalDoFilter(ApplicationFilterChain.java:193) ~[tomcat-embed-core-9.0.41.jar!/:9.0.41]
	at org.apache.catalina.core.ApplicationFilterChain.doFilter(ApplicationFilterChain.java:166) ~[tomcat-embed-core-9.0.41.jar!/:9.0.41]
	at org.springframework.web.filter.CorsFilter.doFilterInternal(CorsFilter.java:92) ~[spring-web-5.2.12.RELEASE.jar!/:5.2.12.RELEASE]
	at org.springframework.web.filter.OncePerRequestFilter.doFilter(OncePerRequestFilter.java:119) ~[spring-web-5.2.12.RELEASE.jar!/:5.2.12.RELEASE]
	at org.apache.catalina.core.ApplicationFilterChain.internalDoFilter(ApplicationFilterChain.java:193) ~[tomcat-embed-core-9.0.41.jar!/:9.0.41]
	at org.apache.catalina.core.ApplicationFilterChain.doFilter(ApplicationFilterChain.java:166) ~[tomcat-embed-core-9.0.41.jar!/:9.0.41]
	at org.springframework.web.filter.RequestContextFilter.doFilterInternal(RequestContextFilter.java:100) ~[spring-web-5.2.12.RELEASE.jar!/:5.2.12.RELEASE]
	at org.springframework.web.filter.OncePerRequestFilter.doFilter(OncePerRequestFilter.java:119) ~[spring-web-5.2.12.RELEASE.jar!/:5.2.12.RELEASE]
	at org.apache.catalina.core.ApplicationFilterChain.internalDoFilter(ApplicationFilterChain.java:193) ~[tomcat-embed-core-9.0.41.jar!/:9.0.41]
	at org.apache.catalina.core.ApplicationFilterChain.doFilter(ApplicationFilterChain.java:166) ~[tomcat-embed-core-9.0.41.jar!/:9.0.41]
	at org.springframework.web.filter.FormContentFilter.doFilterInternal(FormContentFilter.java:93) ~[spring-web-5.2.12.RELEASE.jar!/:5.2.12.RELEASE]
	at org.springframework.web.filter.OncePerRequestFilter.doFilter(OncePerRequestFilter.java:119) ~[spring-web-5.2.12.RELEASE.jar!/:5.2.12.RELEASE]
	at org.apache.catalina.core.ApplicationFilterChain.internalDoFilter(ApplicationFilterChain.java:193) ~[tomcat-embed-core-9.0.41.jar!/:9.0.41]
	at org.apache.catalina.core.ApplicationFilterChain.doFilter(ApplicationFilterChain.java:166) ~[tomcat-embed-core-9.0.41.jar!/:9.0.41]
	at org.springframework.web.filter.CharacterEncodingFilter.doFilterInternal(CharacterEncodingFilter.java:201) ~[spring-web-5.2.12.RELEASE.jar!/:5.2.12.RELEASE]
	at org.springframework.web.filter.OncePerRequestFilter.doFilter(OncePerRequestFilter.java:119) ~[spring-web-5.2.12.RELEASE.jar!/:5.2.12.RELEASE]
	at org.apache.catalina.core.ApplicationFilterChain.internalDoFilter(ApplicationFilterChain.java:193) ~[tomcat-embed-core-9.0.41.jar!/:9.0.41]
	at org.apache.catalina.core.ApplicationFilterChain.doFilter(ApplicationFilterChain.java:166) ~[tomcat-embed-core-9.0.41.jar!/:9.0.41]
	at org.apache.catalina.core.StandardWrapperValve.invoke(StandardWrapperValve.java:202) ~[tomcat-embed-core-9.0.41.jar!/:9.0.41]
	at org.apache.catalina.core.StandardContextValve.invoke(StandardContextValve.java:97) ~[tomcat-embed-core-9.0.41.jar!/:9.0.41]
	at org.apache.catalina.authenticator.AuthenticatorBase.invoke(AuthenticatorBase.java:542) ~[tomcat-embed-core-9.0.41.jar!/:9.0.41]
	at org.apache.catalina.core.StandardHostValve.invoke(StandardHostValve.java:143) ~[tomcat-embed-core-9.0.41.jar!/:9.0.41]
	at org.apache.catalina.valves.ErrorReportValve.invoke(ErrorReportValve.java:92) ~[tomcat-embed-core-9.0.41.jar!/:9.0.41]
	at org.apache.catalina.core.StandardEngineValve.invoke(StandardEngineValve.java:78) ~[tomcat-embed-core-9.0.41.jar!/:9.0.41]
	at org.apache.catalina.connector.CoyoteAdapter.service(CoyoteAdapter.java:343) ~[tomcat-embed-core-9.0.41.jar!/:9.0.41]
	at org.apache.coyote.http11.Http11Processor.service(Http11Processor.java:374) ~[tomcat-embed-core-9.0.41.jar!/:9.0.41]
	at org.apache.coyote.AbstractProcessorLight.process(AbstractProcessorLight.java:65) ~[tomcat-embed-core-9.0.41.jar!/:9.0.41]
	at org.apache.coyote.AbstractProtocol$ConnectionHandler.process(AbstractProtocol.java:888) ~[tomcat-embed-core-9.0.41.jar!/:9.0.41]
	at org.apache.tomcat.util.net.NioEndpoint$SocketProcessor.doRun(NioEndpoint.java:1597) ~[tomcat-embed-core-9.0.41.jar!/:9.0.41]
	at org.apache.tomcat.util.net.SocketProcessorBase.run(SocketProcessorBase.java:49) ~[tomcat-embed-core-9.0.41.jar!/:9.0.41]
	at java.base/java.util.concurrent.ThreadPoolExecutor.runWorker(ThreadPoolExecutor.java:1144) ~[na:na]
	at java.base/java.util.concurrent.ThreadPoolExecutor$Worker.run(ThreadPoolExecutor.java:642) ~[na:na]
	at org.apache.tomcat.util.threads.TaskThread$WrappingRunnable.run(TaskThread.java:61) ~[tomcat-embed-core-9.0.41.jar!/:9.0.41]
	at java.base/java.lang.Thread.run(Thread.java:1583) ~[na:na]

2026-06-26 00:13:37.595 ERROR 12528 --- [0.0-9090-exec-8] o.a.c.c.C.[.[.[/].[dispatcherServlet]    : Servlet.service() for servlet [dispatcherServlet] in context with path [] threw exception [Request processing failed; nested exception is cn.hutool.core.io.IORuntimeException: File not exist: D:\二手交易平台\upload\files\ee848cfa7b6146ddb41d91992e11a2b0.jpg] with root cause

cn.hutool.core.io.IORuntimeException: File not exist: D:\二手交易平台\upload\files\ee848cfa7b6146ddb41d91992e11a2b0.jpg
	at cn.hutool.core.io.file.FileReader.checkFile(FileReader.java:300) ~[hutool-all-5.7.20.jar!/:na]
	at cn.hutool.core.io.file.FileReader.<init>(FileReader.java:57) ~[hutool-all-5.7.20.jar!/:na]
	at cn.hutool.core.io.file.FileReader.<init>(FileReader.java:93) ~[hutool-all-5.7.20.jar!/:na]
	at cn.hutool.core.io.file.FileReader.create(FileReader.java:46) ~[hutool-all-5.7.20.jar!/:na]
	at cn.hutool.core.io.FileUtil.readBytes(FileUtil.java:1878) ~[hutool-all-5.7.20.jar!/:na]
	at com.example.collegesecondhand_springboot.module.file.controller.FileController.download(FileController.java:80) ~[classes!/:na]
	at java.base/jdk.internal.reflect.DirectMethodHandleAccessor.invoke(DirectMethodHandleAccessor.java:103) ~[na:na]
	at java.base/java.lang.reflect.Method.invoke(Method.java:580) ~[na:na]
	at org.springframework.web.method.support.InvocableHandlerMethod.doInvoke(InvocableHandlerMethod.java:190) ~[spring-web-5.2.12.RELEASE.jar!/:5.2.12.RELEASE]
	at org.springframework.web.method.support.InvocableHandlerMethod.invokeForRequest(InvocableHandlerMethod.java:138) ~[spring-web-5.2.12.RELEASE.jar!/:5.2.12.RELEASE]
	at org.springframework.web.servlet.mvc.method.annotation.ServletInvocableHandlerMethod.invokeAndHandle(ServletInvocableHandlerMethod.java:105) ~[spring-webmvc-5.2.12.RELEASE.jar!/:5.2.12.RELEASE]
	at org.springframework.web.servlet.mvc.method.annotation.RequestMappingHandlerAdapter.invokeHandlerMethod(RequestMappingHandlerAdapter.java:878) ~[spring-webmvc-5.2.12.RELEASE.jar!/:5.2.12.RELEASE]
	at org.springframework.web.servlet.mvc.method.annotation.RequestMappingHandlerAdapter.handleInternal(RequestMappingHandlerAdapter.java:792) ~[spring-webmvc-5.2.12.RELEASE.jar!/:5.2.12.RELEASE]
	at org.springframework.web.servlet.mvc.method.AbstractHandlerMethodAdapter.handle(AbstractHandlerMethodAdapter.java:87) ~[spring-webmvc-5.2.12.RELEASE.jar!/:5.2.12.RELEASE]
	at org.springframework.web.servlet.DispatcherServlet.doDispatch(DispatcherServlet.java:1040) ~[spring-webmvc-5.2.12.RELEASE.jar!/:5.2.12.RELEASE]
	at org.springframework.web.servlet.DispatcherServlet.doService(DispatcherServlet.java:943) ~[spring-webmvc-5.2.12.RELEASE.jar!/:5.2.12.RELEASE]
	at org.springframework.web.servlet.FrameworkServlet.processRequest(FrameworkServlet.java:1006) ~[spring-webmvc-5.2.12.RELEASE.jar!/:5.2.12.RELEASE]
	at org.springframework.web.servlet.FrameworkServlet.doGet(FrameworkServlet.java:898) ~[spring-webmvc-5.2.12.RELEASE.jar!/:5.2.12.RELEASE]
	at javax.servlet.http.HttpServlet.service(HttpServlet.java:626) ~[tomcat-embed-core-9.0.41.jar!/:4.0.FR]
	at org.springframework.web.servlet.FrameworkServlet.service(FrameworkServlet.java:883) ~[spring-webmvc-5.2.12.RELEASE.jar!/:5.2.12.RELEASE]
	at javax.servlet.http.HttpServlet.service(HttpServlet.java:733) ~[tomcat-embed-core-9.0.41.jar!/:4.0.FR]
	at org.apache.catalina.core.ApplicationFilterChain.internalDoFilter(ApplicationFilterChain.java:231) ~[tomcat-embed-core-9.0.41.jar!/:9.0.41]
	at org.apache.catalina.core.ApplicationFilterChain.doFilter(ApplicationFilterChain.java:166) ~[tomcat-embed-core-9.0.41.jar!/:9.0.41]
	at org.apache.tomcat.websocket.server.WsFilter.doFilter(WsFilter.java:53) ~[tomcat-embed-websocket-9.0.41.jar!/:9.0.41]
	at org.apache.catalina.core.ApplicationFilterChain.internalDoFilter(ApplicationFilterChain.java:193) ~[tomcat-embed-core-9.0.41.jar!/:9.0.41]
	at org.apache.catalina.core.ApplicationFilterChain.doFilter(ApplicationFilterChain.java:166) ~[tomcat-embed-core-9.0.41.jar!/:9.0.41]
	at org.springframework.web.filter.CorsFilter.doFilterInternal(CorsFilter.java:92) ~[spring-web-5.2.12.RELEASE.jar!/:5.2.12.RELEASE]
	at org.springframework.web.filter.OncePerRequestFilter.doFilter(OncePerRequestFilter.java:119) ~[spring-web-5.2.12.RELEASE.jar!/:5.2.12.RELEASE]
	at org.apache.catalina.core.ApplicationFilterChain.internalDoFilter(ApplicationFilterChain.java:193) ~[tomcat-embed-core-9.0.41.jar!/:9.0.41]
	at org.apache.catalina.core.ApplicationFilterChain.doFilter(ApplicationFilterChain.java:166) ~[tomcat-embed-core-9.0.41.jar!/:9.0.41]
	at org.springframework.web.filter.RequestContextFilter.doFilterInternal(RequestContextFilter.java:100) ~[spring-web-5.2.12.RELEASE.jar!/:5.2.12.RELEASE]
	at org.springframework.web.filter.OncePerRequestFilter.doFilter(OncePerRequestFilter.java:119) ~[spring-web-5.2.12.RELEASE.jar!/:5.2.12.RELEASE]
	at org.apache.catalina.core.ApplicationFilterChain.internalDoFilter(ApplicationFilterChain.java:193) ~[tomcat-embed-core-9.0.41.jar!/:9.0.41]
	at org.apache.catalina.core.ApplicationFilterChain.doFilter(ApplicationFilterChain.java:166) ~[tomcat-embed-core-9.0.41.jar!/:9.0.41]
	at org.springframework.web.filter.FormContentFilter.doFilterInternal(FormContentFilter.java:93) ~[spring-web-5.2.12.RELEASE.jar!/:5.2.12.RELEASE]
	at org.springframework.web.filter.OncePerRequestFilter.doFilter(OncePerRequestFilter.java:119) ~[spring-web-5.2.12.RELEASE.jar!/:5.2.12.RELEASE]
	at org.apache.catalina.core.ApplicationFilterChain.internalDoFilter(ApplicationFilterChain.java:193) ~[tomcat-embed-core-9.0.41.jar!/:9.0.41]
	at org.apache.catalina.core.ApplicationFilterChain.doFilter(ApplicationFilterChain.java:166) ~[tomcat-embed-core-9.0.41.jar!/:9.0.41]
	at org.springframework.web.filter.CharacterEncodingFilter.doFilterInternal(CharacterEncodingFilter.java:201) ~[spring-web-5.2.12.RELEASE.jar!/:5.2.12.RELEASE]
	at org.springframework.web.filter.OncePerRequestFilter.doFilter(OncePerRequestFilter.java:119) ~[spring-web-5.2.12.RELEASE.jar!/:5.2.12.RELEASE]
	at org.apache.catalina.core.ApplicationFilterChain.internalDoFilter(ApplicationFilterChain.java:193) ~[tomcat-embed-core-9.0.41.jar!/:9.0.41]
	at org.apache.catalina.core.ApplicationFilterChain.doFilter(ApplicationFilterChain.java:166) ~[tomcat-embed-core-9.0.41.jar!/:9.0.41]
	at org.apache.catalina.core.StandardWrapperValve.invoke(StandardWrapperValve.java:202) ~[tomcat-embed-core-9.0.41.jar!/:9.0.41]
	at org.apache.catalina.core.StandardContextValve.invoke(StandardContextValve.java:97) ~[tomcat-embed-core-9.0.41.jar!/:9.0.41]
	at org.apache.catalina.authenticator.AuthenticatorBase.invoke(AuthenticatorBase.java:542) ~[tomcat-embed-core-9.0.41.jar!/:9.0.41]
	at org.apache.catalina.core.StandardHostValve.invoke(StandardHostValve.java:143) ~[tomcat-embed-core-9.0.41.jar!/:9.0.41]
	at org.apache.catalina.valves.ErrorReportValve.invoke(ErrorReportValve.java:92) ~[tomcat-embed-core-9.0.41.jar!/:9.0.41]
	at org.apache.catalina.core.StandardEngineValve.invoke(StandardEngineValve.java:78) ~[tomcat-embed-core-9.0.41.jar!/:9.0.41]
	at org.apache.catalina.connector.CoyoteAdapter.service(CoyoteAdapter.java:343) ~[tomcat-embed-core-9.0.41.jar!/:9.0.41]
	at org.apache.coyote.http11.Http11Processor.service(Http11Processor.java:374) ~[tomcat-embed-core-9.0.41.jar!/:9.0.41]
	at org.apache.coyote.AbstractProcessorLight.process(AbstractProcessorLight.java:65) ~[tomcat-embed-core-9.0.41.jar!/:9.0.41]
	at org.apache.coyote.AbstractProtocol$ConnectionHandler.process(AbstractProtocol.java:888) ~[tomcat-embed-core-9.0.41.jar!/:9.0.41]
	at org.apache.tomcat.util.net.NioEndpoint$SocketProcessor.doRun(NioEndpoint.java:1597) ~[tomcat-embed-core-9.0.41.jar!/:9.0.41]
	at org.apache.tomcat.util.net.SocketProcessorBase.run(SocketProcessorBase.java:49) ~[tomcat-embed-core-9.0.41.jar!/:9.0.41]
	at java.base/java.util.concurrent.ThreadPoolExecutor.runWorker(ThreadPoolExecutor.java:1144) ~[na:na]
	at java.base/java.util.concurrent.ThreadPoolExecutor$Worker.run(ThreadPoolExecutor.java:642) ~[na:na]
	at org.apache.tomcat.util.threads.TaskThread$WrappingRunnable.run(TaskThread.java:61) ~[tomcat-embed-core-9.0.41.jar!/:9.0.41]
	at java.base/java.lang.Thread.run(Thread.java:1583) ~[na:na]

2026-06-26 00:13:37.595 ERROR 12528 --- [0.0-9090-exec-1] o.a.c.c.C.[.[.[/].[dispatcherServlet]    : Servlet.service() for servlet [dispatcherServlet] in context with path [] threw exception [Request processing failed; nested exception is cn.hutool.core.io.IORuntimeException: File not exist: D:\二手交易平台\upload\files\0b9164f676fb47c592da37ddf14724d5.jpg] with root cause

cn.hutool.core.io.IORuntimeException: File not exist: D:\二手交易平台\upload\files\0b9164f676fb47c592da37ddf14724d5.jpg
	at cn.hutool.core.io.file.FileReader.checkFile(FileReader.java:300) ~[hutool-all-5.7.20.jar!/:na]
	at cn.hutool.core.io.file.FileReader.<init>(FileReader.java:57) ~[hutool-all-5.7.20.jar!/:na]
	at cn.hutool.core.io.file.FileReader.<init>(FileReader.java:93) ~[hutool-all-5.7.20.jar!/:na]
	at cn.hutool.core.io.file.FileReader.create(FileReader.java:46) ~[hutool-all-5.7.20.jar!/:na]
	at cn.hutool.core.io.FileUtil.readBytes(FileUtil.java:1878) ~[hutool-all-5.7.20.jar!/:na]
	at com.example.collegesecondhand_springboot.module.file.controller.FileController.download(FileController.java:80) ~[classes!/:na]
	at java.base/jdk.internal.reflect.DirectMethodHandleAccessor.invoke(DirectMethodHandleAccessor.java:103) ~[na:na]
	at java.base/java.lang.reflect.Method.invoke(Method.java:580) ~[na:na]
	at org.springframework.web.method.support.InvocableHandlerMethod.doInvoke(InvocableHandlerMethod.java:190) ~[spring-web-5.2.12.RELEASE.jar!/:5.2.12.RELEASE]
	at org.springframework.web.method.support.InvocableHandlerMethod.invokeForRequest(InvocableHandlerMethod.java:138) ~[spring-web-5.2.12.RELEASE.jar!/:5.2.12.RELEASE]
	at org.springframework.web.servlet.mvc.method.annotation.ServletInvocableHandlerMethod.invokeAndHandle(ServletInvocableHandlerMethod.java:105) ~[spring-webmvc-5.2.12.RELEASE.jar!/:5.2.12.RELEASE]
	at org.springframework.web.servlet.mvc.method.annotation.RequestMappingHandlerAdapter.invokeHandlerMethod(RequestMappingHandlerAdapter.java:878) ~[spring-webmvc-5.2.12.RELEASE.jar!/:5.2.12.RELEASE]
	at org.springframework.web.servlet.mvc.method.annotation.RequestMappingHandlerAdapter.handleInternal(RequestMappingHandlerAdapter.java:792) ~[spring-webmvc-5.2.12.RELEASE.jar!/:5.2.12.RELEASE]
	at org.springframework.web.servlet.mvc.method.AbstractHandlerMethodAdapter.handle(AbstractHandlerMethodAdapter.java:87) ~[spring-webmvc-5.2.12.RELEASE.jar!/:5.2.12.RELEASE]
	at org.springframework.web.servlet.DispatcherServlet.doDispatch(DispatcherServlet.java:1040) ~[spring-webmvc-5.2.12.RELEASE.jar!/:5.2.12.RELEASE]
	at org.springframework.web.servlet.DispatcherServlet.doService(DispatcherServlet.java:943) ~[spring-webmvc-5.2.12.RELEASE.jar!/:5.2.12.RELEASE]
	at org.springframework.web.servlet.FrameworkServlet.processRequest(FrameworkServlet.java:1006) ~[spring-webmvc-5.2.12.RELEASE.jar!/:5.2.12.RELEASE]
	at org.springframework.web.servlet.FrameworkServlet.doGet(FrameworkServlet.java:898) ~[spring-webmvc-5.2.12.RELEASE.jar!/:5.2.12.RELEASE]
	at javax.servlet.http.HttpServlet.service(HttpServlet.java:626) ~[tomcat-embed-core-9.0.41.jar!/:4.0.FR]
	at org.springframework.web.servlet.FrameworkServlet.service(FrameworkServlet.java:883) ~[spring-webmvc-5.2.12.RELEASE.jar!/:5.2.12.RELEASE]
	at javax.servlet.http.HttpServlet.service(HttpServlet.java:733) ~[tomcat-embed-core-9.0.41.jar!/:4.0.FR]
	at org.apache.catalina.core.ApplicationFilterChain.internalDoFilter(ApplicationFilterChain.java:231) ~[tomcat-embed-core-9.0.41.jar!/:9.0.41]
	at org.apache.catalina.core.ApplicationFilterChain.doFilter(ApplicationFilterChain.java:166) ~[tomcat-embed-core-9.0.41.jar!/:9.0.41]
	at org.apache.tomcat.websocket.server.WsFilter.doFilter(WsFilter.java:53) ~[tomcat-embed-websocket-9.0.41.jar!/:9.0.41]
	at org.apache.catalina.core.ApplicationFilterChain.internalDoFilter(ApplicationFilterChain.java:193) ~[tomcat-embed-core-9.0.41.jar!/:9.0.41]
	at org.apache.catalina.core.ApplicationFilterChain.doFilter(ApplicationFilterChain.java:166) ~[tomcat-embed-core-9.0.41.jar!/:9.0.41]
	at org.springframework.web.filter.CorsFilter.doFilterInternal(CorsFilter.java:92) ~[spring-web-5.2.12.RELEASE.jar!/:5.2.12.RELEASE]
	at org.springframework.web.filter.OncePerRequestFilter.doFilter(OncePerRequestFilter.java:119) ~[spring-web-5.2.12.RELEASE.jar!/:5.2.12.RELEASE]
	at org.apache.catalina.core.ApplicationFilterChain.internalDoFilter(ApplicationFilterChain.java:193) ~[tomcat-embed-core-9.0.41.jar!/:9.0.41]
	at org.apache.catalina.core.ApplicationFilterChain.doFilter(ApplicationFilterChain.java:166) ~[tomcat-embed-core-9.0.41.jar!/:9.0.41]
	at org.springframework.web.filter.RequestContextFilter.doFilterInternal(RequestContextFilter.java:100) ~[spring-web-5.2.12.RELEASE.jar!/:5.2.12.RELEASE]
	at org.springframework.web.filter.OncePerRequestFilter.doFilter(OncePerRequestFilter.java:119) ~[spring-web-5.2.12.RELEASE.jar!/:5.2.12.RELEASE]
	at org.apache.catalina.core.ApplicationFilterChain.internalDoFilter(ApplicationFilterChain.java:193) ~[tomcat-embed-core-9.0.41.jar!/:9.0.41]
	at org.apache.catalina.core.ApplicationFilterChain.doFilter(ApplicationFilterChain.java:166) ~[tomcat-embed-core-9.0.41.jar!/:9.0.41]
	at org.springframework.web.filter.FormContentFilter.doFilterInternal(FormContentFilter.java:93) ~[spring-web-5.2.12.RELEASE.jar!/:5.2.12.RELEASE]
	at org.springframework.web.filter.OncePerRequestFilter.doFilter(OncePerRequestFilter.java:119) ~[spring-web-5.2.12.RELEASE.jar!/:5.2.12.RELEASE]
	at org.apache.catalina.core.ApplicationFilterChain.internalDoFilter(ApplicationFilterChain.java:193) ~[tomcat-embed-core-9.0.41.jar!/:9.0.41]
	at org.apache.catalina.core.ApplicationFilterChain.doFilter(ApplicationFilterChain.java:166) ~[tomcat-embed-core-9.0.41.jar!/:9.0.41]
	at org.springframework.web.filter.CharacterEncodingFilter.doFilterInternal(CharacterEncodingFilter.java:201) ~[spring-web-5.2.12.RELEASE.jar!/:5.2.12.RELEASE]
	at org.springframework.web.filter.OncePerRequestFilter.doFilter(OncePerRequestFilter.java:119) ~[spring-web-5.2.12.RELEASE.jar!/:5.2.12.RELEASE]
	at org.apache.catalina.core.ApplicationFilterChain.internalDoFilter(ApplicationFilterChain.java:193) ~[tomcat-embed-core-9.0.41.jar!/:9.0.41]
	at org.apache.catalina.core.ApplicationFilterChain.doFilter(ApplicationFilterChain.java:166) ~[tomcat-embed-core-9.0.41.jar!/:9.0.41]
	at org.apache.catalina.core.StandardWrapperValve.invoke(StandardWrapperValve.java:202) ~[tomcat-embed-core-9.0.41.jar!/:9.0.41]
	at org.apache.catalina.core.StandardContextValve.invoke(StandardContextValve.java:97) ~[tomcat-embed-core-9.0.41.jar!/:9.0.41]
	at org.apache.catalina.authenticator.AuthenticatorBase.invoke(AuthenticatorBase.java:542) ~[tomcat-embed-core-9.0.41.jar!/:9.0.41]
	at org.apache.catalina.core.StandardHostValve.invoke(StandardHostValve.java:143) ~[tomcat-embed-core-9.0.41.jar!/:9.0.41]
	at org.apache.catalina.valves.ErrorReportValve.invoke(ErrorReportValve.java:92) ~[tomcat-embed-core-9.0.41.jar!/:9.0.41]
	at org.apache.catalina.core.StandardEngineValve.invoke(StandardEngineValve.java:78) ~[tomcat-embed-core-9.0.41.jar!/:9.0.41]
	at org.apache.catalina.connector.CoyoteAdapter.service(CoyoteAdapter.java:343) ~[tomcat-embed-core-9.0.41.jar!/:9.0.41]
	at org.apache.coyote.http11.Http11Processor.service(Http11Processor.java:374) ~[tomcat-embed-core-9.0.41.jar!/:9.0.41]
	at org.apache.coyote.AbstractProcessorLight.process(AbstractProcessorLight.java:65) ~[tomcat-embed-core-9.0.41.jar!/:9.0.41]
	at org.apache.coyote.AbstractProtocol$ConnectionHandler.process(AbstractProtocol.java:888) ~[tomcat-embed-core-9.0.41.jar!/:9.0.41]
	at org.apache.tomcat.util.net.NioEndpoint$SocketProcessor.doRun(NioEndpoint.java:1597) ~[tomcat-embed-core-9.0.41.jar!/:9.0.41]
	at org.apache.tomcat.util.net.SocketProcessorBase.run(SocketProcessorBase.java:49) ~[tomcat-embed-core-9.0.41.jar!/:9.0.41]
	at java.base/java.util.concurrent.ThreadPoolExecutor.runWorker(ThreadPoolExecutor.java:1144) ~[na:na]
	at java.base/java.util.concurrent.ThreadPoolExecutor$Worker.run(ThreadPoolExecutor.java:642) ~[na:na]
	at org.apache.tomcat.util.threads.TaskThread$WrappingRunnable.run(TaskThread.java:61) ~[tomcat-embed-core-9.0.41.jar!/:9.0.41]
	at java.base/java.lang.Thread.run(Thread.java:1583) ~[na:na]

2026-06-26 00:13:37.595 ERROR 12528 --- [0.0-9090-exec-7] o.a.c.c.C.[.[.[/].[dispatcherServlet]    : Servlet.service() for servlet [dispatcherServlet] in context with path [] threw exception [Request processing failed; nested exception is cn.hutool.core.io.IORuntimeException: File not exist: D:\二手交易平台\upload\files\95c1d9237c6540ddae0bcc5b90db1503.png] with root cause

cn.hutool.core.io.IORuntimeException: File not exist: D:\二手交易平台\upload\files\95c1d9237c6540ddae0bcc5b90db1503.png
	at cn.hutool.core.io.file.FileReader.checkFile(FileReader.java:300) ~[hutool-all-5.7.20.jar!/:na]
	at cn.hutool.core.io.file.FileReader.<init>(FileReader.java:57) ~[hutool-all-5.7.20.jar!/:na]
	at cn.hutool.core.io.file.FileReader.<init>(FileReader.java:93) ~[hutool-all-5.7.20.jar!/:na]
	at cn.hutool.core.io.file.FileReader.create(FileReader.java:46) ~[hutool-all-5.7.20.jar!/:na]
	at cn.hutool.core.io.FileUtil.readBytes(FileUtil.java:1878) ~[hutool-all-5.7.20.jar!/:na]
	at com.example.collegesecondhand_springboot.module.file.controller.FileController.download(FileController.java:80) ~[classes!/:na]
	at java.base/jdk.internal.reflect.DirectMethodHandleAccessor.invoke(DirectMethodHandleAccessor.java:103) ~[na:na]
	at java.base/java.lang.reflect.Method.invoke(Method.java:580) ~[na:na]
	at org.springframework.web.method.support.InvocableHandlerMethod.doInvoke(InvocableHandlerMethod.java:190) ~[spring-web-5.2.12.RELEASE.jar!/:5.2.12.RELEASE]
	at org.springframework.web.method.support.InvocableHandlerMethod.invokeForRequest(InvocableHandlerMethod.java:138) ~[spring-web-5.2.12.RELEASE.jar!/:5.2.12.RELEASE]
	at org.springframework.web.servlet.mvc.method.annotation.ServletInvocableHandlerMethod.invokeAndHandle(ServletInvocableHandlerMethod.java:105) ~[spring-webmvc-5.2.12.RELEASE.jar!/:5.2.12.RELEASE]
	at org.springframework.web.servlet.mvc.method.annotation.RequestMappingHandlerAdapter.invokeHandlerMethod(RequestMappingHandlerAdapter.java:878) ~[spring-webmvc-5.2.12.RELEASE.jar!/:5.2.12.RELEASE]
	at org.springframework.web.servlet.mvc.method.annotation.RequestMappingHandlerAdapter.handleInternal(RequestMappingHandlerAdapter.java:792) ~[spring-webmvc-5.2.12.RELEASE.jar!/:5.2.12.RELEASE]
	at org.springframework.web.servlet.mvc.method.AbstractHandlerMethodAdapter.handle(AbstractHandlerMethodAdapter.java:87) ~[spring-webmvc-5.2.12.RELEASE.jar!/:5.2.12.RELEASE]
	at org.springframework.web.servlet.DispatcherServlet.doDispatch(DispatcherServlet.java:1040) ~[spring-webmvc-5.2.12.RELEASE.jar!/:5.2.12.RELEASE]
	at org.springframework.web.servlet.DispatcherServlet.doService(DispatcherServlet.java:943) ~[spring-webmvc-5.2.12.RELEASE.jar!/:5.2.12.RELEASE]
	at org.springframework.web.servlet.FrameworkServlet.processRequest(FrameworkServlet.java:1006) ~[spring-webmvc-5.2.12.RELEASE.jar!/:5.2.12.RELEASE]
	at org.springframework.web.servlet.FrameworkServlet.doGet(FrameworkServlet.java:898) ~[spring-webmvc-5.2.12.RELEASE.jar!/:5.2.12.RELEASE]
	at javax.servlet.http.HttpServlet.service(HttpServlet.java:626) ~[tomcat-embed-core-9.0.41.jar!/:4.0.FR]
	at org.springframework.web.servlet.FrameworkServlet.service(FrameworkServlet.java:883) ~[spring-webmvc-5.2.12.RELEASE.jar!/:5.2.12.RELEASE]
	at javax.servlet.http.HttpServlet.service(HttpServlet.java:733) ~[tomcat-embed-core-9.0.41.jar!/:4.0.FR]
	at org.apache.catalina.core.ApplicationFilterChain.internalDoFilter(ApplicationFilterChain.java:231) ~[tomcat-embed-core-9.0.41.jar!/:9.0.41]
	at org.apache.catalina.core.ApplicationFilterChain.doFilter(ApplicationFilterChain.java:166) ~[tomcat-embed-core-9.0.41.jar!/:9.0.41]
	at org.apache.tomcat.websocket.server.WsFilter.doFilter(WsFilter.java:53) ~[tomcat-embed-websocket-9.0.41.jar!/:9.0.41]
	at org.apache.catalina.core.ApplicationFilterChain.internalDoFilter(ApplicationFilterChain.java:193) ~[tomcat-embed-core-9.0.41.jar!/:9.0.41]
	at org.apache.catalina.core.ApplicationFilterChain.doFilter(ApplicationFilterChain.java:166) ~[tomcat-embed-core-9.0.41.jar!/:9.0.41]
	at org.springframework.web.filter.CorsFilter.doFilterInternal(CorsFilter.java:92) ~[spring-web-5.2.12.RELEASE.jar!/:5.2.12.RELEASE]
	at org.springframework.web.filter.OncePerRequestFilter.doFilter(OncePerRequestFilter.java:119) ~[spring-web-5.2.12.RELEASE.jar!/:5.2.12.RELEASE]
	at org.apache.catalina.core.ApplicationFilterChain.internalDoFilter(ApplicationFilterChain.java:193) ~[tomcat-embed-core-9.0.41.jar!/:9.0.41]
	at org.apache.catalina.core.ApplicationFilterChain.doFilter(ApplicationFilterChain.java:166) ~[tomcat-embed-core-9.0.41.jar!/:9.0.41]
	at org.springframework.web.filter.RequestContextFilter.doFilterInternal(RequestContextFilter.java:100) ~[spring-web-5.2.12.RELEASE.jar!/:5.2.12.RELEASE]
	at org.springframework.web.filter.OncePerRequestFilter.doFilter(OncePerRequestFilter.java:119) ~[spring-web-5.2.12.RELEASE.jar!/:5.2.12.RELEASE]
	at org.apache.catalina.core.ApplicationFilterChain.internalDoFilter(ApplicationFilterChain.java:193) ~[tomcat-embed-core-9.0.41.jar!/:9.0.41]
	at org.apache.catalina.core.ApplicationFilterChain.doFilter(ApplicationFilterChain.java:166) ~[tomcat-embed-core-9.0.41.jar!/:9.0.41]
	at org.springframework.web.filter.FormContentFilter.doFilterInternal(FormContentFilter.java:93) ~[spring-web-5.2.12.RELEASE.jar!/:5.2.12.RELEASE]
	at org.springframework.web.filter.OncePerRequestFilter.doFilter(OncePerRequestFilter.java:119) ~[spring-web-5.2.12.RELEASE.jar!/:5.2.12.RELEASE]
	at org.apache.catalina.core.ApplicationFilterChain.internalDoFilter(ApplicationFilterChain.java:193) ~[tomcat-embed-core-9.0.41.jar!/:9.0.41]
	at org.apache.catalina.core.ApplicationFilterChain.doFilter(ApplicationFilterChain.java:166) ~[tomcat-embed-core-9.0.41.jar!/:9.0.41]
	at org.springframework.web.filter.CharacterEncodingFilter.doFilterInternal(CharacterEncodingFilter.java:201) ~[spring-web-5.2.12.RELEASE.jar!/:5.2.12.RELEASE]
	at org.springframework.web.filter.OncePerRequestFilter.doFilter(OncePerRequestFilter.java:119) ~[spring-web-5.2.12.RELEASE.jar!/:5.2.12.RELEASE]
	at org.apache.catalina.core.ApplicationFilterChain.internalDoFilter(ApplicationFilterChain.java:193) ~[tomcat-embed-core-9.0.41.jar!/:9.0.41]
	at org.apache.catalina.core.ApplicationFilterChain.doFilter(ApplicationFilterChain.java:166) ~[tomcat-embed-core-9.0.41.jar!/:9.0.41]
	at org.apache.catalina.core.StandardWrapperValve.invoke(StandardWrapperValve.java:202) ~[tomcat-embed-core-9.0.41.jar!/:9.0.41]
	at org.apache.catalina.core.StandardContextValve.invoke(StandardContextValve.java:97) ~[tomcat-embed-core-9.0.41.jar!/:9.0.41]
	at org.apache.catalina.authenticator.AuthenticatorBase.invoke(AuthenticatorBase.java:542) ~[tomcat-embed-core-9.0.41.jar!/:9.0.41]
	at org.apache.catalina.core.StandardHostValve.invoke(StandardHostValve.java:143) ~[tomcat-embed-core-9.0.41.jar!/:9.0.41]
	at org.apache.catalina.valves.ErrorReportValve.invoke(ErrorReportValve.java:92) ~[tomcat-embed-core-9.0.41.jar!/:9.0.41]
	at org.apache.catalina.core.StandardEngineValve.invoke(StandardEngineValve.java:78) ~[tomcat-embed-core-9.0.41.jar!/:9.0.41]
	at org.apache.catalina.connector.CoyoteAdapter.service(CoyoteAdapter.java:343) ~[tomcat-embed-core-9.0.41.jar!/:9.0.41]
	at org.apache.coyote.http11.Http11Processor.service(Http11Processor.java:374) ~[tomcat-embed-core-9.0.41.jar!/:9.0.41]
	at org.apache.coyote.AbstractProcessorLight.process(AbstractProcessorLight.java:65) ~[tomcat-embed-core-9.0.41.jar!/:9.0.41]
	at org.apache.coyote.AbstractProtocol$ConnectionHandler.process(AbstractProtocol.java:888) ~[tomcat-embed-core-9.0.41.jar!/:9.0.41]
	at org.apache.tomcat.util.net.NioEndpoint$SocketProcessor.doRun(NioEndpoint.java:1597) ~[tomcat-embed-core-9.0.41.jar!/:9.0.41]
	at org.apache.tomcat.util.net.SocketProcessorBase.run(SocketProcessorBase.java:49) ~[tomcat-embed-core-9.0.41.jar!/:9.0.41]
	at java.base/java.util.concurrent.ThreadPoolExecutor.runWorker(ThreadPoolExecutor.java:1144) ~[na:na]
	at java.base/java.util.concurrent.ThreadPoolExecutor$Worker.run(ThreadPoolExecutor.java:642) ~[na:na]
	at org.apache.tomcat.util.threads.TaskThread$WrappingRunnable.run(TaskThread.java:61) ~[tomcat-embed-core-9.0.41.jar!/:9.0.41]
	at java.base/java.lang.Thread.run(Thread.java:1583) ~[na:na]

2026-06-26 00:13:37.596 ERROR 12528 --- [0.0-9090-exec-2] o.a.c.c.C.[.[.[/].[dispatcherServlet]    : Servlet.service() for servlet [dispatcherServlet] in context with path [] threw exception [Request processing failed; nested exception is cn.hutool.core.io.IORuntimeException: File not exist: D:\二手交易平台\upload\files\a70a5b80e6d74822a078de0b85c8e3ce.jpg] with root cause

cn.hutool.core.io.IORuntimeException: File not exist: D:\二手交易平台\upload\files\a70a5b80e6d74822a078de0b85c8e3ce.jpg
	at cn.hutool.core.io.file.FileReader.checkFile(FileReader.java:300) ~[hutool-all-5.7.20.jar!/:na]
	at cn.hutool.core.io.file.FileReader.<init>(FileReader.java:57) ~[hutool-all-5.7.20.jar!/:na]
	at cn.hutool.core.io.file.FileReader.<init>(FileReader.java:93) ~[hutool-all-5.7.20.jar!/:na]
	at cn.hutool.core.io.file.FileReader.create(FileReader.java:46) ~[hutool-all-5.7.20.jar!/:na]
	at cn.hutool.core.io.FileUtil.readBytes(FileUtil.java:1878) ~[hutool-all-5.7.20.jar!/:na]
	at com.example.collegesecondhand_springboot.module.file.controller.FileController.download(FileController.java:80) ~[classes!/:na]
	at java.base/jdk.internal.reflect.DirectMethodHandleAccessor.invoke(DirectMethodHandleAccessor.java:103) ~[na:na]
	at java.base/java.lang.reflect.Method.invoke(Method.java:580) ~[na:na]
	at org.springframework.web.method.support.InvocableHandlerMethod.doInvoke(InvocableHandlerMethod.java:190) ~[spring-web-5.2.12.RELEASE.jar!/:5.2.12.RELEASE]
	at org.springframework.web.method.support.InvocableHandlerMethod.invokeForRequest(InvocableHandlerMethod.java:138) ~[spring-web-5.2.12.RELEASE.jar!/:5.2.12.RELEASE]
	at org.springframework.web.servlet.mvc.method.annotation.ServletInvocableHandlerMethod.invokeAndHandle(ServletInvocableHandlerMethod.java:105) ~[spring-webmvc-5.2.12.RELEASE.jar!/:5.2.12.RELEASE]
	at org.springframework.web.servlet.mvc.method.annotation.RequestMappingHandlerAdapter.invokeHandlerMethod(RequestMappingHandlerAdapter.java:878) ~[spring-webmvc-5.2.12.RELEASE.jar!/:5.2.12.RELEASE]
	at org.springframework.web.servlet.mvc.method.annotation.RequestMappingHandlerAdapter.handleInternal(RequestMappingHandlerAdapter.java:792) ~[spring-webmvc-5.2.12.RELEASE.jar!/:5.2.12.RELEASE]
	at org.springframework.web.servlet.mvc.method.AbstractHandlerMethodAdapter.handle(AbstractHandlerMethodAdapter.java:87) ~[spring-webmvc-5.2.12.RELEASE.jar!/:5.2.12.RELEASE]
	at org.springframework.web.servlet.DispatcherServlet.doDispatch(DispatcherServlet.java:1040) ~[spring-webmvc-5.2.12.RELEASE.jar!/:5.2.12.RELEASE]
	at org.springframework.web.servlet.DispatcherServlet.doService(DispatcherServlet.java:943) ~[spring-webmvc-5.2.12.RELEASE.jar!/:5.2.12.RELEASE]
	at org.springframework.web.servlet.FrameworkServlet.processRequest(FrameworkServlet.java:1006) ~[spring-webmvc-5.2.12.RELEASE.jar!/:5.2.12.RELEASE]
	at org.springframework.web.servlet.FrameworkServlet.doGet(FrameworkServlet.java:898) ~[spring-webmvc-5.2.12.RELEASE.jar!/:5.2.12.RELEASE]
	at javax.servlet.http.HttpServlet.service(HttpServlet.java:626) ~[tomcat-embed-core-9.0.41.jar!/:4.0.FR]
	at org.springframework.web.servlet.FrameworkServlet.service(FrameworkServlet.java:883) ~[spring-webmvc-5.2.12.RELEASE.jar!/:5.2.12.RELEASE]
	at javax.servlet.http.HttpServlet.service(HttpServlet.java:733) ~[tomcat-embed-core-9.0.41.jar!/:4.0.FR]
	at org.apache.catalina.core.ApplicationFilterChain.internalDoFilter(ApplicationFilterChain.java:231) ~[tomcat-embed-core-9.0.41.jar!/:9.0.41]
	at org.apache.catalina.core.ApplicationFilterChain.doFilter(ApplicationFilterChain.java:166) ~[tomcat-embed-core-9.0.41.jar!/:9.0.41]
	at org.apache.tomcat.websocket.server.WsFilter.doFilter(WsFilter.java:53) ~[tomcat-embed-websocket-9.0.41.jar!/:9.0.41]
	at org.apache.catalina.core.ApplicationFilterChain.internalDoFilter(ApplicationFilterChain.java:193) ~[tomcat-embed-core-9.0.41.jar!/:9.0.41]
	at org.apache.catalina.core.ApplicationFilterChain.doFilter(ApplicationFilterChain.java:166) ~[tomcat-embed-core-9.0.41.jar!/:9.0.41]
	at org.springframework.web.filter.CorsFilter.doFilterInternal(CorsFilter.java:92) ~[spring-web-5.2.12.RELEASE.jar!/:5.2.12.RELEASE]
	at org.springframework.web.filter.OncePerRequestFilter.doFilter(OncePerRequestFilter.java:119) ~[spring-web-5.2.12.RELEASE.jar!/:5.2.12.RELEASE]
	at org.apache.catalina.core.ApplicationFilterChain.internalDoFilter(ApplicationFilterChain.java:193) ~[tomcat-embed-core-9.0.41.jar!/:9.0.41]
	at org.apache.catalina.core.ApplicationFilterChain.doFilter(ApplicationFilterChain.java:166) ~[tomcat-embed-core-9.0.41.jar!/:9.0.41]
	at org.springframework.web.filter.RequestContextFilter.doFilterInternal(RequestContextFilter.java:100) ~[spring-web-5.2.12.RELEASE.jar!/:5.2.12.RELEASE]
	at org.springframework.web.filter.OncePerRequestFilter.doFilter(OncePerRequestFilter.java:119) ~[spring-web-5.2.12.RELEASE.jar!/:5.2.12.RELEASE]
	at org.apache.catalina.core.ApplicationFilterChain.internalDoFilter(ApplicationFilterChain.java:193) ~[tomcat-embed-core-9.0.41.jar!/:9.0.41]
	at org.apache.catalina.core.ApplicationFilterChain.doFilter(ApplicationFilterChain.java:166) ~[tomcat-embed-core-9.0.41.jar!/:9.0.41]
	at org.springframework.web.filter.FormContentFilter.doFilterInternal(FormContentFilter.java:93) ~[spring-web-5.2.12.RELEASE.jar!/:5.2.12.RELEASE]
	at org.springframework.web.filter.OncePerRequestFilter.doFilter(OncePerRequestFilter.java:119) ~[spring-web-5.2.12.RELEASE.jar!/:5.2.12.RELEASE]
	at org.apache.catalina.core.ApplicationFilterChain.internalDoFilter(ApplicationFilterChain.java:193) ~[tomcat-embed-core-9.0.41.jar!/:9.0.41]
	at org.apache.catalina.core.ApplicationFilterChain.doFilter(ApplicationFilterChain.java:166) ~[tomcat-embed-core-9.0.41.jar!/:9.0.41]
	at org.springframework.web.filter.CharacterEncodingFilter.doFilterInternal(CharacterEncodingFilter.java:201) ~[spring-web-5.2.12.RELEASE.jar!/:5.2.12.RELEASE]
	at org.springframework.web.filter.OncePerRequestFilter.doFilter(OncePerRequestFilter.java:119) ~[spring-web-5.2.12.RELEASE.jar!/:5.2.12.RELEASE]
	at org.apache.catalina.core.ApplicationFilterChain.internalDoFilter(ApplicationFilterChain.java:193) ~[tomcat-embed-core-9.0.41.jar!/:9.0.41]
	at org.apache.catalina.core.ApplicationFilterChain.doFilter(ApplicationFilterChain.java:166) ~[tomcat-embed-core-9.0.41.jar!/:9.0.41]
	at org.apache.catalina.core.StandardWrapperValve.invoke(StandardWrapperValve.java:202) ~[tomcat-embed-core-9.0.41.jar!/:9.0.41]
	at org.apache.catalina.core.StandardContextValve.invoke(StandardContextValve.java:97) ~[tomcat-embed-core-9.0.41.jar!/:9.0.41]
	at org.apache.catalina.authenticator.AuthenticatorBase.invoke(AuthenticatorBase.java:542) ~[tomcat-embed-core-9.0.41.jar!/:9.0.41]
	at org.apache.catalina.core.StandardHostValve.invoke(StandardHostValve.java:143) ~[tomcat-embed-core-9.0.41.jar!/:9.0.41]
	at org.apache.catalina.valves.ErrorReportValve.invoke(ErrorReportValve.java:92) ~[tomcat-embed-core-9.0.41.jar!/:9.0.41]
	at org.apache.catalina.core.StandardEngineValve.invoke(StandardEngineValve.java:78) ~[tomcat-embed-core-9.0.41.jar!/:9.0.41]
	at org.apache.catalina.connector.CoyoteAdapter.service(CoyoteAdapter.java:343) ~[tomcat-embed-core-9.0.41.jar!/:9.0.41]
	at org.apache.coyote.http11.Http11Processor.service(Http11Processor.java:374) ~[tomcat-embed-core-9.0.41.jar!/:9.0.41]
	at org.apache.coyote.AbstractProcessorLight.process(AbstractProcessorLight.java:65) ~[tomcat-embed-core-9.0.41.jar!/:9.0.41]
	at org.apache.coyote.AbstractProtocol$ConnectionHandler.process(AbstractProtocol.java:888) ~[tomcat-embed-core-9.0.41.jar!/:9.0.41]
	at org.apache.tomcat.util.net.NioEndpoint$SocketProcessor.doRun(NioEndpoint.java:1597) ~[tomcat-embed-core-9.0.41.jar!/:9.0.41]
	at org.apache.tomcat.util.net.SocketProcessorBase.run(SocketProcessorBase.java:49) ~[tomcat-embed-core-9.0.41.jar!/:9.0.41]
	at java.base/java.util.concurrent.ThreadPoolExecutor.runWorker(ThreadPoolExecutor.java:1144) ~[na:na]
	at java.base/java.util.concurrent.ThreadPoolExecutor$Worker.run(ThreadPoolExecutor.java:642) ~[na:na]
	at org.apache.tomcat.util.threads.TaskThread$WrappingRunnable.run(TaskThread.java:61) ~[tomcat-embed-core-9.0.41.jar!/:9.0.41]
	at java.base/java.lang.Thread.run(Thread.java:1583) ~[na:na]

2026-06-26 00:14:04.559 ERROR 12528 --- [0.0-9090-exec-6] o.a.c.c.C.[.[.[/].[dispatcherServlet]    : Servlet.service() for servlet [dispatcherServlet] in context with path [] threw exception [Request processing failed; nested exception is cn.hutool.core.io.IORuntimeException: File not exist: D:\二手交易平台\upload\files\1aa12ee1c4304aab82a2793639cdf82d.jpg] with root cause

cn.hutool.core.io.IORuntimeException: File not exist: D:\二手交易平台\upload\files\1aa12ee1c4304aab82a2793639cdf82d.jpg
	at cn.hutool.core.io.file.FileReader.checkFile(FileReader.java:300) ~[hutool-all-5.7.20.jar!/:na]
	at cn.hutool.core.io.file.FileReader.<init>(FileReader.java:57) ~[hutool-all-5.7.20.jar!/:na]
	at cn.hutool.core.io.file.FileReader.<init>(FileReader.java:93) ~[hutool-all-5.7.20.jar!/:na]
	at cn.hutool.core.io.file.FileReader.create(FileReader.java:46) ~[hutool-all-5.7.20.jar!/:na]
	at cn.hutool.core.io.FileUtil.readBytes(FileUtil.java:1878) ~[hutool-all-5.7.20.jar!/:na]
	at com.example.collegesecondhand_springboot.module.file.controller.FileController.download(FileController.java:80) ~[classes!/:na]
	at java.base/jdk.internal.reflect.DirectMethodHandleAccessor.invoke(DirectMethodHandleAccessor.java:103) ~[na:na]
	at java.base/java.lang.reflect.Method.invoke(Method.java:580) ~[na:na]
	at org.springframework.web.method.support.InvocableHandlerMethod.doInvoke(InvocableHandlerMethod.java:190) ~[spring-web-5.2.12.RELEASE.jar!/:5.2.12.RELEASE]
	at org.springframework.web.method.support.InvocableHandlerMethod.invokeForRequest(InvocableHandlerMethod.java:138) ~[spring-web-5.2.12.RELEASE.jar!/:5.2.12.RELEASE]
	at org.springframework.web.servlet.mvc.method.annotation.ServletInvocableHandlerMethod.invokeAndHandle(ServletInvocableHandlerMethod.java:105) ~[spring-webmvc-5.2.12.RELEASE.jar!/:5.2.12.RELEASE]
	at org.springframework.web.servlet.mvc.method.annotation.RequestMappingHandlerAdapter.invokeHandlerMethod(RequestMappingHandlerAdapter.java:878) ~[spring-webmvc-5.2.12.RELEASE.jar!/:5.2.12.RELEASE]
	at org.springframework.web.servlet.mvc.method.annotation.RequestMappingHandlerAdapter.handleInternal(RequestMappingHandlerAdapter.java:792) ~[spring-webmvc-5.2.12.RELEASE.jar!/:5.2.12.RELEASE]
	at org.springframework.web.servlet.mvc.method.AbstractHandlerMethodAdapter.handle(AbstractHandlerMethodAdapter.java:87) ~[spring-webmvc-5.2.12.RELEASE.jar!/:5.2.12.RELEASE]
	at org.springframework.web.servlet.DispatcherServlet.doDispatch(DispatcherServlet.java:1040) ~[spring-webmvc-5.2.12.RELEASE.jar!/:5.2.12.RELEASE]
	at org.springframework.web.servlet.DispatcherServlet.doService(DispatcherServlet.java:943) ~[spring-webmvc-5.2.12.RELEASE.jar!/:5.2.12.RELEASE]
	at org.springframework.web.servlet.FrameworkServlet.processRequest(FrameworkServlet.java:1006) ~[spring-webmvc-5.2.12.RELEASE.jar!/:5.2.12.RELEASE]
	at org.springframework.web.servlet.FrameworkServlet.doGet(FrameworkServlet.java:898) ~[spring-webmvc-5.2.12.RELEASE.jar!/:5.2.12.RELEASE]
	at javax.servlet.http.HttpServlet.service(HttpServlet.java:626) ~[tomcat-embed-core-9.0.41.jar!/:4.0.FR]
	at org.springframework.web.servlet.FrameworkServlet.service(FrameworkServlet.java:883) ~[spring-webmvc-5.2.12.RELEASE.jar!/:5.2.12.RELEASE]
	at javax.servlet.http.HttpServlet.service(HttpServlet.java:733) ~[tomcat-embed-core-9.0.41.jar!/:4.0.FR]
	at org.apache.catalina.core.ApplicationFilterChain.internalDoFilter(ApplicationFilterChain.java:231) ~[tomcat-embed-core-9.0.41.jar!/:9.0.41]
	at org.apache.catalina.core.ApplicationFilterChain.doFilter(ApplicationFilterChain.java:166) ~[tomcat-embed-core-9.0.41.jar!/:9.0.41]
	at org.apache.tomcat.websocket.server.WsFilter.doFilter(WsFilter.java:53) ~[tomcat-embed-websocket-9.0.41.jar!/:9.0.41]
	at org.apache.catalina.core.ApplicationFilterChain.internalDoFilter(ApplicationFilterChain.java:193) ~[tomcat-embed-core-9.0.41.jar!/:9.0.41]
	at org.apache.catalina.core.ApplicationFilterChain.doFilter(ApplicationFilterChain.java:166) ~[tomcat-embed-core-9.0.41.jar!/:9.0.41]
	at org.springframework.web.filter.CorsFilter.doFilterInternal(CorsFilter.java:92) ~[spring-web-5.2.12.RELEASE.jar!/:5.2.12.RELEASE]
	at org.springframework.web.filter.OncePerRequestFilter.doFilter(OncePerRequestFilter.java:119) ~[spring-web-5.2.12.RELEASE.jar!/:5.2.12.RELEASE]
	at org.apache.catalina.core.ApplicationFilterChain.internalDoFilter(ApplicationFilterChain.java:193) ~[tomcat-embed-core-9.0.41.jar!/:9.0.41]
	at org.apache.catalina.core.ApplicationFilterChain.doFilter(ApplicationFilterChain.java:166) ~[tomcat-embed-core-9.0.41.jar!/:9.0.41]
	at org.springframework.web.filter.RequestContextFilter.doFilterInternal(RequestContextFilter.java:100) ~[spring-web-5.2.12.RELEASE.jar!/:5.2.12.RELEASE]
	at org.springframework.web.filter.OncePerRequestFilter.doFilter(OncePerRequestFilter.java:119) ~[spring-web-5.2.12.RELEASE.jar!/:5.2.12.RELEASE]
	at org.apache.catalina.core.ApplicationFilterChain.internalDoFilter(ApplicationFilterChain.java:193) ~[tomcat-embed-core-9.0.41.jar!/:9.0.41]
	at org.apache.catalina.core.ApplicationFilterChain.doFilter(ApplicationFilterChain.java:166) ~[tomcat-embed-core-9.0.41.jar!/:9.0.41]
	at org.springframework.web.filter.FormContentFilter.doFilterInternal(FormContentFilter.java:93) ~[spring-web-5.2.12.RELEASE.jar!/:5.2.12.RELEASE]
	at org.springframework.web.filter.OncePerRequestFilter.doFilter(OncePerRequestFilter.java:119) ~[spring-web-5.2.12.RELEASE.jar!/:5.2.12.RELEASE]
	at org.apache.catalina.core.ApplicationFilterChain.internalDoFilter(ApplicationFilterChain.java:193) ~[tomcat-embed-core-9.0.41.jar!/:9.0.41]
	at org.apache.catalina.core.ApplicationFilterChain.doFilter(ApplicationFilterChain.java:166) ~[tomcat-embed-core-9.0.41.jar!/:9.0.41]
	at org.springframework.web.filter.CharacterEncodingFilter.doFilterInternal(CharacterEncodingFilter.java:201) ~[spring-web-5.2.12.RELEASE.jar!/:5.2.12.RELEASE]
	at org.springframework.web.filter.OncePerRequestFilter.doFilter(OncePerRequestFilter.java:119) ~[spring-web-5.2.12.RELEASE.jar!/:5.2.12.RELEASE]
	at org.apache.catalina.core.ApplicationFilterChain.internalDoFilter(ApplicationFilterChain.java:193) ~[tomcat-embed-core-9.0.41.jar!/:9.0.41]
	at org.apache.catalina.core.ApplicationFilterChain.doFilter(ApplicationFilterChain.java:166) ~[tomcat-embed-core-9.0.41.jar!/:9.0.41]
	at org.apache.catalina.core.StandardWrapperValve.invoke(StandardWrapperValve.java:202) ~[tomcat-embed-core-9.0.41.jar!/:9.0.41]
	at org.apache.catalina.core.StandardContextValve.invoke(StandardContextValve.java:97) ~[tomcat-embed-core-9.0.41.jar!/:9.0.41]
	at org.apache.catalina.authenticator.AuthenticatorBase.invoke(AuthenticatorBase.java:542) ~[tomcat-embed-core-9.0.41.jar!/:9.0.41]
	at org.apache.catalina.core.StandardHostValve.invoke(StandardHostValve.java:143) ~[tomcat-embed-core-9.0.41.jar!/:9.0.41]
	at org.apache.catalina.valves.ErrorReportValve.invoke(ErrorReportValve.java:92) ~[tomcat-embed-core-9.0.41.jar!/:9.0.41]
	at org.apache.catalina.core.StandardEngineValve.invoke(StandardEngineValve.java:78) ~[tomcat-embed-core-9.0.41.jar!/:9.0.41]
	at org.apache.catalina.connector.CoyoteAdapter.service(CoyoteAdapter.java:343) ~[tomcat-embed-core-9.0.41.jar!/:9.0.41]
	at org.apache.coyote.http11.Http11Processor.service(Http11Processor.java:374) ~[tomcat-embed-core-9.0.41.jar!/:9.0.41]
	at org.apache.coyote.AbstractProcessorLight.process(AbstractProcessorLight.java:65) ~[tomcat-embed-core-9.0.41.jar!/:9.0.41]
	at org.apache.coyote.AbstractProtocol$ConnectionHandler.process(AbstractProtocol.java:888) ~[tomcat-embed-core-9.0.41.jar!/:9.0.41]
	at org.apache.tomcat.util.net.NioEndpoint$SocketProcessor.doRun(NioEndpoint.java:1597) ~[tomcat-embed-core-9.0.41.jar!/:9.0.41]
	at org.apache.tomcat.util.net.SocketProcessorBase.run(SocketProcessorBase.java:49) ~[tomcat-embed-core-9.0.41.jar!/:9.0.41]
	at java.base/java.util.concurrent.ThreadPoolExecutor.runWorker(ThreadPoolExecutor.java:1144) ~[na:na]
	at java.base/java.util.concurrent.ThreadPoolExecutor$Worker.run(ThreadPoolExecutor.java:642) ~[na:na]
	at org.apache.tomcat.util.threads.TaskThread$WrappingRunnable.run(TaskThread.java:61) ~[tomcat-embed-core-9.0.41.jar!/:9.0.41]
	at java.base/java.lang.Thread.run(Thread.java:1583) ~[na:na]

2026-06-26 00:14:04.559 ERROR 12528 --- [0.0-9090-exec-5] o.a.c.c.C.[.[.[/].[dispatcherServlet]    : Servlet.service() for servlet [dispatcherServlet] in context with path [] threw exception [Request processing failed; nested exception is cn.hutool.core.io.IORuntimeException: File not exist: D:\二手交易平台\upload\files\ee848cfa7b6146ddb41d91992e11a2b0.jpg] with root cause

cn.hutool.core.io.IORuntimeException: File not exist: D:\二手交易平台\upload\files\ee848cfa7b6146ddb41d91992e11a2b0.jpg
	at cn.hutool.core.io.file.FileReader.checkFile(FileReader.java:300) ~[hutool-all-5.7.20.jar!/:na]
	at cn.hutool.core.io.file.FileReader.<init>(FileReader.java:57) ~[hutool-all-5.7.20.jar!/:na]
	at cn.hutool.core.io.file.FileReader.<init>(FileReader.java:93) ~[hutool-all-5.7.20.jar!/:na]
	at cn.hutool.core.io.file.FileReader.create(FileReader.java:46) ~[hutool-all-5.7.20.jar!/:na]
	at cn.hutool.core.io.FileUtil.readBytes(FileUtil.java:1878) ~[hutool-all-5.7.20.jar!/:na]
	at com.example.collegesecondhand_springboot.module.file.controller.FileController.download(FileController.java:80) ~[classes!/:na]
	at java.base/jdk.internal.reflect.DirectMethodHandleAccessor.invoke(DirectMethodHandleAccessor.java:103) ~[na:na]
	at java.base/java.lang.reflect.Method.invoke(Method.java:580) ~[na:na]
	at org.springframework.web.method.support.InvocableHandlerMethod.doInvoke(InvocableHandlerMethod.java:190) ~[spring-web-5.2.12.RELEASE.jar!/:5.2.12.RELEASE]
	at org.springframework.web.method.support.InvocableHandlerMethod.invokeForRequest(InvocableHandlerMethod.java:138) ~[spring-web-5.2.12.RELEASE.jar!/:5.2.12.RELEASE]
	at org.springframework.web.servlet.mvc.method.annotation.ServletInvocableHandlerMethod.invokeAndHandle(ServletInvocableHandlerMethod.java:105) ~[spring-webmvc-5.2.12.RELEASE.jar!/:5.2.12.RELEASE]
	at org.springframework.web.servlet.mvc.method.annotation.RequestMappingHandlerAdapter.invokeHandlerMethod(RequestMappingHandlerAdapter.java:878) ~[spring-webmvc-5.2.12.RELEASE.jar!/:5.2.12.RELEASE]
	at org.springframework.web.servlet.mvc.method.annotation.RequestMappingHandlerAdapter.handleInternal(RequestMappingHandlerAdapter.java:792) ~[spring-webmvc-5.2.12.RELEASE.jar!/:5.2.12.RELEASE]
	at org.springframework.web.servlet.mvc.method.AbstractHandlerMethodAdapter.handle(AbstractHandlerMethodAdapter.java:87) ~[spring-webmvc-5.2.12.RELEASE.jar!/:5.2.12.RELEASE]
	at org.springframework.web.servlet.DispatcherServlet.doDispatch(DispatcherServlet.java:1040) ~[spring-webmvc-5.2.12.RELEASE.jar!/:5.2.12.RELEASE]
	at org.springframework.web.servlet.DispatcherServlet.doService(DispatcherServlet.java:943) ~[spring-webmvc-5.2.12.RELEASE.jar!/:5.2.12.RELEASE]
	at org.springframework.web.servlet.FrameworkServlet.processRequest(FrameworkServlet.java:1006) ~[spring-webmvc-5.2.12.RELEASE.jar!/:5.2.12.RELEASE]
	at org.springframework.web.servlet.FrameworkServlet.doGet(FrameworkServlet.java:898) ~[spring-webmvc-5.2.12.RELEASE.jar!/:5.2.12.RELEASE]
	at javax.servlet.http.HttpServlet.service(HttpServlet.java:626) ~[tomcat-embed-core-9.0.41.jar!/:4.0.FR]
	at org.springframework.web.servlet.FrameworkServlet.service(FrameworkServlet.java:883) ~[spring-webmvc-5.2.12.RELEASE.jar!/:5.2.12.RELEASE]
	at javax.servlet.http.HttpServlet.service(HttpServlet.java:733) ~[tomcat-embed-core-9.0.41.jar!/:4.0.FR]
	at org.apache.catalina.core.ApplicationFilterChain.internalDoFilter(ApplicationFilterChain.java:231) ~[tomcat-embed-core-9.0.41.jar!/:9.0.41]
	at org.apache.catalina.core.ApplicationFilterChain.doFilter(ApplicationFilterChain.java:166) ~[tomcat-embed-core-9.0.41.jar!/:9.0.41]
	at org.apache.tomcat.websocket.server.WsFilter.doFilter(WsFilter.java:53) ~[tomcat-embed-websocket-9.0.41.jar!/:9.0.41]
	at org.apache.catalina.core.ApplicationFilterChain.internalDoFilter(ApplicationFilterChain.java:193) ~[tomcat-embed-core-9.0.41.jar!/:9.0.41]
	at org.apache.catalina.core.ApplicationFilterChain.doFilter(ApplicationFilterChain.java:166) ~[tomcat-embed-core-9.0.41.jar!/:9.0.41]
	at org.springframework.web.filter.CorsFilter.doFilterInternal(CorsFilter.java:92) ~[spring-web-5.2.12.RELEASE.jar!/:5.2.12.RELEASE]
	at org.springframework.web.filter.OncePerRequestFilter.doFilter(OncePerRequestFilter.java:119) ~[spring-web-5.2.12.RELEASE.jar!/:5.2.12.RELEASE]
	at org.apache.catalina.core.ApplicationFilterChain.internalDoFilter(ApplicationFilterChain.java:193) ~[tomcat-embed-core-9.0.41.jar!/:9.0.41]
	at org.apache.catalina.core.ApplicationFilterChain.doFilter(ApplicationFilterChain.java:166) ~[tomcat-embed-core-9.0.41.jar!/:9.0.41]
	at org.springframework.web.filter.RequestContextFilter.doFilterInternal(RequestContextFilter.java:100) ~[spring-web-5.2.12.RELEASE.jar!/:5.2.12.RELEASE]
	at org.springframework.web.filter.OncePerRequestFilter.doFilter(OncePerRequestFilter.java:119) ~[spring-web-5.2.12.RELEASE.jar!/:5.2.12.RELEASE]
	at org.apache.catalina.core.ApplicationFilterChain.internalDoFilter(ApplicationFilterChain.java:193) ~[tomcat-embed-core-9.0.41.jar!/:9.0.41]
	at org.apache.catalina.core.ApplicationFilterChain.doFilter(ApplicationFilterChain.java:166) ~[tomcat-embed-core-9.0.41.jar!/:9.0.41]
	at org.springframework.web.filter.FormContentFilter.doFilterInternal(FormContentFilter.java:93) ~[spring-web-5.2.12.RELEASE.jar!/:5.2.12.RELEASE]
	at org.springframework.web.filter.OncePerRequestFilter.doFilter(OncePerRequestFilter.java:119) ~[spring-web-5.2.12.RELEASE.jar!/:5.2.12.RELEASE]
	at org.apache.catalina.core.ApplicationFilterChain.internalDoFilter(ApplicationFilterChain.java:193) ~[tomcat-embed-core-9.0.41.jar!/:9.0.41]
	at org.apache.catalina.core.ApplicationFilterChain.doFilter(ApplicationFilterChain.java:166) ~[tomcat-embed-core-9.0.41.jar!/:9.0.41]
	at org.springframework.web.filter.CharacterEncodingFilter.doFilterInternal(CharacterEncodingFilter.java:201) ~[spring-web-5.2.12.RELEASE.jar!/:5.2.12.RELEASE]
	at org.springframework.web.filter.OncePerRequestFilter.doFilter(OncePerRequestFilter.java:119) ~[spring-web-5.2.12.RELEASE.jar!/:5.2.12.RELEASE]
	at org.apache.catalina.core.ApplicationFilterChain.internalDoFilter(ApplicationFilterChain.java:193) ~[tomcat-embed-core-9.0.41.jar!/:9.0.41]
	at org.apache.catalina.core.ApplicationFilterChain.doFilter(ApplicationFilterChain.java:166) ~[tomcat-embed-core-9.0.41.jar!/:9.0.41]
	at org.apache.catalina.core.StandardWrapperValve.invoke(StandardWrapperValve.java:202) ~[tomcat-embed-core-9.0.41.jar!/:9.0.41]
	at org.apache.catalina.core.StandardContextValve.invoke(StandardContextValve.java:97) ~[tomcat-embed-core-9.0.41.jar!/:9.0.41]
	at org.apache.catalina.authenticator.AuthenticatorBase.invoke(AuthenticatorBase.java:542) ~[tomcat-embed-core-9.0.41.jar!/:9.0.41]
	at org.apache.catalina.core.StandardHostValve.invoke(StandardHostValve.java:143) ~[tomcat-embed-core-9.0.41.jar!/:9.0.41]
	at org.apache.catalina.valves.ErrorReportValve.invoke(ErrorReportValve.java:92) ~[tomcat-embed-core-9.0.41.jar!/:9.0.41]
	at org.apache.catalina.core.StandardEngineValve.invoke(StandardEngineValve.java:78) ~[tomcat-embed-core-9.0.41.jar!/:9.0.41]
	at org.apache.catalina.connector.CoyoteAdapter.service(CoyoteAdapter.java:343) ~[tomcat-embed-core-9.0.41.jar!/:9.0.41]
	at org.apache.coyote.http11.Http11Processor.service(Http11Processor.java:374) ~[tomcat-embed-core-9.0.41.jar!/:9.0.41]
	at org.apache.coyote.AbstractProcessorLight.process(AbstractProcessorLight.java:65) ~[tomcat-embed-core-9.0.41.jar!/:9.0.41]
	at org.apache.coyote.AbstractProtocol$ConnectionHandler.process(AbstractProtocol.java:888) ~[tomcat-embed-core-9.0.41.jar!/:9.0.41]
	at org.apache.tomcat.util.net.NioEndpoint$SocketProcessor.doRun(NioEndpoint.java:1597) ~[tomcat-embed-core-9.0.41.jar!/:9.0.41]
	at org.apache.tomcat.util.net.SocketProcessorBase.run(SocketProcessorBase.java:49) ~[tomcat-embed-core-9.0.41.jar!/:9.0.41]
	at java.base/java.util.concurrent.ThreadPoolExecutor.runWorker(ThreadPoolExecutor.java:1144) ~[na:na]
	at java.base/java.util.concurrent.ThreadPoolExecutor$Worker.run(ThreadPoolExecutor.java:642) ~[na:na]
	at org.apache.tomcat.util.threads.TaskThread$WrappingRunnable.run(TaskThread.java:61) ~[tomcat-embed-core-9.0.41.jar!/:9.0.41]
	at java.base/java.lang.Thread.run(Thread.java:1583) ~[na:na]

2026-06-26 00:14:04.559 ERROR 12528 --- [.0-9090-exec-10] o.a.c.c.C.[.[.[/].[dispatcherServlet]    : Servlet.service() for servlet [dispatcherServlet] in context with path [] threw exception [Request processing failed; nested exception is cn.hutool.core.io.IORuntimeException: File not exist: D:\二手交易平台\upload\files\95c1d9237c6540ddae0bcc5b90db1503.png] with root cause

cn.hutool.core.io.IORuntimeException: File not exist: D:\二手交易平台\upload\files\95c1d9237c6540ddae0bcc5b90db1503.png
	at cn.hutool.core.io.file.FileReader.checkFile(FileReader.java:300) ~[hutool-all-5.7.20.jar!/:na]
	at cn.hutool.core.io.file.FileReader.<init>(FileReader.java:57) ~[hutool-all-5.7.20.jar!/:na]
	at cn.hutool.core.io.file.FileReader.<init>(FileReader.java:93) ~[hutool-all-5.7.20.jar!/:na]
	at cn.hutool.core.io.file.FileReader.create(FileReader.java:46) ~[hutool-all-5.7.20.jar!/:na]
	at cn.hutool.core.io.FileUtil.readBytes(FileUtil.java:1878) ~[hutool-all-5.7.20.jar!/:na]
	at com.example.collegesecondhand_springboot.module.file.controller.FileController.download(FileController.java:80) ~[classes!/:na]
	at java.base/jdk.internal.reflect.DirectMethodHandleAccessor.invoke(DirectMethodHandleAccessor.java:103) ~[na:na]
	at java.base/java.lang.reflect.Method.invoke(Method.java:580) ~[na:na]
	at org.springframework.web.method.support.InvocableHandlerMethod.doInvoke(InvocableHandlerMethod.java:190) ~[spring-web-5.2.12.RELEASE.jar!/:5.2.12.RELEASE]
	at org.springframework.web.method.support.InvocableHandlerMethod.invokeForRequest(InvocableHandlerMethod.java:138) ~[spring-web-5.2.12.RELEASE.jar!/:5.2.12.RELEASE]
	at org.springframework.web.servlet.mvc.method.annotation.ServletInvocableHandlerMethod.invokeAndHandle(ServletInvocableHandlerMethod.java:105) ~[spring-webmvc-5.2.12.RELEASE.jar!/:5.2.12.RELEASE]
	at org.springframework.web.servlet.mvc.method.annotation.RequestMappingHandlerAdapter.invokeHandlerMethod(RequestMappingHandlerAdapter.java:878) ~[spring-webmvc-5.2.12.RELEASE.jar!/:5.2.12.RELEASE]
	at org.springframework.web.servlet.mvc.method.annotation.RequestMappingHandlerAdapter.handleInternal(RequestMappingHandlerAdapter.java:792) ~[spring-webmvc-5.2.12.RELEASE.jar!/:5.2.12.RELEASE]
	at org.springframework.web.servlet.mvc.method.AbstractHandlerMethodAdapter.handle(AbstractHandlerMethodAdapter.java:87) ~[spring-webmvc-5.2.12.RELEASE.jar!/:5.2.12.RELEASE]
	at org.springframework.web.servlet.DispatcherServlet.doDispatch(DispatcherServlet.java:1040) ~[spring-webmvc-5.2.12.RELEASE.jar!/:5.2.12.RELEASE]
	at org.springframework.web.servlet.DispatcherServlet.doService(DispatcherServlet.java:943) ~[spring-webmvc-5.2.12.RELEASE.jar!/:5.2.12.RELEASE]
	at org.springframework.web.servlet.FrameworkServlet.processRequest(FrameworkServlet.java:1006) ~[spring-webmvc-5.2.12.RELEASE.jar!/:5.2.12.RELEASE]
	at org.springframework.web.servlet.FrameworkServlet.doGet(FrameworkServlet.java:898) ~[spring-webmvc-5.2.12.RELEASE.jar!/:5.2.12.RELEASE]
	at javax.servlet.http.HttpServlet.service(HttpServlet.java:626) ~[tomcat-embed-core-9.0.41.jar!/:4.0.FR]
	at org.springframework.web.servlet.FrameworkServlet.service(FrameworkServlet.java:883) ~[spring-webmvc-5.2.12.RELEASE.jar!/:5.2.12.RELEASE]
	at javax.servlet.http.HttpServlet.service(HttpServlet.java:733) ~[tomcat-embed-core-9.0.41.jar!/:4.0.FR]
	at org.apache.catalina.core.ApplicationFilterChain.internalDoFilter(ApplicationFilterChain.java:231) ~[tomcat-embed-core-9.0.41.jar!/:9.0.41]
	at org.apache.catalina.core.ApplicationFilterChain.doFilter(ApplicationFilterChain.java:166) ~[tomcat-embed-core-9.0.41.jar!/:9.0.41]
	at org.apache.tomcat.websocket.server.WsFilter.doFilter(WsFilter.java:53) ~[tomcat-embed-websocket-9.0.41.jar!/:9.0.41]
	at org.apache.catalina.core.ApplicationFilterChain.internalDoFilter(ApplicationFilterChain.java:193) ~[tomcat-embed-core-9.0.41.jar!/:9.0.41]
	at org.apache.catalina.core.ApplicationFilterChain.doFilter(ApplicationFilterChain.java:166) ~[tomcat-embed-core-9.0.41.jar!/:9.0.41]
	at org.springframework.web.filter.CorsFilter.doFilterInternal(CorsFilter.java:92) ~[spring-web-5.2.12.RELEASE.jar!/:5.2.12.RELEASE]
	at org.springframework.web.filter.OncePerRequestFilter.doFilter(OncePerRequestFilter.java:119) ~[spring-web-5.2.12.RELEASE.jar!/:5.2.12.RELEASE]
	at org.apache.catalina.core.ApplicationFilterChain.internalDoFilter(ApplicationFilterChain.java:193) ~[tomcat-embed-core-9.0.41.jar!/:9.0.41]
	at org.apache.catalina.core.ApplicationFilterChain.doFilter(ApplicationFilterChain.java:166) ~[tomcat-embed-core-9.0.41.jar!/:9.0.41]
	at org.springframework.web.filter.RequestContextFilter.doFilterInternal(RequestContextFilter.java:100) ~[spring-web-5.2.12.RELEASE.jar!/:5.2.12.RELEASE]
	at org.springframework.web.filter.OncePerRequestFilter.doFilter(OncePerRequestFilter.java:119) ~[spring-web-5.2.12.RELEASE.jar!/:5.2.12.RELEASE]
	at org.apache.catalina.core.ApplicationFilterChain.internalDoFilter(ApplicationFilterChain.java:193) ~[tomcat-embed-core-9.0.41.jar!/:9.0.41]
	at org.apache.catalina.core.ApplicationFilterChain.doFilter(ApplicationFilterChain.java:166) ~[tomcat-embed-core-9.0.41.jar!/:9.0.41]
	at org.springframework.web.filter.FormContentFilter.doFilterInternal(FormContentFilter.java:93) ~[spring-web-5.2.12.RELEASE.jar!/:5.2.12.RELEASE]
	at org.springframework.web.filter.OncePerRequestFilter.doFilter(OncePerRequestFilter.java:119) ~[spring-web-5.2.12.RELEASE.jar!/:5.2.12.RELEASE]
	at org.apache.catalina.core.ApplicationFilterChain.internalDoFilter(ApplicationFilterChain.java:193) ~[tomcat-embed-core-9.0.41.jar!/:9.0.41]
	at org.apache.catalina.core.ApplicationFilterChain.doFilter(ApplicationFilterChain.java:166) ~[tomcat-embed-core-9.0.41.jar!/:9.0.41]
	at org.springframework.web.filter.CharacterEncodingFilter.doFilterInternal(CharacterEncodingFilter.java:201) ~[spring-web-5.2.12.RELEASE.jar!/:5.2.12.RELEASE]
	at org.springframework.web.filter.OncePerRequestFilter.doFilter(OncePerRequestFilter.java:119) ~[spring-web-5.2.12.RELEASE.jar!/:5.2.12.RELEASE]
	at org.apache.catalina.core.ApplicationFilterChain.internalDoFilter(ApplicationFilterChain.java:193) ~[tomcat-embed-core-9.0.41.jar!/:9.0.41]
	at org.apache.catalina.core.ApplicationFilterChain.doFilter(ApplicationFilterChain.java:166) ~[tomcat-embed-core-9.0.41.jar!/:9.0.41]
	at org.apache.catalina.core.StandardWrapperValve.invoke(StandardWrapperValve.java:202) ~[tomcat-embed-core-9.0.41.jar!/:9.0.41]
	at org.apache.catalina.core.StandardContextValve.invoke(StandardContextValve.java:97) ~[tomcat-embed-core-9.0.41.jar!/:9.0.41]
	at org.apache.catalina.authenticator.AuthenticatorBase.invoke(AuthenticatorBase.java:542) ~[tomcat-embed-core-9.0.41.jar!/:9.0.41]
	at org.apache.catalina.core.StandardHostValve.invoke(StandardHostValve.java:143) ~[tomcat-embed-core-9.0.41.jar!/:9.0.41]
	at org.apache.catalina.valves.ErrorReportValve.invoke(ErrorReportValve.java:92) ~[tomcat-embed-core-9.0.41.jar!/:9.0.41]
	at org.apache.catalina.core.StandardEngineValve.invoke(StandardEngineValve.java:78) ~[tomcat-embed-core-9.0.41.jar!/:9.0.41]
	at org.apache.catalina.connector.CoyoteAdapter.service(CoyoteAdapter.java:343) ~[tomcat-embed-core-9.0.41.jar!/:9.0.41]
	at org.apache.coyote.http11.Http11Processor.service(Http11Processor.java:374) ~[tomcat-embed-core-9.0.41.jar!/:9.0.41]
	at org.apache.coyote.AbstractProcessorLight.process(AbstractProcessorLight.java:65) ~[tomcat-embed-core-9.0.41.jar!/:9.0.41]
	at org.apache.coyote.AbstractProtocol$ConnectionHandler.process(AbstractProtocol.java:888) ~[tomcat-embed-core-9.0.41.jar!/:9.0.41]
	at org.apache.tomcat.util.net.NioEndpoint$SocketProcessor.doRun(NioEndpoint.java:1597) ~[tomcat-embed-core-9.0.41.jar!/:9.0.41]
	at org.apache.tomcat.util.net.SocketProcessorBase.run(SocketProcessorBase.java:49) ~[tomcat-embed-core-9.0.41.jar!/:9.0.41]
	at java.base/java.util.concurrent.ThreadPoolExecutor.runWorker(ThreadPoolExecutor.java:1144) ~[na:na]
	at java.base/java.util.concurrent.ThreadPoolExecutor$Worker.run(ThreadPoolExecutor.java:642) ~[na:na]
	at org.apache.tomcat.util.threads.TaskThread$WrappingRunnable.run(TaskThread.java:61) ~[tomcat-embed-core-9.0.41.jar!/:9.0.41]
	at java.base/java.lang.Thread.run(Thread.java:1583) ~[na:na]

2026-06-26 00:14:04.559 ERROR 12528 --- [0.0-9090-exec-9] o.a.c.c.C.[.[.[/].[dispatcherServlet]    : Servlet.service() for servlet [dispatcherServlet] in context with path [] threw exception [Request processing failed; nested exception is cn.hutool.core.io.IORuntimeException: File not exist: D:\二手交易平台\upload\files\0b9164f676fb47c592da37ddf14724d5.jpg] with root cause

cn.hutool.core.io.IORuntimeException: File not exist: D:\二手交易平台\upload\files\0b9164f676fb47c592da37ddf14724d5.jpg
	at cn.hutool.core.io.file.FileReader.checkFile(FileReader.java:300) ~[hutool-all-5.7.20.jar!/:na]
	at cn.hutool.core.io.file.FileReader.<init>(FileReader.java:57) ~[hutool-all-5.7.20.jar!/:na]
	at cn.hutool.core.io.file.FileReader.<init>(FileReader.java:93) ~[hutool-all-5.7.20.jar!/:na]
	at cn.hutool.core.io.file.FileReader.create(FileReader.java:46) ~[hutool-all-5.7.20.jar!/:na]
	at cn.hutool.core.io.FileUtil.readBytes(FileUtil.java:1878) ~[hutool-all-5.7.20.jar!/:na]
	at com.example.collegesecondhand_springboot.module.file.controller.FileController.download(FileController.java:80) ~[classes!/:na]
	at java.base/jdk.internal.reflect.DirectMethodHandleAccessor.invoke(DirectMethodHandleAccessor.java:103) ~[na:na]
	at java.base/java.lang.reflect.Method.invoke(Method.java:580) ~[na:na]
	at org.springframework.web.method.support.InvocableHandlerMethod.doInvoke(InvocableHandlerMethod.java:190) ~[spring-web-5.2.12.RELEASE.jar!/:5.2.12.RELEASE]
	at org.springframework.web.method.support.InvocableHandlerMethod.invokeForRequest(InvocableHandlerMethod.java:138) ~[spring-web-5.2.12.RELEASE.jar!/:5.2.12.RELEASE]
	at org.springframework.web.servlet.mvc.method.annotation.ServletInvocableHandlerMethod.invokeAndHandle(ServletInvocableHandlerMethod.java:105) ~[spring-webmvc-5.2.12.RELEASE.jar!/:5.2.12.RELEASE]
	at org.springframework.web.servlet.mvc.method.annotation.RequestMappingHandlerAdapter.invokeHandlerMethod(RequestMappingHandlerAdapter.java:878) ~[spring-webmvc-5.2.12.RELEASE.jar!/:5.2.12.RELEASE]
	at org.springframework.web.servlet.mvc.method.annotation.RequestMappingHandlerAdapter.handleInternal(RequestMappingHandlerAdapter.java:792) ~[spring-webmvc-5.2.12.RELEASE.jar!/:5.2.12.RELEASE]
	at org.springframework.web.servlet.mvc.method.AbstractHandlerMethodAdapter.handle(AbstractHandlerMethodAdapter.java:87) ~[spring-webmvc-5.2.12.RELEASE.jar!/:5.2.12.RELEASE]
	at org.springframework.web.servlet.DispatcherServlet.doDispatch(DispatcherServlet.java:1040) ~[spring-webmvc-5.2.12.RELEASE.jar!/:5.2.12.RELEASE]
	at org.springframework.web.servlet.DispatcherServlet.doService(DispatcherServlet.java:943) ~[spring-webmvc-5.2.12.RELEASE.jar!/:5.2.12.RELEASE]
	at org.springframework.web.servlet.FrameworkServlet.processRequest(FrameworkServlet.java:1006) ~[spring-webmvc-5.2.12.RELEASE.jar!/:5.2.12.RELEASE]
	at org.springframework.web.servlet.FrameworkServlet.doGet(FrameworkServlet.java:898) ~[spring-webmvc-5.2.12.RELEASE.jar!/:5.2.12.RELEASE]
	at javax.servlet.http.HttpServlet.service(HttpServlet.java:626) ~[tomcat-embed-core-9.0.41.jar!/:4.0.FR]
	at org.springframework.web.servlet.FrameworkServlet.service(FrameworkServlet.java:883) ~[spring-webmvc-5.2.12.RELEASE.jar!/:5.2.12.RELEASE]
	at javax.servlet.http.HttpServlet.service(HttpServlet.java:733) ~[tomcat-embed-core-9.0.41.jar!/:4.0.FR]
	at org.apache.catalina.core.ApplicationFilterChain.internalDoFilter(ApplicationFilterChain.java:231) ~[tomcat-embed-core-9.0.41.jar!/:9.0.41]
	at org.apache.catalina.core.ApplicationFilterChain.doFilter(ApplicationFilterChain.java:166) ~[tomcat-embed-core-9.0.41.jar!/:9.0.41]
	at org.apache.tomcat.websocket.server.WsFilter.doFilter(WsFilter.java:53) ~[tomcat-embed-websocket-9.0.41.jar!/:9.0.41]
	at org.apache.catalina.core.ApplicationFilterChain.internalDoFilter(ApplicationFilterChain.java:193) ~[tomcat-embed-core-9.0.41.jar!/:9.0.41]
	at org.apache.catalina.core.ApplicationFilterChain.doFilter(ApplicationFilterChain.java:166) ~[tomcat-embed-core-9.0.41.jar!/:9.0.41]
	at org.springframework.web.filter.CorsFilter.doFilterInternal(CorsFilter.java:92) ~[spring-web-5.2.12.RELEASE.jar!/:5.2.12.RELEASE]
	at org.springframework.web.filter.OncePerRequestFilter.doFilter(OncePerRequestFilter.java:119) ~[spring-web-5.2.12.RELEASE.jar!/:5.2.12.RELEASE]
	at org.apache.catalina.core.ApplicationFilterChain.internalDoFilter(ApplicationFilterChain.java:193) ~[tomcat-embed-core-9.0.41.jar!/:9.0.41]
	at org.apache.catalina.core.ApplicationFilterChain.doFilter(ApplicationFilterChain.java:166) ~[tomcat-embed-core-9.0.41.jar!/:9.0.41]
	at org.springframework.web.filter.RequestContextFilter.doFilterInternal(RequestContextFilter.java:100) ~[spring-web-5.2.12.RELEASE.jar!/:5.2.12.RELEASE]
	at org.springframework.web.filter.OncePerRequestFilter.doFilter(OncePerRequestFilter.java:119) ~[spring-web-5.2.12.RELEASE.jar!/:5.2.12.RELEASE]
	at org.apache.catalina.core.ApplicationFilterChain.internalDoFilter(ApplicationFilterChain.java:193) ~[tomcat-embed-core-9.0.41.jar!/:9.0.41]
	at org.apache.catalina.core.ApplicationFilterChain.doFilter(ApplicationFilterChain.java:166) ~[tomcat-embed-core-9.0.41.jar!/:9.0.41]
	at org.springframework.web.filter.FormContentFilter.doFilterInternal(FormContentFilter.java:93) ~[spring-web-5.2.12.RELEASE.jar!/:5.2.12.RELEASE]
	at org.springframework.web.filter.OncePerRequestFilter.doFilter(OncePerRequestFilter.java:119) ~[spring-web-5.2.12.RELEASE.jar!/:5.2.12.RELEASE]
	at org.apache.catalina.core.ApplicationFilterChain.internalDoFilter(ApplicationFilterChain.java:193) ~[tomcat-embed-core-9.0.41.jar!/:9.0.41]
	at org.apache.catalina.core.ApplicationFilterChain.doFilter(ApplicationFilterChain.java:166) ~[tomcat-embed-core-9.0.41.jar!/:9.0.41]
	at org.springframework.web.filter.CharacterEncodingFilter.doFilterInternal(CharacterEncodingFilter.java:201) ~[spring-web-5.2.12.RELEASE.jar!/:5.2.12.RELEASE]
	at org.springframework.web.filter.OncePerRequestFilter.doFilter(OncePerRequestFilter.java:119) ~[spring-web-5.2.12.RELEASE.jar!/:5.2.12.RELEASE]
	at org.apache.catalina.core.ApplicationFilterChain.internalDoFilter(ApplicationFilterChain.java:193) ~[tomcat-embed-core-9.0.41.jar!/:9.0.41]
	at org.apache.catalina.core.ApplicationFilterChain.doFilter(ApplicationFilterChain.java:166) ~[tomcat-embed-core-9.0.41.jar!/:9.0.41]
	at org.apache.catalina.core.StandardWrapperValve.invoke(StandardWrapperValve.java:202) ~[tomcat-embed-core-9.0.41.jar!/:9.0.41]
	at org.apache.catalina.core.StandardContextValve.invoke(StandardContextValve.java:97) ~[tomcat-embed-core-9.0.41.jar!/:9.0.41]
	at org.apache.catalina.authenticator.AuthenticatorBase.invoke(AuthenticatorBase.java:542) ~[tomcat-embed-core-9.0.41.jar!/:9.0.41]
	at org.apache.catalina.core.StandardHostValve.invoke(StandardHostValve.java:143) ~[tomcat-embed-core-9.0.41.jar!/:9.0.41]
	at org.apache.catalina.valves.ErrorReportValve.invoke(ErrorReportValve.java:92) ~[tomcat-embed-core-9.0.41.jar!/:9.0.41]
	at org.apache.catalina.core.StandardEngineValve.invoke(StandardEngineValve.java:78) ~[tomcat-embed-core-9.0.41.jar!/:9.0.41]
	at org.apache.catalina.connector.CoyoteAdapter.service(CoyoteAdapter.java:343) ~[tomcat-embed-core-9.0.41.jar!/:9.0.41]
	at org.apache.coyote.http11.Http11Processor.service(Http11Processor.java:374) ~[tomcat-embed-core-9.0.41.jar!/:9.0.41]
	at org.apache.coyote.AbstractProcessorLight.process(AbstractProcessorLight.java:65) ~[tomcat-embed-core-9.0.41.jar!/:9.0.41]
	at org.apache.coyote.AbstractProtocol$ConnectionHandler.process(AbstractProtocol.java:888) ~[tomcat-embed-core-9.0.41.jar!/:9.0.41]
	at org.apache.tomcat.util.net.NioEndpoint$SocketProcessor.doRun(NioEndpoint.java:1597) ~[tomcat-embed-core-9.0.41.jar!/:9.0.41]
	at org.apache.tomcat.util.net.SocketProcessorBase.run(SocketProcessorBase.java:49) ~[tomcat-embed-core-9.0.41.jar!/:9.0.41]
	at java.base/java.util.concurrent.ThreadPoolExecutor.runWorker(ThreadPoolExecutor.java:1144) ~[na:na]
	at java.base/java.util.concurrent.ThreadPoolExecutor$Worker.run(ThreadPoolExecutor.java:642) ~[na:na]
	at org.apache.tomcat.util.threads.TaskThread$WrappingRunnable.run(TaskThread.java:61) ~[tomcat-embed-core-9.0.41.jar!/:9.0.41]
	at java.base/java.lang.Thread.run(Thread.java:1583) ~[na:na]

2026-06-26 00:14:04.559 ERROR 12528 --- [0.0-9090-exec-3] o.a.c.c.C.[.[.[/].[dispatcherServlet]    : Servlet.service() for servlet [dispatcherServlet] in context with path [] threw exception [Request processing failed; nested exception is cn.hutool.core.io.IORuntimeException: File not exist: D:\二手交易平台\upload\files\a70a5b80e6d74822a078de0b85c8e3ce.jpg] with root cause

cn.hutool.core.io.IORuntimeException: File not exist: D:\二手交易平台\upload\files\a70a5b80e6d74822a078de0b85c8e3ce.jpg
	at cn.hutool.core.io.file.FileReader.checkFile(FileReader.java:300) ~[hutool-all-5.7.20.jar!/:na]
	at cn.hutool.core.io.file.FileReader.<init>(FileReader.java:57) ~[hutool-all-5.7.20.jar!/:na]
	at cn.hutool.core.io.file.FileReader.<init>(FileReader.java:93) ~[hutool-all-5.7.20.jar!/:na]
	at cn.hutool.core.io.file.FileReader.create(FileReader.java:46) ~[hutool-all-5.7.20.jar!/:na]
	at cn.hutool.core.io.FileUtil.readBytes(FileUtil.java:1878) ~[hutool-all-5.7.20.jar!/:na]
	at com.example.collegesecondhand_springboot.module.file.controller.FileController.download(FileController.java:80) ~[classes!/:na]
	at java.base/jdk.internal.reflect.DirectMethodHandleAccessor.invoke(DirectMethodHandleAccessor.java:103) ~[na:na]
	at java.base/java.lang.reflect.Method.invoke(Method.java:580) ~[na:na]
	at org.springframework.web.method.support.InvocableHandlerMethod.doInvoke(InvocableHandlerMethod.java:190) ~[spring-web-5.2.12.RELEASE.jar!/:5.2.12.RELEASE]
	at org.springframework.web.method.support.InvocableHandlerMethod.invokeForRequest(InvocableHandlerMethod.java:138) ~[spring-web-5.2.12.RELEASE.jar!/:5.2.12.RELEASE]
	at org.springframework.web.servlet.mvc.method.annotation.ServletInvocableHandlerMethod.invokeAndHandle(ServletInvocableHandlerMethod.java:105) ~[spring-webmvc-5.2.12.RELEASE.jar!/:5.2.12.RELEASE]
	at org.springframework.web.servlet.mvc.method.annotation.RequestMappingHandlerAdapter.invokeHandlerMethod(RequestMappingHandlerAdapter.java:878) ~[spring-webmvc-5.2.12.RELEASE.jar!/:5.2.12.RELEASE]
	at org.springframework.web.servlet.mvc.method.annotation.RequestMappingHandlerAdapter.handleInternal(RequestMappingHandlerAdapter.java:792) ~[spring-webmvc-5.2.12.RELEASE.jar!/:5.2.12.RELEASE]
	at org.springframework.web.servlet.mvc.method.AbstractHandlerMethodAdapter.handle(AbstractHandlerMethodAdapter.java:87) ~[spring-webmvc-5.2.12.RELEASE.jar!/:5.2.12.RELEASE]
	at org.springframework.web.servlet.DispatcherServlet.doDispatch(DispatcherServlet.java:1040) ~[spring-webmvc-5.2.12.RELEASE.jar!/:5.2.12.RELEASE]
	at org.springframework.web.servlet.DispatcherServlet.doService(DispatcherServlet.java:943) ~[spring-webmvc-5.2.12.RELEASE.jar!/:5.2.12.RELEASE]
	at org.springframework.web.servlet.FrameworkServlet.processRequest(FrameworkServlet.java:1006) ~[spring-webmvc-5.2.12.RELEASE.jar!/:5.2.12.RELEASE]
	at org.springframework.web.servlet.FrameworkServlet.doGet(FrameworkServlet.java:898) ~[spring-webmvc-5.2.12.RELEASE.jar!/:5.2.12.RELEASE]
	at javax.servlet.http.HttpServlet.service(HttpServlet.java:626) ~[tomcat-embed-core-9.0.41.jar!/:4.0.FR]
	at org.springframework.web.servlet.FrameworkServlet.service(FrameworkServlet.java:883) ~[spring-webmvc-5.2.12.RELEASE.jar!/:5.2.12.RELEASE]
	at javax.servlet.http.HttpServlet.service(HttpServlet.java:733) ~[tomcat-embed-core-9.0.41.jar!/:4.0.FR]
	at org.apache.catalina.core.ApplicationFilterChain.internalDoFilter(ApplicationFilterChain.java:231) ~[tomcat-embed-core-9.0.41.jar!/:9.0.41]
	at org.apache.catalina.core.ApplicationFilterChain.doFilter(ApplicationFilterChain.java:166) ~[tomcat-embed-core-9.0.41.jar!/:9.0.41]
	at org.apache.tomcat.websocket.server.WsFilter.doFilter(WsFilter.java:53) ~[tomcat-embed-websocket-9.0.41.jar!/:9.0.41]
	at org.apache.catalina.core.ApplicationFilterChain.internalDoFilter(ApplicationFilterChain.java:193) ~[tomcat-embed-core-9.0.41.jar!/:9.0.41]
	at org.apache.catalina.core.ApplicationFilterChain.doFilter(ApplicationFilterChain.java:166) ~[tomcat-embed-core-9.0.41.jar!/:9.0.41]
	at org.springframework.web.filter.CorsFilter.doFilterInternal(CorsFilter.java:92) ~[spring-web-5.2.12.RELEASE.jar!/:5.2.12.RELEASE]
	at org.springframework.web.filter.OncePerRequestFilter.doFilter(OncePerRequestFilter.java:119) ~[spring-web-5.2.12.RELEASE.jar!/:5.2.12.RELEASE]
	at org.apache.catalina.core.ApplicationFilterChain.internalDoFilter(ApplicationFilterChain.java:193) ~[tomcat-embed-core-9.0.41.jar!/:9.0.41]
	at org.apache.catalina.core.ApplicationFilterChain.doFilter(ApplicationFilterChain.java:166) ~[tomcat-embed-core-9.0.41.jar!/:9.0.41]
	at org.springframework.web.filter.RequestContextFilter.doFilterInternal(RequestContextFilter.java:100) ~[spring-web-5.2.12.RELEASE.jar!/:5.2.12.RELEASE]
	at org.springframework.web.filter.OncePerRequestFilter.doFilter(OncePerRequestFilter.java:119) ~[spring-web-5.2.12.RELEASE.jar!/:5.2.12.RELEASE]
	at org.apache.catalina.core.ApplicationFilterChain.internalDoFilter(ApplicationFilterChain.java:193) ~[tomcat-embed-core-9.0.41.jar!/:9.0.41]
	at org.apache.catalina.core.ApplicationFilterChain.doFilter(ApplicationFilterChain.java:166) ~[tomcat-embed-core-9.0.41.jar!/:9.0.41]
	at org.springframework.web.filter.FormContentFilter.doFilterInternal(FormContentFilter.java:93) ~[spring-web-5.2.12.RELEASE.jar!/:5.2.12.RELEASE]
	at org.springframework.web.filter.OncePerRequestFilter.doFilter(OncePerRequestFilter.java:119) ~[spring-web-5.2.12.RELEASE.jar!/:5.2.12.RELEASE]
	at org.apache.catalina.core.ApplicationFilterChain.internalDoFilter(ApplicationFilterChain.java:193) ~[tomcat-embed-core-9.0.41.jar!/:9.0.41]
	at org.apache.catalina.core.ApplicationFilterChain.doFilter(ApplicationFilterChain.java:166) ~[tomcat-embed-core-9.0.41.jar!/:9.0.41]
	at org.springframework.web.filter.CharacterEncodingFilter.doFilterInternal(CharacterEncodingFilter.java:201) ~[spring-web-5.2.12.RELEASE.jar!/:5.2.12.RELEASE]
	at org.springframework.web.filter.OncePerRequestFilter.doFilter(OncePerRequestFilter.java:119) ~[spring-web-5.2.12.RELEASE.jar!/:5.2.12.RELEASE]
	at org.apache.catalina.core.ApplicationFilterChain.internalDoFilter(ApplicationFilterChain.java:193) ~[tomcat-embed-core-9.0.41.jar!/:9.0.41]
	at org.apache.catalina.core.ApplicationFilterChain.doFilter(ApplicationFilterChain.java:166) ~[tomcat-embed-core-9.0.41.jar!/:9.0.41]
	at org.apache.catalina.core.StandardWrapperValve.invoke(StandardWrapperValve.java:202) ~[tomcat-embed-core-9.0.41.jar!/:9.0.41]
	at org.apache.catalina.core.StandardContextValve.invoke(StandardContextValve.java:97) ~[tomcat-embed-core-9.0.41.jar!/:9.0.41]
	at org.apache.catalina.authenticator.AuthenticatorBase.invoke(AuthenticatorBase.java:542) ~[tomcat-embed-core-9.0.41.jar!/:9.0.41]
	at org.apache.catalina.core.StandardHostValve.invoke(StandardHostValve.java:143) ~[tomcat-embed-core-9.0.41.jar!/:9.0.41]
	at org.apache.catalina.valves.ErrorReportValve.invoke(ErrorReportValve.java:92) ~[tomcat-embed-core-9.0.41.jar!/:9.0.41]
	at org.apache.catalina.core.StandardEngineValve.invoke(StandardEngineValve.java:78) ~[tomcat-embed-core-9.0.41.jar!/:9.0.41]
	at org.apache.catalina.connector.CoyoteAdapter.service(CoyoteAdapter.java:343) ~[tomcat-embed-core-9.0.41.jar!/:9.0.41]
	at org.apache.coyote.http11.Http11Processor.service(Http11Processor.java:374) ~[tomcat-embed-core-9.0.41.jar!/:9.0.41]
	at org.apache.coyote.AbstractProcessorLight.process(AbstractProcessorLight.java:65) ~[tomcat-embed-core-9.0.41.jar!/:9.0.41]
	at org.apache.coyote.AbstractProtocol$ConnectionHandler.process(AbstractProtocol.java:888) ~[tomcat-embed-core-9.0.41.jar!/:9.0.41]
	at org.apache.tomcat.util.net.NioEndpoint$SocketProcessor.doRun(NioEndpoint.java:1597) ~[tomcat-embed-core-9.0.41.jar!/:9.0.41]
	at org.apache.tomcat.util.net.SocketProcessorBase.run(SocketProcessorBase.java:49) ~[tomcat-embed-core-9.0.41.jar!/:9.0.41]
	at java.base/java.util.concurrent.ThreadPoolExecutor.runWorker(ThreadPoolExecutor.java:1144) ~[na:na]
	at java.base/java.util.concurrent.ThreadPoolExecutor$Worker.run(ThreadPoolExecutor.java:642) ~[na:na]
	at org.apache.tomcat.util.threads.TaskThread$WrappingRunnable.run(TaskThread.java:61) ~[tomcat-embed-core-9.0.41.jar!/:9.0.41]
	at java.base/java.lang.Thread.run(Thread.java:1583) ~[na:na]

