<s> [webpack.Progress] 0% compiling
<s> [webpack.Progress] 10% building 0/0 modules 0 active 
<s> [webpack.Progress] 10% building 0/1 modules 1 active multi D:\twice-market-master\frontend\node_modules\webpack-dev-server\client\index.js?http://localhost:82&sockPath=/sockjs-node D:\twice-market-master\frontend\node_modules\webpack\hot\dev-server.js ./src/main.js
<s> [webpack.Progress] 10% building 1/1 modules 0 active 
<s> [webpack.Progress] 10% building 1/1 modules 0 active 
<s> [webpack.Progress] 10% building 1/2 modules 1 active multi D:\twice-market-master\frontend\node_modules\webpack\hot\dev-server.js D:\twice-market-master\frontend\node_modules\webpack-dev-server\client\index.js?http://localhost:82&sockPath=/sockjs-node ./src/main.js
<s> [webpack.Progress] 10% building 2/2 modules 0 active 
<s> [webpack.Progress] 10% building 2/3 modules 1 active D:\twice-market-master\frontend\node_modules\cache-loader\dist\cjs.js??ref--13-0!D:\twice-market-master\frontend\node_modules\babel-loader\lib\index.js!D:\twice-market-master\frontend\src\main.js
<s> [webpack.Progress] 10% building 2/4 modules 2 active D:\twice-market-master\frontend\node_modules\webpack-dev-server\client\index.js?http://localhost:82&sockPath=/sockjs-node
<s> [webpack.Progress] 10% building 2/5 modules 3 active D:\twice-market-master\frontend\node_modules\webpack\hot\dev-server.js
<s> [webpack.Progress] 10% building 3/5 modules 2 active D:\twice-market-master\frontend\node_modules\webpack\hot\dev-server.js
<s> [webpack.Progress] 10% building 4/5 modules 1 active D:\twice-market-master\frontend\node_modules\webpack\hot\dev-server.js
<s> [webpack.Progress] 10% building 5/5 modules 0 active 
<s> [webpack.Progress] 40% building 5/5 modules 0 active 
<s> [webpack.Progress] 40% building 5/6 modules 1 active D:\twice-market-master\frontend\node_modules\webpack\hot sync nonrecursive /^\.\/log$/
<s> [webpack.Progress] 40% building 6/6 modules 0 active 
<s> [webpack.Progress] 40% building 6/7 modules 1 active D:\twice-market-master\frontend\node_modules\webpack-dev-server\client\overlay.js
<s> [webpack.Progress] 40% building 6/8 modules 2 active D:\twice-market-master\frontend\node_modules\webpack-dev-server\client\socket.js
<s> [webpack.Progress] 40% building 6/9 modules 3 active D:\twice-market-master\frontend\node_modules\webpack\hot\log.js
<s> [webpack.Progress] 40% building 6/10 modules 4 active D:\twice-market-master\frontend\node_modules\webpack\hot\log-apply-result.js
<s> [webpack.Progress] 40% building 6/11 modules 5 active D:\twice-market-master\frontend\node_modules\webpack-dev-server\client\utils\log.js
<s> [webpack.Progress] 40% building 6/12 modules 6 active D:\twice-market-master\frontend\node_modules\webpack-dev-server\client\utils\sendMessage.js
<s> [webpack.Progress] 40% building 6/13 modules 7 active D:\twice-market-master\frontend\node_modules\webpack-dev-server\client\utils\createSocketUrl.js
<s> [webpack.Progress] 40% building 6/14 modules 8 active D:\twice-market-master\frontend\node_modules\webpack-dev-server\client\utils\reloadApp.js
<s> [webpack.Progress] 40% building 6/15 modules 9 active D:\twice-market-master\frontend\node_modules\webpack\hot\emitter.js
<s> [webpack.Progress] 40% building 6/16 modules 10 active D:\twice-market-master\frontend\node_modules\cache-loader\dist\cjs.js??ref--13-0!D:\twice-market-master\frontend\node_modules\babel-loader\lib\index.js!D:\twice-market-master\frontend\src\utils\request.js
<s> [webpack.Progress] 40% building 7/16 modules 9 active D:\twice-market-master\frontend\node_modules\cache-loader\dist\cjs.js??ref--13-0!D:\twice-market-master\frontend\node_modules\babel-loader\lib\index.js!D:\twice-market-master\frontend\src\utils\request.js
<s> [webpack.Progress] 40% building 8/16 modules 8 active D:\twice-market-master\frontend\node_modules\cache-loader\dist\cjs.js??ref--13-0!D:\twice-market-master\frontend\node_modules\babel-loader\lib\index.js!D:\twice-market-master\frontend\src\utils\request.js
<s> [webpack.Progress] 40% building 8/17 modules 9 active D:\twice-market-master\frontend\node_modules\cache-loader\dist\cjs.js??ref--1-0!D:\twice-market-master\frontend\node_modules\vue-loader\lib\index.js??vue-loader-options!D:\twice-market-master\frontend\src\App.vue
<s> [webpack.Progress] 40% building 8/18 modules 10 active D:\twice-market-master\frontend\node_modules\vue\dist\vue.runtime.esm.js
<s> [webpack.Progress] 40% building 9/18 modules 9 active D:\twice-market-master\frontend\node_modules\vue\dist\vue.runtime.esm.js
<s> [webpack.Progress] 40% building 10/18 modules 8 active D:\twice-market-master\frontend\node_modules\vue\dist\vue.runtime.esm.js
<s> [webpack.Progress] 40% building 11/18 modules 7 active D:\twice-market-master\frontend\node_modules\vue\dist\vue.runtime.esm.js
<s> [webpack.Progress] 40% building 12/18 modules 6 active D:\twice-market-master\frontend\node_modules\vue\dist\vue.runtime.esm.js
<s> [webpack.Progress] 40% building 13/18 modules 5 active D:\twice-market-master\frontend\node_modules\vue\dist\vue.runtime.esm.js
<s> [webpack.Progress] 40% building 14/18 modules 4 active D:\twice-market-master\frontend\node_modules\vue\dist\vue.runtime.esm.js
<s> [webpack.Progress] 40% building 15/18 modules 3 active D:\twice-market-master\frontend\node_modules\vue\dist\vue.runtime.esm.js
<s> [webpack.Progress] 40% building 15/19 modules 4 active D:\twice-market-master\frontend\node_modules\vue-style-loader\index.js??ref--7-oneOf-3-0!D:\twice-market-master\frontend\node_modules\css-loader\dist\cjs.js??ref--7-oneOf-3-1!D:\twice-market-master\frontend\node_modules\postcss-loader\src\index.js??ref--7-oneOf-3-2!D:\twice-market-master\frontend\src\assets\gloable.css
<s> [webpack.Progress] 40% building 16/19 modules 3 active D:\twice-market-master\frontend\node_modules\vue\dist\vue.runtime.esm.js
<s> [webpack.Progress] 40% building 16/20 modules 4 active D:\twice-market-master\frontend\node_modules\css-loader\dist\cjs.js??ref--7-oneOf-3-1!D:\twice-market-master\frontend\node_modules\postcss-loader\src\index.js??ref--7-oneOf-3-2!D:\twice-market-master\frontend\src\assets\gloable.css
<s> [webpack.Progress] 40% building 17/20 modules 3 active D:\twice-market-master\frontend\node_modules\css-loader\dist\cjs.js??ref--7-oneOf-3-1!D:\twice-market-master\frontend\node_modules\postcss-loader\src\index.js??ref--7-oneOf-3-2!D:\twice-market-master\frontend\src\assets\gloable.css
<s> [webpack.Progress] 40% building 18/20 modules 2 active D:\twice-market-master\frontend\node_modules\css-loader\dist\cjs.js??ref--7-oneOf-3-1!D:\twice-market-master\frontend\node_modules\postcss-loader\src\index.js??ref--7-oneOf-3-2!D:\twice-market-master\frontend\src\assets\gloable.css
<s> [webpack.Progress] 40% building 18/21 modules 3 active D:\twice-market-master\frontend\node_modules\vue-style-loader\index.js??ref--7-oneOf-3-0!D:\twice-market-master\frontend\node_modules\css-loader\dist\cjs.js??ref--7-oneOf-3-1!D:\twice-market-master\frontend\node_modules\postcss-loader\src\index.js??ref--7-oneOf-3-2!D:\twice-market-master\frontend\node_modules\element-ui\lib\theme-chalk\index.css
<s> [webpack.Progress] 40% building 19/21 modules 2 active D:\twice-market-master\frontend\node_modules\css-loader\dist\cjs.js??ref--7-oneOf-3-1!D:\twice-market-master\frontend\node_modules\postcss-loader\src\index.js??ref--7-oneOf-3-2!D:\twice-market-master\frontend\src\assets\gloable.css
<s> [webpack.Progress] 40% building 19/22 modules 3 active D:\twice-market-master\frontend\node_modules\css-loader\dist\cjs.js??ref--7-oneOf-3-1!D:\twice-market-master\frontend\node_modules\postcss-loader\src\index.js??ref--7-oneOf-3-2!D:\twice-market-master\frontend\node_modules\element-ui\lib\theme-chalk\index.css
<s> [webpack.Progress] 40% building 20/22 modules 2 active D:\twice-market-master\frontend\node_modules\css-loader\dist\cjs.js??ref--7-oneOf-3-1!D:\twice-market-master\frontend\node_modules\postcss-loader\src\index.js??ref--7-oneOf-3-2!D:\twice-market-master\frontend\node_modules\element-ui\lib\theme-chalk\index.css
<s> [webpack.Progress] 40% building 20/23 modules 3 active D:\twice-market-master\frontend\node_modules\webpack-dev-server\client\clients\SockJSClient.js
<s> [webpack.Progress] 40% building 20/24 modules 4 active D:\twice-market-master\frontend\node_modules\webpack\buildin\global.js
<s> [webpack.Progress] 40% building 21/24 modules 3 active D:\twice-market-master\frontend\node_modules\webpack\buildin\global.js
<s> [webpack.Progress] 40% building 21/25 modules 4 active D:\twice-market-master\frontend\node_modules\vue-loader\lib\loaders\pitcher.js??ref--4!D:\twice-market-master\frontend\node_modules\cache-loader\dist\cjs.js??ref--13-0!D:\twice-market-master\frontend\node_modules\babel-loader\lib\index.js!D:\twice-market-master\frontend\node_modules\vue-loader\lib\loaders\templateLoader.js??ref--6!D:\twice-market-master\frontend\node_modules\cache-loader\dist\cjs.js??ref--1-0!D:\twice-market-master\frontend\node_modules\vue-loader\lib\index.js??vue-loader-options!D:\twice-market-master\frontend\src\App.vue?vue&type=template&id=7ba5bd90
<s> [webpack.Progress] 40% building 22/25 modules 3 active D:\twice-market-master\frontend\node_modules\webpack\buildin\global.js
<s> [webpack.Progress] 40% building 22/26 modules 4 active D:\twice-market-master\frontend\node_modules\cache-loader\dist\cjs.js?{"cacheDirectory":"node_modules/.cache/vue-loader","cacheIdentifier":"23271c7c-vue-loader-template"}!D:\twice-market-master\frontend\node_modules\cache-loader\dist\cjs.js??ref--13-0!D:\twice-market-master\frontend\node_modules\babel-loader\lib\index.js!D:\twice-market-master\frontend\node_modules\vue-loader\lib\loaders\templateLoader.js??ref--6!D:\twice-market-master\frontend\node_modules\cache-loader\dist\cjs.js??ref--1-0!D:\twice-market-master\frontend\node_modules\vue-loader\lib\index.js??vue-loader-options!D:\twice-market-master\frontend\src\App.vue?vue&type=template&id=7ba5bd90
<s> [webpack.Progress] 40% building 22/27 modules 5 active D:\twice-market-master\frontend\node_modules\webpack-dev-server\client\utils\getCurrentScriptSource.js
<s> [webpack.Progress] 40% building 22/28 modules 6 active D:\twice-market-master\frontend\node_modules\vue-style-loader\lib\addStylesClient.js
<s> [webpack.Progress] 40% building 23/28 modules 5 active D:\twice-market-master\frontend\node_modules\vue-style-loader\lib\addStylesClient.js
<s> [webpack.Progress] 40% building 24/28 modules 4 active D:\twice-market-master\frontend\node_modules\vue-style-loader\lib\addStylesClient.js
<s> [webpack.Progress] 40% building 25/28 modules 3 active D:\twice-market-master\frontend\node_modules\vue-style-loader\lib\addStylesClient.js
<s> [webpack.Progress] 40% building 25/29 modules 4 active D:\twice-market-master\frontend\node_modules\url\url.js
<s> [webpack.Progress] 40% building 25/30 modules 5 active D:\twice-market-master\frontend\node_modules\cache-loader\dist\cjs.js??ref--13-0!D:\twice-market-master\frontend\node_modules\babel-loader\lib\index.js!D:\twice-market-master\frontend\public\config.js
<s> [webpack.Progress] 40% building 25/31 modules 6 active D:\twice-market-master\frontend\node_modules\events\events.js
<s> [webpack.Progress] 40% building 25/32 modules 7 active D:\twice-market-master\frontend\node_modules\vue-loader\lib\runtime\componentNormalizer.js
<s> [webpack.Progress] 40% building 25/33 modules 8 active D:\twice-market-master\frontend\node_modules\element-ui\lib\element-ui.common.js
<s> [webpack.Progress] 40% building 25/34 modules 9 active D:\twice-market-master\frontend\node_modules\cache-loader\dist\cjs.js??ref--13-0!D:\twice-market-master\frontend\node_modules\babel-loader\lib\index.js!D:\twice-market-master\frontend\src\router\index.js
<s> [webpack.Progress] 40% building 26/34 modules 8 active D:\twice-market-master\frontend\node_modules\cache-loader\dist\cjs.js??ref--13-0!D:\twice-market-master\frontend\node_modules\babel-loader\lib\index.js!D:\twice-market-master\frontend\src\router\index.js
<s> [webpack.Progress] 40% building 27/34 modules 7 active D:\twice-market-master\frontend\node_modules\cache-loader\dist\cjs.js??ref--13-0!D:\twice-market-master\frontend\node_modules\babel-loader\lib\index.js!D:\twice-market-master\frontend\src\router\index.js
<s> [webpack.Progress] 40% building 28/34 modules 6 active D:\twice-market-master\frontend\node_modules\cache-loader\dist\cjs.js??ref--13-0!D:\twice-market-master\frontend\node_modules\babel-loader\lib\index.js!D:\twice-market-master\frontend\src\router\index.js
<s> [webpack.Progress] 40% building 28/35 modules 7 active D:\twice-market-master\frontend\node_modules\core-js\modules\es.json.parse.js
<s> [webpack.Progress] 40% building 28/36 modules 8 active D:\twice-market-master\frontend\node_modules\core-js\modules\es.array.push.js
<s> [webpack.Progress] 40% building 28/37 modules 9 active D:\twice-market-master\frontend\node_modules\cache-loader\dist\cjs.js??ref--13-0!D:\twice-market-master\frontend\node_modules\babel-loader\lib\index.js!D:\twice-market-master\frontend\src\store\index.js
<s> [webpack.Progress] 40% building 29/37 modules 8 active D:\twice-market-master\frontend\node_modules\cache-loader\dist\cjs.js??ref--13-0!D:\twice-market-master\frontend\node_modules\babel-loader\lib\index.js!D:\twice-market-master\frontend\src\store\index.js
<s> [webpack.Progress] 40% building 30/37 modules 7 active D:\twice-market-master\frontend\node_modules\cache-loader\dist\cjs.js??ref--13-0!D:\twice-market-master\frontend\node_modules\babel-loader\lib\index.js!D:\twice-market-master\frontend\src\store\index.js
<s> [webpack.Progress] 40% building 31/37 modules 6 active D:\twice-market-master\frontend\node_modules\cache-loader\dist\cjs.js??ref--13-0!D:\twice-market-master\frontend\node_modules\babel-loader\lib\index.js!D:\twice-market-master\frontend\src\store\index.js
<s> [webpack.Progress] 40% building 31/38 modules 7 active D:\twice-market-master\frontend\node_modules\css-loader\dist\runtime\api.js
<s> [webpack.Progress] 40% building 31/39 modules 8 active D:\twice-market-master\frontend\node_modules\css-loader\dist\runtime\getUrl.js
<s> [webpack.Progress] 40% building 31/40 modules 9 active D:\twice-market-master\frontend\node_modules\vue-hot-reload-api\dist\index.js
<s> [webpack.Progress] 40% building 32/40 modules 8 active D:\twice-market-master\frontend\node_modules\vue-hot-reload-api\dist\index.js
<s> [webpack.Progress] 40% building 33/40 modules 7 active D:\twice-market-master\frontend\node_modules\vue-hot-reload-api\dist\index.js
<s> [webpack.Progress] 40% building 33/41 modules 8 active D:\twice-market-master\frontend\node_modules\webpack-dev-server\client\clients\BaseClient.js
<s> [webpack.Progress] 40% building 34/41 modules 7 active D:\twice-market-master\frontend\node_modules\webpack-dev-server\client\clients\BaseClient.js
<s> [webpack.Progress] 40% building 35/41 modules 6 active D:\twice-market-master\frontend\node_modules\webpack-dev-server\client\clients\BaseClient.js
<s> [webpack.Progress] 40% building 36/41 modules 5 active D:\twice-market-master\frontend\node_modules\webpack-dev-server\client\clients\BaseClient.js
<s> [webpack.Progress] 40% building 37/41 modules 4 active D:\twice-market-master\frontend\node_modules\webpack-dev-server\client\clients\BaseClient.js
<s> [webpack.Progress] 40% building 38/41 modules 3 active D:\twice-market-master\frontend\node_modules\webpack-dev-server\client\clients\BaseClient.js
<s> [webpack.Progress] 40% building 38/42 modules 4 active D:\twice-market-master\frontend\node_modules\webpack-dev-server\node_modules\strip-ansi\index.js
<s> [webpack.Progress] 40% building 39/42 modules 3 active D:\twice-market-master\frontend\node_modules\webpack-dev-server\node_modules\strip-ansi\index.js
<s> [webpack.Progress] 40% building 40/42 modules 2 active D:\twice-market-master\frontend\node_modules\webpack-dev-server\node_modules\strip-ansi\index.js
<s> [webpack.Progress] 40% building 40/43 modules 3 active D:\twice-market-master\frontend\node_modules\vue-style-loader\lib\listToStyles.js
<s> [webpack.Progress] 40% building 41/43 modules 2 active D:\twice-market-master\frontend\node_modules\vue-style-loader\lib\listToStyles.js
<s> [webpack.Progress] 40% building 41/44 modules 3 active D:\twice-market-master\frontend\node_modules\ansi-html-community\index.js
<s> [webpack.Progress] 40% building 41/45 modules 4 active D:\twice-market-master\frontend\node_modules\url-loader\dist\cjs.js??ref--5-0!D:\twice-market-master\frontend\node_modules\element-ui\lib\theme-chalk\fonts\element-icons.ttf
<s> [webpack.Progress] 40% building 41/46 modules 5 active D:\twice-market-master\frontend\node_modules\url-loader\dist\cjs.js??ref--5-0!D:\twice-market-master\frontend\node_modules\element-ui\lib\theme-chalk\fonts\element-icons.woff
<s> [webpack.Progress] 40% building 42/46 modules 4 active D:\twice-market-master\frontend\node_modules\url-loader\dist\cjs.js??ref--5-0!D:\twice-market-master\frontend\node_modules\element-ui\lib\theme-chalk\fonts\element-icons.woff
<s> [webpack.Progress] 40% building 42/47 modules 5 active D:\twice-market-master\frontend\node_modules\vue-style-loader\index.js??ref--7-oneOf-3-0!D:\twice-market-master\frontend\node_modules\css-loader\dist\cjs.js??ref--7-oneOf-3-1!D:\twice-market-master\frontend\node_modules\postcss-loader\src\index.js??ref--7-oneOf-3-2!D:\twice-market-master\frontend\node_modules\nprogress\nprogress.css
<s> [webpack.Progress] 40% building 43/47 modules 4 active D:\twice-market-master\frontend\node_modules\url-loader\dist\cjs.js??ref--5-0!D:\twice-market-master\frontend\node_modules\element-ui\lib\theme-chalk\fonts\element-icons.woff
<s> [webpack.Progress] 40% building 43/48 modules 5 active D:\twice-market-master\frontend\node_modules\css-loader\dist\cjs.js??ref--7-oneOf-3-1!D:\twice-market-master\frontend\node_modules\postcss-loader\src\index.js??ref--7-oneOf-3-2!D:\twice-market-master\frontend\node_modules\nprogress\nprogress.css
<s> [webpack.Progress] 40% building 43/49 modules 6 active D:\twice-market-master\frontend\node_modules\cache-loader\dist\cjs.js??ref--1-0!D:\twice-market-master\frontend\node_modules\vue-loader\lib\index.js??vue-loader-options!D:\twice-market-master\frontend\src\views\front\index.vue
<s> [webpack.Progress] 40% building 43/50 modules 7 active D:\twice-market-master\frontend\node_modules\cache-loader\dist\cjs.js??ref--1-0!D:\twice-market-master\frontend\node_modules\vue-loader\lib\index.js??vue-loader-options!D:\twice-market-master\frontend\src\views\front\My_goods.vue
<s> [webpack.Progress] 40% building 43/51 modules 8 active D:\twice-market-master\frontend\node_modules\cache-loader\dist\cjs.js??ref--1-0!D:\twice-market-master\frontend\node_modules\vue-loader\lib\index.js??vue-loader-options!D:\twice-market-master\frontend\src\views\front\Shop.vue
<s> [webpack.Progress] 40% building 43/52 modules 9 active D:\twice-market-master\frontend\node_modules\cache-loader\dist\cjs.js??ref--1-0!D:\twice-market-master\frontend\node_modules\vue-loader\lib\index.js??vue-loader-options!D:\twice-market-master\frontend\src\views\front\Release.vue
<s> [webpack.Progress] 40% building 43/53 modules 10 active D:\twice-market-master\frontend\node_modules\cache-loader\dist\cjs.js??ref--1-0!D:\twice-market-master\frontend\node_modules\vue-loader\lib\index.js??vue-loader-options!D:\twice-market-master\frontend\src\views\front\My_goods_details.vue
<s> [webpack.Progress] 40% building 43/54 modules 11 active D:\twice-market-master\frontend\node_modules\cache-loader\dist\cjs.js??ref--1-0!D:\twice-market-master\frontend\node_modules\vue-loader\lib\index.js??vue-loader-options!D:\twice-market-master\frontend\src\views\front\update_goods.vue
<s> [webpack.Progress] 40% building 43/55 modules 12 active D:\twice-market-master\frontend\node_modules\cache-loader\dist\cjs.js??ref--1-0!D:\twice-market-master\frontend\node_modules\vue-loader\lib\index.js??vue-loader-options!D:\twice-market-master\frontend\src\views\front\My_sellorder_details.vue
<s> [webpack.Progress] 40% building 43/56 modules 13 active D:\twice-market-master\frontend\node_modules\cache-loader\dist\cjs.js??ref--1-0!D:\twice-market-master\frontend\node_modules\vue-loader\lib\index.js??vue-loader-options!D:\twice-market-master\frontend\src\views\front\My_order.vue
<s> [webpack.Progress] 40% building 43/57 modules 14 active D:\twice-market-master\frontend\node_modules\cache-loader\dist\cjs.js??ref--1-0!D:\twice-market-master\frontend\node_modules\vue-loader\lib\index.js??vue-loader-options!D:\twice-market-master\frontend\src\views\front\My_college.vue
<s> [webpack.Progress] 40% building 43/58 modules 15 active D:\twice-market-master\frontend\node_modules\cache-loader\dist\cjs.js??ref--1-0!D:\twice-market-master\frontend\node_modules\vue-loader\lib\index.js??vue-loader-options!D:\twice-market-master\frontend\src\views\front\My_personal.vue
<s> [webpack.Progress] 40% building 43/59 modules 16 active D:\twice-market-master\frontend\node_modules\cache-loader\dist\cjs.js??ref--1-0!D:\twice-market-master\frontend\node_modules\vue-loader\lib\index.js??vue-loader-options!D:\twice-market-master\frontend\src\views\front\My_leave .vue
<s> [webpack.Progress] 40% building 43/60 modules 17 active D:\twice-market-master\frontend\node_modules\cache-loader\dist\cjs.js??ref--1-0!D:\twice-market-master\frontend\node_modules\vue-loader\lib\index.js??vue-loader-options!D:\twice-market-master\frontend\src\views\front\My_buyorder_details.vue
<s> [webpack.Progress] 40% building 43/61 modules 18 active D:\twice-market-master\frontend\node_modules\cache-loader\dist\cjs.js??ref--1-0!D:\twice-market-master\frontend\node_modules\vue-loader\lib\index.js??vue-loader-options!D:\twice-market-master\frontend\src\views\front\Goods_details.vue
<s> [webpack.Progress] 40% building 43/62 modules 19 active D:\twice-market-master\frontend\node_modules\cache-loader\dist\cjs.js??ref--1-0!D:\twice-market-master\frontend\node_modules\vue-loader\lib\index.js??vue-loader-options!D:\twice-market-master\frontend\src\views\front\Submit_order.vue
<s> [webpack.Progress] 40% building 43/63 modules 20 active D:\twice-market-master\frontend\node_modules\cache-loader\dist\cjs.js??ref--1-0!D:\twice-market-master\frontend\node_modules\vue-loader\lib\index.js??vue-loader-options!D:\twice-market-master\frontend\src\views\front\Release_success.vue
<s> [webpack.Progress] 40% building 43/64 modules 21 active D:\twice-market-master\frontend\node_modules\cache-loader\dist\cjs.js??ref--1-0!D:\twice-market-master\frontend\node_modules\vue-loader\lib\index.js??vue-loader-options!D:\twice-market-master\frontend\src\views\front\S_login.vue
<s> [webpack.Progress] 40% building 43/65 modules 22 active D:\twice-market-master\frontend\node_modules\cache-loader\dist\cjs.js??ref--1-0!D:\twice-market-master\frontend\node_modules\vue-loader\lib\index.js??vue-loader-options!D:\twice-market-master\frontend\src\views\front\Pay.vue
<s> [webpack.Progress] 40% building 43/66 modules 23 active D:\twice-market-master\frontend\node_modules\cache-loader\dist\cjs.js??ref--1-0!D:\twice-market-master\frontend\node_modules\vue-loader\lib\index.js??vue-loader-options!D:\twice-market-master\frontend\src\views\auth\Login.vue
<s> [webpack.Progress] 40% building 43/67 modules 24 active D:\twice-market-master\frontend\node_modules\cache-loader\dist\cjs.js??ref--1-0!D:\twice-market-master\frontend\node_modules\vue-loader\lib\index.js??vue-loader-options!D:\twice-market-master\frontend\src\views\goods\Personal.vue
<s> [webpack.Progress] 40% building 43/68 modules 25 active D:\twice-market-master\frontend\node_modules\cache-loader\dist\cjs.js??ref--1-0!D:\twice-market-master\frontend\node_modules\vue-loader\lib\index.js??vue-loader-options!D:\twice-market-master\frontend\src\views\goods\Goods.vue
<s> [webpack.Progress] 40% building 43/69 modules 26 active D:\twice-market-master\frontend\node_modules\cache-loader\dist\cjs.js??ref--1-0!D:\twice-market-master\frontend\node_modules\vue-loader\lib\index.js??vue-loader-options!D:\twice-market-master\frontend\src\views\home\Home.vue
<s> [webpack.Progress] 40% building 43/70 modules 27 active D:\twice-market-master\frontend\node_modules\cache-loader\dist\cjs.js??ref--1-0!D:\twice-market-master\frontend\node_modules\vue-loader\lib\index.js??vue-loader-options!D:\twice-market-master\frontend\src\views\order\Order.vue
<s> [webpack.Progress] 40% building 43/71 modules 28 active D:\twice-market-master\frontend\node_modules\cache-loader\dist\cjs.js??ref--1-0!D:\twice-market-master\frontend\node_modules\vue-loader\lib\index.js??vue-loader-options!D:\twice-market-master\frontend\src\views\student\Student.vue
<s> [webpack.Progress] 40% building 43/72 modules 29 active D:\twice-market-master\frontend\node_modules\cache-loader\dist\cjs.js??ref--1-0!D:\twice-market-master\frontend\node_modules\vue-loader\lib\index.js??vue-loader-options!D:\twice-market-master\frontend\src\views\admin\Manage.vue
<s> [webpack.Progress] 40% building 43/73 modules 30 active D:\twice-market-master\frontend\node_modules\cache-loader\dist\cjs.js??ref--1-0!D:\twice-market-master\frontend\node_modules\vue-loader\lib\index.js??vue-loader-options!D:\twice-market-master\frontend\src\views\admin\Admin.vue
<s> [webpack.Progress] 40% building 43/74 modules 31 active D:\twice-market-master\frontend\node_modules\cache-loader\dist\cjs.js??ref--1-0!D:\twice-market-master\frontend\node_modules\vue-loader\lib\index.js??vue-loader-options!D:\twice-market-master\frontend\src\views\error\404.vue
<s> [webpack.Progress] 40% building 43/75 modules 32 active D:\twice-market-master\frontend\node_modules\node-libs-browser\node_modules\punycode\punycode.js
<s> [webpack.Progress] 40% building 44/75 modules 31 active D:\twice-market-master\frontend\node_modules\node-libs-browser\node_modules\punycode\punycode.js
<s> [webpack.Progress] 40% building 44/76 modules 32 active D:\twice-market-master\frontend\node_modules\html-entities\lib\index.js
<s> [webpack.Progress] 40% building 44/77 modules 33 active D:\twice-market-master\frontend\node_modules\element-ui\lib\button.js
<s> [webpack.Progress] 40% building 44/78 modules 34 active D:\twice-market-master\frontend\node_modules\element-ui\lib\input.js
<s> [webpack.Progress] 40% building 44/79 modules 35 active D:\twice-market-master\frontend\node_modules\element-ui\lib\checkbox.js
<s> [webpack.Progress] 40% building 44/80 modules 36 active D:\twice-market-master\frontend\node_modules\element-ui\lib\scrollbar.js
<s> [webpack.Progress] 40% building 44/81 modules 37 active D:\twice-market-master\frontend\node_modules\element-ui\lib\button-group.js
<s> [webpack.Progress] 40% building 44/82 modules 38 active D:\twice-market-master\frontend\node_modules\element-ui\lib\tooltip.js
<s> [webpack.Progress] 40% building 45/82 modules 37 active D:\twice-market-master\frontend\node_modules\element-ui\lib\tooltip.js
<s> [webpack.Progress] 40% building 45/83 modules 38 active D:\twice-market-master\frontend\node_modules\element-ui\lib\tag.js
<s> [webpack.Progress] 40% building 46/83 modules 37 active D:\twice-market-master\frontend\node_modules\element-ui\lib\tag.js
<s> [webpack.Progress] 40% building 46/84 modules 38 active D:\twice-market-master\frontend\node_modules\element-ui\lib\progress.js
<s> [webpack.Progress] 40% building 46/85 modules 39 active D:\twice-market-master\frontend\node_modules\element-ui\lib\checkbox-group.js
<s> [webpack.Progress] 40% building 47/85 modules 38 active D:\twice-market-master\frontend\node_modules\element-ui\lib\checkbox-group.js
<s> [webpack.Progress] 40% building 47/86 modules 39 active D:\twice-market-master\frontend\node_modules\element-ui\lib\popover.js
<s> [webpack.Progress] 40% building 47/87 modules 40 active D:\twice-market-master\frontend\node_modules\axios\index.js
<s> [webpack.Progress] 40% building 47/88 modules 41 active D:\twice-market-master\frontend\node_modules\core-js\internals\export.js
<s> [webpack.Progress] 40% building 47/89 modules 42 active D:\twice-market-master\frontend\node_modules\core-js\internals\descriptors.js
<s> [webpack.Progress] 40% building 47/90 modules 43 active D:\twice-market-master\frontend\node_modules\core-js\internals\global-this.js
<s> [webpack.Progress] 40% building 47/91 modules 44 active D:\twice-market-master\frontend\node_modules\core-js\internals\get-built-in.js
<s> [webpack.Progress] 40% building 47/92 modules 45 active D:\twice-market-master\frontend\node_modules\core-js\internals\is-callable.js
<s> [webpack.Progress] 40% building 47/93 modules 46 active D:\twice-market-master\frontend\node_modules\core-js\internals\is-object.js
<s> [webpack.Progress] 40% building 47/94 modules 47 active D:\twice-market-master\frontend\node_modules\core-js\internals\function-uncurry-this.js
<s> [webpack.Progress] 40% building 47/95 modules 48 active D:\twice-market-master\frontend\node_modules\core-js\internals\function-call.js
<s> [webpack.Progress] 40% building 47/96 modules 49 active D:\twice-market-master\frontend\node_modules\core-js\internals\is-array.js
<s> [webpack.Progress] 40% building 47/97 modules 50 active D:\twice-market-master\frontend\node_modules\core-js\internals\has-own-property.js
<s> [webpack.Progress] 40% building 47/98 modules 51 active D:\twice-market-master\frontend\node_modules\core-js\internals\create-property.js
<s> [webpack.Progress] 40% building 47/99 modules 52 active D:\twice-market-master\frontend\node_modules\core-js\internals\to-string.js
<s> [webpack.Progress] 40% building 47/100 modules 53 active D:\twice-market-master\frontend\node_modules\core-js\internals\length-of-array-like.js
<s> [webpack.Progress] 40% building 47/101 modules 54 active D:\twice-market-master\frontend\node_modules\core-js\internals\parse-json-string.js
<s> [webpack.Progress] 40% building 47/102 modules 55 active D:\twice-market-master\frontend\node_modules\core-js\internals\symbol-constructor-detection.js
<s> [webpack.Progress] 40% building 47/103 modules 56 active D:\twice-market-master\frontend\node_modules\core-js\internals\fails.js
<s> [webpack.Progress] 40% building 47/104 modules 57 active D:\twice-market-master\frontend\node_modules\core-js\internals\does-not-exceed-safe-integer.js
<s> [webpack.Progress] 40% building 47/105 modules 58 active D:\twice-market-master\frontend\node_modules\core-js\internals\to-object.js
<s> [webpack.Progress] 40% building 47/106 modules 59 active D:\twice-market-master\frontend\node_modules\core-js\internals\array-set-length.js
<s> [webpack.Progress] 40% building 47/107 modules 60 active D:\twice-market-master\frontend\node_modules\element-ui\lib\radio.js
<s> [webpack.Progress] 40% building 47/108 modules 61 active D:\twice-market-master\frontend\node_modules\element-ui\lib\utils\date-util.js
<s> [webpack.Progress] 40% building 47/109 modules 62 active D:\twice-market-master\frontend\node_modules\element-ui\lib\utils\util.js
<s> [webpack.Progress] 40% building 47/110 modules 63 active D:\twice-market-master\frontend\node_modules\element-ui\lib\utils\vue-popper.js
<s> [webpack.Progress] 40% building 47/111 modules 64 active D:\twice-market-master\frontend\node_modules\element-ui\lib\utils\dom.js
<s> [webpack.Progress] 40% building 47/112 modules 65 active D:\twice-market-master\frontend\node_modules\element-ui\lib\utils\merge.js
<s> [webpack.Progress] 40% building 47/113 modules 66 active D:\twice-market-master\frontend\node_modules\element-ui\lib\utils\clickoutside.js
<s> [webpack.Progress] 40% building 47/114 modules 67 active D:\twice-market-master\frontend\node_modules\element-ui\lib\utils\resize-event.js
<s> [webpack.Progress] 40% building 47/115 modules 68 active D:\twice-market-master\frontend\node_modules\element-ui\lib\utils\types.js
<s> [webpack.Progress] 40% building 47/116 modules 69 active D:\twice-market-master\frontend\node_modules\element-ui\lib\utils\shared.js
<s> [webpack.Progress] 40% building 47/117 modules 70 active D:\twice-market-master\frontend\node_modules\element-ui\lib\utils\date.js
<s> [webpack.Progress] 40% building 47/118 modules 71 active D:\twice-market-master\frontend\node_modules\element-ui\lib\utils\scroll-into-view.js
<s> [webpack.Progress] 40% building 47/119 modules 72 active D:\twice-market-master\frontend\node_modules\element-ui\lib\utils\scrollbar-width.js
<s> [webpack.Progress] 40% building 47/120 modules 73 active D:\twice-market-master\frontend\node_modules\element-ui\lib\utils\vdom.js
<s> [webpack.Progress] 40% building 47/121 modules 74 active D:\twice-market-master\frontend\node_modules\element-ui\lib\utils\lodash.js
<s> [webpack.Progress] 40% building 47/122 modules 75 active D:\twice-market-master\frontend\node_modules\element-ui\lib\utils\after-leave.js
<s> [webpack.Progress] 40% building 47/123 modules 76 active D:\twice-market-master\frontend\node_modules\loglevel\lib\loglevel.js
<s> [webpack.Progress] 40% building 47/124 modules 77 active D:\twice-market-master\frontend\node_modules\element-ui\lib\mixins\emitter.js
<s> [webpack.Progress] 40% building 47/125 modules 78 active D:\twice-market-master\frontend\node_modules\element-ui\lib\mixins\locale.js
<s> [webpack.Progress] 40% building 47/126 modules 79 active D:\twice-market-master\frontend\node_modules\element-ui\lib\mixins\focus.js
<s> [webpack.Progress] 40% building 47/127 modules 80 active D:\twice-market-master\frontend\node_modules\element-ui\lib\mixins\migrating.js
<s> [webpack.Progress] 40% building 48/127 modules 79 active D:\twice-market-master\frontend\node_modules\element-ui\lib\mixins\migrating.js
<s> [webpack.Progress] 40% building 49/127 modules 78 active D:\twice-market-master\frontend\node_modules\element-ui\lib\mixins\migrating.js
<s> [webpack.Progress] 40% building 49/128 modules 79 active D:\twice-market-master\frontend\node_modules\vue-loader\lib\loaders\pitcher.js??ref--4!D:\twice-market-master\frontend\node_modules\cache-loader\dist\cjs.js??ref--13-0!D:\twice-market-master\frontend\node_modules\babel-loader\lib\index.js!D:\twice-market-master\frontend\node_modules\vue-loader\lib\loaders\templateLoader.js??ref--6!D:\twice-market-master\frontend\node_modules\cache-loader\dist\cjs.js??ref--1-0!D:\twice-market-master\frontend\node_modules\vue-loader\lib\index.js??vue-loader-options!D:\twice-market-master\frontend\src\views\front\index.vue?vue&type=template&id=f31cd97c&scoped=true
<s> [webpack.Progress] 40% building 50/128 modules 78 active D:\twice-market-master\frontend\node_modules\element-ui\lib\mixins\migrating.js
<s> [webpack.Progress] 40% building 50/129 modules 79 active D:\twice-market-master\frontend\node_modules\cache-loader\dist\cjs.js?{"cacheDirectory":"node_modules/.cache/vue-loader","cacheIdentifier":"23271c7c-vue-loader-template"}!D:\twice-market-master\frontend\node_modules\cache-loader\dist\cjs.js??ref--13-0!D:\twice-market-master\frontend\node_modules\babel-loader\lib\index.js!D:\twice-market-master\frontend\node_modules\vue-loader\lib\loaders\templateLoader.js??ref--6!D:\twice-market-master\frontend\node_modules\cache-loader\dist\cjs.js??ref--1-0!D:\twice-market-master\frontend\node_modules\vue-loader\lib\index.js??vue-loader-options!D:\twice-market-master\frontend\src\views\front\index.vue?vue&type=template&id=f31cd97c&scoped=true
<s> [webpack.Progress] 40% building 51/129 modules 78 active D:\twice-market-master\frontend\node_modules\cache-loader\dist\cjs.js?{"cacheDirectory":"node_modules/.cache/vue-loader","cacheIdentifier":"23271c7c-vue-loader-template"}!D:\twice-market-master\frontend\node_modules\cache-loader\dist\cjs.js??ref--13-0!D:\twice-market-master\frontend\node_modules\babel-loader\lib\index.js!D:\twice-market-master\frontend\node_modules\vue-loader\lib\loaders\templateLoader.js??ref--6!D:\twice-market-master\frontend\node_modules\cache-loader\dist\cjs.js??ref--1-0!D:\twice-market-master\frontend\node_modules\vue-loader\lib\index.js??vue-loader-options!D:\twice-market-master\frontend\src\views\front\index.vue?vue&type=template&id=f31cd97c&scoped=true
<s> [webpack.Progress] 40% building 51/130 modules 79 active D:\twice-market-master\frontend\node_modules\vue-loader\lib\loaders\pitcher.js??ref--4!D:\twice-market-master\frontend\node_modules\cache-loader\dist\cjs.js??ref--13-0!D:\twice-market-master\frontend\node_modules\babel-loader\lib\index.js!D:\twice-market-master\frontend\node_modules\vue-loader\lib\loaders\templateLoader.js??ref--6!D:\twice-market-master\frontend\node_modules\cache-loader\dist\cjs.js??ref--1-0!D:\twice-market-master\frontend\node_modules\vue-loader\lib\index.js??vue-loader-options!D:\twice-market-master\frontend\src\views\front\My_goods.vue?vue&type=template&id=1602b73a
<s> [webpack.Progress] 40% building 52/130 modules 78 active D:\twice-market-master\frontend\node_modules\cache-loader\dist\cjs.js?{"cacheDirectory":"node_modules/.cache/vue-loader","cacheIdentifier":"23271c7c-vue-loader-template"}!D:\twice-market-master\frontend\node_modules\cache-loader\dist\cjs.js??ref--13-0!D:\twice-market-master\frontend\node_modules\babel-loader\lib\index.js!D:\twice-market-master\frontend\node_modules\vue-loader\lib\loaders\templateLoader.js??ref--6!D:\twice-market-master\frontend\node_modules\cache-loader\dist\cjs.js??ref--1-0!D:\twice-market-master\frontend\node_modules\vue-loader\lib\index.js??vue-loader-options!D:\twice-market-master\frontend\src\views\front\index.vue?vue&type=template&id=f31cd97c&scoped=true
<s> [webpack.Progress] 40% building 52/131 modules 79 active D:\twice-market-master\frontend\node_modules\cache-loader\dist\cjs.js?{"cacheDirectory":"node_modules/.cache/vue-loader","cacheIdentifier":"23271c7c-vue-loader-template"}!D:\twice-market-master\frontend\node_modules\cache-loader\dist\cjs.js??ref--13-0!D:\twice-market-master\frontend\node_modules\babel-loader\lib\index.js!D:\twice-market-master\frontend\node_modules\vue-loader\lib\loaders\templateLoader.js??ref--6!D:\twice-market-master\frontend\node_modules\cache-loader\dist\cjs.js??ref--1-0!D:\twice-market-master\frontend\node_modules\vue-loader\lib\index.js??vue-loader-options!D:\twice-market-master\frontend\src\views\front\My_goods.vue?vue&type=template&id=1602b73a
<s> [webpack.Progress] 40% building 53/131 modules 78 active D:\twice-market-master\frontend\node_modules\cache-loader\dist\cjs.js?{"cacheDirectory":"node_modules/.cache/vue-loader","cacheIdentifier":"23271c7c-vue-loader-template"}!D:\twice-market-master\frontend\node_modules\cache-loader\dist\cjs.js??ref--13-0!D:\twice-market-master\frontend\node_modules\babel-loader\lib\index.js!D:\twice-market-master\frontend\node_modules\vue-loader\lib\loaders\templateLoader.js??ref--6!D:\twice-market-master\frontend\node_modules\cache-loader\dist\cjs.js??ref--1-0!D:\twice-market-master\frontend\node_modules\vue-loader\lib\index.js??vue-loader-options!D:\twice-market-master\frontend\src\views\front\My_goods.vue?vue&type=template&id=1602b73a
<s> [webpack.Progress] 40% building 53/132 modules 79 active D:\twice-market-master\frontend\node_modules\vue-loader\lib\loaders\pitcher.js??ref--4!D:\twice-market-master\frontend\node_modules\cache-loader\dist\cjs.js??ref--13-0!D:\twice-market-master\frontend\node_modules\babel-loader\lib\index.js!D:\twice-market-master\frontend\node_modules\vue-loader\lib\loaders\templateLoader.js??ref--6!D:\twice-market-master\frontend\node_modules\cache-loader\dist\cjs.js??ref--1-0!D:\twice-market-master\frontend\node_modules\vue-loader\lib\index.js??vue-loader-options!D:\twice-market-master\frontend\src\views\front\Shop.vue?vue&type=template&id=475aca54
<s> [webpack.Progress] 40% building 54/132 modules 78 active D:\twice-market-master\frontend\node_modules\cache-loader\dist\cjs.js?{"cacheDirectory":"node_modules/.cache/vue-loader","cacheIdentifier":"23271c7c-vue-loader-template"}!D:\twice-market-master\frontend\node_modules\cache-loader\dist\cjs.js??ref--13-0!D:\twice-market-master\frontend\node_modules\babel-loader\lib\index.js!D:\twice-market-master\frontend\node_modules\vue-loader\lib\loaders\templateLoader.js??ref--6!D:\twice-market-master\frontend\node_modules\cache-loader\dist\cjs.js??ref--1-0!D:\twice-market-master\frontend\node_modules\vue-loader\lib\index.js??vue-loader-options!D:\twice-market-master\frontend\src\views\front\My_goods.vue?vue&type=template&id=1602b73a
<s> [webpack.Progress] 40% building 54/133 modules 79 active D:\twice-market-master\frontend\node_modules\cache-loader\dist\cjs.js?{"cacheDirectory":"node_modules/.cache/vue-loader","cacheIdentifier":"23271c7c-vue-loader-template"}!D:\twice-market-master\frontend\node_modules\cache-loader\dist\cjs.js??ref--13-0!D:\twice-market-master\frontend\node_modules\babel-loader\lib\index.js!D:\twice-market-master\frontend\node_modules\vue-loader\lib\loaders\templateLoader.js??ref--6!D:\twice-market-master\frontend\node_modules\cache-loader\dist\cjs.js??ref--1-0!D:\twice-market-master\frontend\node_modules\vue-loader\lib\index.js??vue-loader-options!D:\twice-market-master\frontend\src\views\front\Shop.vue?vue&type=template&id=475aca54
<s> [webpack.Progress] 40% building 55/133 modules 78 active D:\twice-market-master\frontend\node_modules\cache-loader\dist\cjs.js?{"cacheDirectory":"node_modules/.cache/vue-loader","cacheIdentifier":"23271c7c-vue-loader-template"}!D:\twice-market-master\frontend\node_modules\cache-loader\dist\cjs.js??ref--13-0!D:\twice-market-master\frontend\node_modules\babel-loader\lib\index.js!D:\twice-market-master\frontend\node_modules\vue-loader\lib\loaders\templateLoader.js??ref--6!D:\twice-market-master\frontend\node_modules\cache-loader\dist\cjs.js??ref--1-0!D:\twice-market-master\frontend\node_modules\vue-loader\lib\index.js??vue-loader-options!D:\twice-market-master\frontend\src\views\front\Shop.vue?vue&type=template&id=475aca54
<s> [webpack.Progress] 40% building 55/134 modules 79 active D:\twice-market-master\frontend\node_modules\vue-loader\lib\loaders\pitcher.js??ref--4!D:\twice-market-master\frontend\node_modules\cache-loader\dist\cjs.js??ref--13-0!D:\twice-market-master\frontend\node_modules\babel-loader\lib\index.js!D:\twice-market-master\frontend\node_modules\vue-loader\lib\loaders\templateLoader.js??ref--6!D:\twice-market-master\frontend\node_modules\cache-loader\dist\cjs.js??ref--1-0!D:\twice-market-master\frontend\node_modules\vue-loader\lib\index.js??vue-loader-options!D:\twice-market-master\frontend\src\views\front\Release.vue?vue&type=template&id=0f5bc1d7
<s> [webpack.Progress] 40% building 56/134 modules 78 active D:\twice-market-master\frontend\node_modules\cache-loader\dist\cjs.js?{"cacheDirectory":"node_modules/.cache/vue-loader","cacheIdentifier":"23271c7c-vue-loader-template"}!D:\twice-market-master\frontend\node_modules\cache-loader\dist\cjs.js??ref--13-0!D:\twice-market-master\frontend\node_modules\babel-loader\lib\index.js!D:\twice-market-master\frontend\node_modules\vue-loader\lib\loaders\templateLoader.js??ref--6!D:\twice-market-master\frontend\node_modules\cache-loader\dist\cjs.js??ref--1-0!D:\twice-market-master\frontend\node_modules\vue-loader\lib\index.js??vue-loader-options!D:\twice-market-master\frontend\src\views\front\Shop.vue?vue&type=template&id=475aca54
<s> [webpack.Progress] 40% building 56/135 modules 79 active D:\twice-market-master\frontend\node_modules\cache-loader\dist\cjs.js?{"cacheDirectory":"node_modules/.cache/vue-loader","cacheIdentifier":"23271c7c-vue-loader-template"}!D:\twice-market-master\frontend\node_modules\cache-loader\dist\cjs.js??ref--13-0!D:\twice-market-master\frontend\node_modules\babel-loader\lib\index.js!D:\twice-market-master\frontend\node_modules\vue-loader\lib\loaders\templateLoader.js??ref--6!D:\twice-market-master\frontend\node_modules\cache-loader\dist\cjs.js??ref--1-0!D:\twice-market-master\frontend\node_modules\vue-loader\lib\index.js??vue-loader-options!D:\twice-market-master\frontend\src\views\front\Release.vue?vue&type=template&id=0f5bc1d7
<s> [webpack.Progress] 40% building 57/135 modules 78 active D:\twice-market-master\frontend\node_modules\cache-loader\dist\cjs.js?{"cacheDirectory":"node_modules/.cache/vue-loader","cacheIdentifier":"23271c7c-vue-loader-template"}!D:\twice-market-master\frontend\node_modules\cache-loader\dist\cjs.js??ref--13-0!D:\twice-market-master\frontend\node_modules\babel-loader\lib\index.js!D:\twice-market-master\frontend\node_modules\vue-loader\lib\loaders\templateLoader.js??ref--6!D:\twice-market-master\frontend\node_modules\cache-loader\dist\cjs.js??ref--1-0!D:\twice-market-master\frontend\node_modules\vue-loader\lib\index.js??vue-loader-options!D:\twice-market-master\frontend\src\views\front\Release.vue?vue&type=template&id=0f5bc1d7
<s> [webpack.Progress] 40% building 57/136 modules 79 active D:\twice-market-master\frontend\node_modules\vue-loader\lib\loaders\pitcher.js??ref--4!D:\twice-market-master\frontend\node_modules\cache-loader\dist\cjs.js??ref--13-0!D:\twice-market-master\frontend\node_modules\babel-loader\lib\index.js!D:\twice-market-master\frontend\node_modules\vue-loader\lib\loaders\templateLoader.js??ref--6!D:\twice-market-master\frontend\node_modules\cache-loader\dist\cjs.js??ref--1-0!D:\twice-market-master\frontend\node_modules\vue-loader\lib\index.js??vue-loader-options!D:\twice-market-master\frontend\src\views\front\update_goods.vue?vue&type=template&id=ad14b1c0
<s> [webpack.Progress] 40% building 58/136 modules 78 active D:\twice-market-master\frontend\node_modules\cache-loader\dist\cjs.js?{"cacheDirectory":"node_modules/.cache/vue-loader","cacheIdentifier":"23271c7c-vue-loader-template"}!D:\twice-market-master\frontend\node_modules\cache-loader\dist\cjs.js??ref--13-0!D:\twice-market-master\frontend\node_modules\babel-loader\lib\index.js!D:\twice-market-master\frontend\node_modules\vue-loader\lib\loaders\templateLoader.js??ref--6!D:\twice-market-master\frontend\node_modules\cache-loader\dist\cjs.js??ref--1-0!D:\twice-market-master\frontend\node_modules\vue-loader\lib\index.js??vue-loader-options!D:\twice-market-master\frontend\src\views\front\Release.vue?vue&type=template&id=0f5bc1d7
<s> [webpack.Progress] 40% building 58/137 modules 79 active D:\twice-market-master\frontend\node_modules\cache-loader\dist\cjs.js?{"cacheDirectory":"node_modules/.cache/vue-loader","cacheIdentifier":"23271c7c-vue-loader-template"}!D:\twice-market-master\frontend\node_modules\cache-loader\dist\cjs.js??ref--13-0!D:\twice-market-master\frontend\node_modules\babel-loader\lib\index.js!D:\twice-market-master\frontend\node_modules\vue-loader\lib\loaders\templateLoader.js??ref--6!D:\twice-market-master\frontend\node_modules\cache-loader\dist\cjs.js??ref--1-0!D:\twice-market-master\frontend\node_modules\vue-loader\lib\index.js??vue-loader-options!D:\twice-market-master\frontend\src\views\front\update_goods.vue?vue&type=template&id=ad14b1c0
<s> [webpack.Progress] 40% building 59/137 modules 78 active D:\twice-market-master\frontend\node_modules\cache-loader\dist\cjs.js?{"cacheDirectory":"node_modules/.cache/vue-loader","cacheIdentifier":"23271c7c-vue-loader-template"}!D:\twice-market-master\frontend\node_modules\cache-loader\dist\cjs.js??ref--13-0!D:\twice-market-master\frontend\node_modules\babel-loader\lib\index.js!D:\twice-market-master\frontend\node_modules\vue-loader\lib\loaders\templateLoader.js??ref--6!D:\twice-market-master\frontend\node_modules\cache-loader\dist\cjs.js??ref--1-0!D:\twice-market-master\frontend\node_modules\vue-loader\lib\index.js??vue-loader-options!D:\twice-market-master\frontend\src\views\front\update_goods.vue?vue&type=template&id=ad14b1c0
<s> [webpack.Progress] 40% building 59/138 modules 79 active D:\twice-market-master\frontend\node_modules\vue-loader\lib\loaders\pitcher.js??ref--4!D:\twice-market-master\frontend\node_modules\cache-loader\dist\cjs.js??ref--13-0!D:\twice-market-master\frontend\node_modules\babel-loader\lib\index.js!D:\twice-market-master\frontend\node_modules\vue-loader\lib\loaders\templateLoader.js??ref--6!D:\twice-market-master\frontend\node_modules\cache-loader\dist\cjs.js??ref--1-0!D:\twice-market-master\frontend\node_modules\vue-loader\lib\index.js??vue-loader-options!D:\twice-market-master\frontend\src\views\front\My_order.vue?vue&type=template&id=eaf04f4a
<s> [webpack.Progress] 40% building 60/138 modules 78 active D:\twice-market-master\frontend\node_modules\cache-loader\dist\cjs.js?{"cacheDirectory":"node_modules/.cache/vue-loader","cacheIdentifier":"23271c7c-vue-loader-template"}!D:\twice-market-master\frontend\node_modules\cache-loader\dist\cjs.js??ref--13-0!D:\twice-market-master\frontend\node_modules\babel-loader\lib\index.js!D:\twice-market-master\frontend\node_modules\vue-loader\lib\loaders\templateLoader.js??ref--6!D:\twice-market-master\frontend\node_modules\cache-loader\dist\cjs.js??ref--1-0!D:\twice-market-master\frontend\node_modules\vue-loader\lib\index.js??vue-loader-options!D:\twice-market-master\frontend\src\views\front\update_goods.vue?vue&type=template&id=ad14b1c0
<s> [webpack.Progress] 40% building 60/139 modules 79 active D:\twice-market-master\frontend\node_modules\cache-loader\dist\cjs.js?{"cacheDirectory":"node_modules/.cache/vue-loader","cacheIdentifier":"23271c7c-vue-loader-template"}!D:\twice-market-master\frontend\node_modules\cache-loader\dist\cjs.js??ref--13-0!D:\twice-market-master\frontend\node_modules\babel-loader\lib\index.js!D:\twice-market-master\frontend\node_modules\vue-loader\lib\loaders\templateLoader.js??ref--6!D:\twice-market-master\frontend\node_modules\cache-loader\dist\cjs.js??ref--1-0!D:\twice-market-master\frontend\node_modules\vue-loader\lib\index.js??vue-loader-options!D:\twice-market-master\frontend\src\views\front\My_order.vue?vue&type=template&id=eaf04f4a
<s> [webpack.Progress] 40% building 61/139 modules 78 active D:\twice-market-master\frontend\node_modules\cache-loader\dist\cjs.js?{"cacheDirectory":"node_modules/.cache/vue-loader","cacheIdentifier":"23271c7c-vue-loader-template"}!D:\twice-market-master\frontend\node_modules\cache-loader\dist\cjs.js??ref--13-0!D:\twice-market-master\frontend\node_modules\babel-loader\lib\index.js!D:\twice-market-master\frontend\node_modules\vue-loader\lib\loaders\templateLoader.js??ref--6!D:\twice-market-master\frontend\node_modules\cache-loader\dist\cjs.js??ref--1-0!D:\twice-market-master\frontend\node_modules\vue-loader\lib\index.js??vue-loader-options!D:\twice-market-master\frontend\src\views\front\My_order.vue?vue&type=template&id=eaf04f4a
<s> [webpack.Progress] 40% building 61/140 modules 79 active D:\twice-market-master\frontend\node_modules\vue-loader\lib\loaders\pitcher.js??ref--4!D:\twice-market-master\frontend\node_modules\cache-loader\dist\cjs.js??ref--13-0!D:\twice-market-master\frontend\node_modules\babel-loader\lib\index.js!D:\twice-market-master\frontend\node_modules\vue-loader\lib\loaders\templateLoader.js??ref--6!D:\twice-market-master\frontend\node_modules\cache-loader\dist\cjs.js??ref--1-0!D:\twice-market-master\frontend\node_modules\vue-loader\lib\index.js??vue-loader-options!D:\twice-market-master\frontend\src\views\front\My_sellorder_details.vue?vue&type=template&id=db31fd68&scoped=true
<s> [webpack.Progress] 40% building 62/140 modules 78 active D:\twice-market-master\frontend\node_modules\cache-loader\dist\cjs.js?{"cacheDirectory":"node_modules/.cache/vue-loader","cacheIdentifier":"23271c7c-vue-loader-template"}!D:\twice-market-master\frontend\node_modules\cache-loader\dist\cjs.js??ref--13-0!D:\twice-market-master\frontend\node_modules\babel-loader\lib\index.js!D:\twice-market-master\frontend\node_modules\vue-loader\lib\loaders\templateLoader.js??ref--6!D:\twice-market-master\frontend\node_modules\cache-loader\dist\cjs.js??ref--1-0!D:\twice-market-master\frontend\node_modules\vue-loader\lib\index.js??vue-loader-options!D:\twice-market-master\frontend\src\views\front\My_order.vue?vue&type=template&id=eaf04f4a
<s> [webpack.Progress] 40% building 62/141 modules 79 active D:\twice-market-master\frontend\node_modules\cache-loader\dist\cjs.js?{"cacheDirectory":"node_modules/.cache/vue-loader","cacheIdentifier":"23271c7c-vue-loader-template"}!D:\twice-market-master\frontend\node_modules\cache-loader\dist\cjs.js??ref--13-0!D:\twice-market-master\frontend\node_modules\babel-loader\lib\index.js!D:\twice-market-master\frontend\node_modules\vue-loader\lib\loaders\templateLoader.js??ref--6!D:\twice-market-master\frontend\node_modules\cache-loader\dist\cjs.js??ref--1-0!D:\twice-market-master\frontend\node_modules\vue-loader\lib\index.js??vue-loader-options!D:\twice-market-master\frontend\src\views\front\My_sellorder_details.vue?vue&type=template&id=db31fd68&scoped=true
<s> [webpack.Progress] 40% building 63/141 modules 78 active D:\twice-market-master\frontend\node_modules\cache-loader\dist\cjs.js?{"cacheDirectory":"node_modules/.cache/vue-loader","cacheIdentifier":"23271c7c-vue-loader-template"}!D:\twice-market-master\frontend\node_modules\cache-loader\dist\cjs.js??ref--13-0!D:\twice-market-master\frontend\node_modules\babel-loader\lib\index.js!D:\twice-market-master\frontend\node_modules\vue-loader\lib\loaders\templateLoader.js??ref--6!D:\twice-market-master\frontend\node_modules\cache-loader\dist\cjs.js??ref--1-0!D:\twice-market-master\frontend\node_modules\vue-loader\lib\index.js??vue-loader-options!D:\twice-market-master\frontend\src\views\front\My_sellorder_details.vue?vue&type=template&id=db31fd68&scoped=true
<s> [webpack.Progress] 40% building 63/142 modules 79 active D:\twice-market-master\frontend\node_modules\vue-loader\lib\loaders\pitcher.js??ref--4!D:\twice-market-master\frontend\node_modules\cache-loader\dist\cjs.js??ref--13-0!D:\twice-market-master\frontend\node_modules\babel-loader\lib\index.js!D:\twice-market-master\frontend\node_modules\vue-loader\lib\loaders\templateLoader.js??ref--6!D:\twice-market-master\frontend\node_modules\cache-loader\dist\cjs.js??ref--1-0!D:\twice-market-master\frontend\node_modules\vue-loader\lib\index.js??vue-loader-options!D:\twice-market-master\frontend\src\views\front\My_goods_details.vue?vue&type=template&id=7e6008e6
<s> [webpack.Progress] 40% building 64/142 modules 78 active D:\twice-market-master\frontend\node_modules\cache-loader\dist\cjs.js?{"cacheDirectory":"node_modules/.cache/vue-loader","cacheIdentifier":"23271c7c-vue-loader-template"}!D:\twice-market-master\frontend\node_modules\cache-loader\dist\cjs.js??ref--13-0!D:\twice-market-master\frontend\node_modules\babel-loader\lib\index.js!D:\twice-market-master\frontend\node_modules\vue-loader\lib\loaders\templateLoader.js??ref--6!D:\twice-market-master\frontend\node_modules\cache-loader\dist\cjs.js??ref--1-0!D:\twice-market-master\frontend\node_modules\vue-loader\lib\index.js??vue-loader-options!D:\twice-market-master\frontend\src\views\front\My_sellorder_details.vue?vue&type=template&id=db31fd68&scoped=true
<s> [webpack.Progress] 40% building 64/143 modules 79 active D:\twice-market-master\frontend\node_modules\cache-loader\dist\cjs.js?{"cacheDirectory":"node_modules/.cache/vue-loader","cacheIdentifier":"23271c7c-vue-loader-template"}!D:\twice-market-master\frontend\node_modules\cache-loader\dist\cjs.js??ref--13-0!D:\twice-market-master\frontend\node_modules\babel-loader\lib\index.js!D:\twice-market-master\frontend\node_modules\vue-loader\lib\loaders\templateLoader.js??ref--6!D:\twice-market-master\frontend\node_modules\cache-loader\dist\cjs.js??ref--1-0!D:\twice-market-master\frontend\node_modules\vue-loader\lib\index.js??vue-loader-options!D:\twice-market-master\frontend\src\views\front\My_goods_details.vue?vue&type=template&id=7e6008e6
<s> [webpack.Progress] 40% building 65/143 modules 78 active D:\twice-market-master\frontend\node_modules\cache-loader\dist\cjs.js?{"cacheDirectory":"node_modules/.cache/vue-loader","cacheIdentifier":"23271c7c-vue-loader-template"}!D:\twice-market-master\frontend\node_modules\cache-loader\dist\cjs.js??ref--13-0!D:\twice-market-master\frontend\node_modules\babel-loader\lib\index.js!D:\twice-market-master\frontend\node_modules\vue-loader\lib\loaders\templateLoader.js??ref--6!D:\twice-market-master\frontend\node_modules\cache-loader\dist\cjs.js??ref--1-0!D:\twice-market-master\frontend\node_modules\vue-loader\lib\index.js??vue-loader-options!D:\twice-market-master\frontend\src\views\front\My_goods_details.vue?vue&type=template&id=7e6008e6
<s> [webpack.Progress] 40% building 65/144 modules 79 active D:\twice-market-master\frontend\node_modules\vue-loader\lib\loaders\pitcher.js??ref--4!D:\twice-market-master\frontend\node_modules\cache-loader\dist\cjs.js??ref--13-0!D:\twice-market-master\frontend\node_modules\babel-loader\lib\index.js!D:\twice-market-master\frontend\node_modules\vue-loader\lib\loaders\templateLoader.js??ref--6!D:\twice-market-master\frontend\node_modules\cache-loader\dist\cjs.js??ref--1-0!D:\twice-market-master\frontend\node_modules\vue-loader\lib\index.js??vue-loader-options!D:\twice-market-master\frontend\src\views\front\My_college.vue?vue&type=template&id=5a2ddce4
<s> [webpack.Progress] 40% building 66/144 modules 78 active D:\twice-market-master\frontend\node_modules\cache-loader\dist\cjs.js?{"cacheDirectory":"node_modules/.cache/vue-loader","cacheIdentifier":"23271c7c-vue-loader-template"}!D:\twice-market-master\frontend\node_modules\cache-loader\dist\cjs.js??ref--13-0!D:\twice-market-master\frontend\node_modules\babel-loader\lib\index.js!D:\twice-market-master\frontend\node_modules\vue-loader\lib\loaders\templateLoader.js??ref--6!D:\twice-market-master\frontend\node_modules\cache-loader\dist\cjs.js??ref--1-0!D:\twice-market-master\frontend\node_modules\vue-loader\lib\index.js??vue-loader-options!D:\twice-market-master\frontend\src\views\front\My_goods_details.vue?vue&type=template&id=7e6008e6
<s> [webpack.Progress] 40% building 66/145 modules 79 active D:\twice-market-master\frontend\node_modules\cache-loader\dist\cjs.js?{"cacheDirectory":"node_modules/.cache/vue-loader","cacheIdentifier":"23271c7c-vue-loader-template"}!D:\twice-market-master\frontend\node_modules\cache-loader\dist\cjs.js??ref--13-0!D:\twice-market-master\frontend\node_modules\babel-loader\lib\index.js!D:\twice-market-master\frontend\node_modules\vue-loader\lib\loaders\templateLoader.js??ref--6!D:\twice-market-master\frontend\node_modules\cache-loader\dist\cjs.js??ref--1-0!D:\twice-market-master\frontend\node_modules\vue-loader\lib\index.js??vue-loader-options!D:\twice-market-master\frontend\src\views\front\My_college.vue?vue&type=template&id=5a2ddce4
<s> [webpack.Progress] 40% building 67/145 modules 78 active D:\twice-market-master\frontend\node_modules\cache-loader\dist\cjs.js?{"cacheDirectory":"node_modules/.cache/vue-loader","cacheIdentifier":"23271c7c-vue-loader-template"}!D:\twice-market-master\frontend\node_modules\cache-loader\dist\cjs.js??ref--13-0!D:\twice-market-master\frontend\node_modules\babel-loader\lib\index.js!D:\twice-market-master\frontend\node_modules\vue-loader\lib\loaders\templateLoader.js??ref--6!D:\twice-market-master\frontend\node_modules\cache-loader\dist\cjs.js??ref--1-0!D:\twice-market-master\frontend\node_modules\vue-loader\lib\index.js??vue-loader-options!D:\twice-market-master\frontend\src\views\front\My_college.vue?vue&type=template&id=5a2ddce4
<s> [webpack.Progress] 40% building 67/146 modules 79 active D:\twice-market-master\frontend\node_modules\vue-loader\lib\loaders\pitcher.js??ref--4!D:\twice-market-master\frontend\node_modules\cache-loader\dist\cjs.js??ref--13-0!D:\twice-market-master\frontend\node_modules\babel-loader\lib\index.js!D:\twice-market-master\frontend\node_modules\vue-loader\lib\loaders\templateLoader.js??ref--6!D:\twice-market-master\frontend\node_modules\cache-loader\dist\cjs.js??ref--1-0!D:\twice-market-master\frontend\node_modules\vue-loader\lib\index.js??vue-loader-options!D:\twice-market-master\frontend\src\views\front\My_leave .vue?vue&type=template&id=d2a2b0e8
<s> [webpack.Progress] 40% building 68/146 modules 78 active D:\twice-market-master\frontend\node_modules\cache-loader\dist\cjs.js?{"cacheDirectory":"node_modules/.cache/vue-loader","cacheIdentifier":"23271c7c-vue-loader-template"}!D:\twice-market-master\frontend\node_modules\cache-loader\dist\cjs.js??ref--13-0!D:\twice-market-master\frontend\node_modules\babel-loader\lib\index.js!D:\twice-market-master\frontend\node_modules\vue-loader\lib\loaders\templateLoader.js??ref--6!D:\twice-market-master\frontend\node_modules\cache-loader\dist\cjs.js??ref--1-0!D:\twice-market-master\frontend\node_modules\vue-loader\lib\index.js??vue-loader-options!D:\twice-market-master\frontend\src\views\front\My_college.vue?vue&type=template&id=5a2ddce4
<s> [webpack.Progress] 40% building 68/147 modules 79 active D:\twice-market-master\frontend\node_modules\cache-loader\dist\cjs.js?{"cacheDirectory":"node_modules/.cache/vue-loader","cacheIdentifier":"23271c7c-vue-loader-template"}!D:\twice-market-master\frontend\node_modules\cache-loader\dist\cjs.js??ref--13-0!D:\twice-market-master\frontend\node_modules\babel-loader\lib\index.js!D:\twice-market-master\frontend\node_modules\vue-loader\lib\loaders\templateLoader.js??ref--6!D:\twice-market-master\frontend\node_modules\cache-loader\dist\cjs.js??ref--1-0!D:\twice-market-master\frontend\node_modules\vue-loader\lib\index.js??vue-loader-options!D:\twice-market-master\frontend\src\views\front\My_leave .vue?vue&type=template&id=d2a2b0e8
<s> [webpack.Progress] 40% building 69/147 modules 78 active D:\twice-market-master\frontend\node_modules\cache-loader\dist\cjs.js?{"cacheDirectory":"node_modules/.cache/vue-loader","cacheIdentifier":"23271c7c-vue-loader-template"}!D:\twice-market-master\frontend\node_modules\cache-loader\dist\cjs.js??ref--13-0!D:\twice-market-master\frontend\node_modules\babel-loader\lib\index.js!D:\twice-market-master\frontend\node_modules\vue-loader\lib\loaders\templateLoader.js??ref--6!D:\twice-market-master\frontend\node_modules\cache-loader\dist\cjs.js??ref--1-0!D:\twice-market-master\frontend\node_modules\vue-loader\lib\index.js??vue-loader-options!D:\twice-market-master\frontend\src\views\front\My_leave .vue?vue&type=template&id=d2a2b0e8
<s> [webpack.Progress] 40% building 69/148 modules 79 active D:\twice-market-master\frontend\node_modules\vue-loader\lib\loaders\pitcher.js??ref--4!D:\twice-market-master\frontend\node_modules\cache-loader\dist\cjs.js??ref--13-0!D:\twice-market-master\frontend\node_modules\babel-loader\lib\index.js!D:\twice-market-master\frontend\node_modules\vue-loader\lib\loaders\templateLoader.js??ref--6!D:\twice-market-master\frontend\node_modules\cache-loader\dist\cjs.js??ref--1-0!D:\twice-market-master\frontend\node_modules\vue-loader\lib\index.js??vue-loader-options!D:\twice-market-master\frontend\src\views\front\My_buyorder_details.vue?vue&type=template&id=78cc320e&scoped=true
<s> [webpack.Progress] 40% building 70/148 modules 78 active D:\twice-market-master\frontend\node_modules\cache-loader\dist\cjs.js?{"cacheDirectory":"node_modules/.cache/vue-loader","cacheIdentifier":"23271c7c-vue-loader-template"}!D:\twice-market-master\frontend\node_modules\cache-loader\dist\cjs.js??ref--13-0!D:\twice-market-master\frontend\node_modules\babel-loader\lib\index.js!D:\twice-market-master\frontend\node_modules\vue-loader\lib\loaders\templateLoader.js??ref--6!D:\twice-market-master\frontend\node_modules\cache-loader\dist\cjs.js??ref--1-0!D:\twice-market-master\frontend\node_modules\vue-loader\lib\index.js??vue-loader-options!D:\twice-market-master\frontend\src\views\front\My_leave .vue?vue&type=template&id=d2a2b0e8
<s> [webpack.Progress] 40% building 70/149 modules 79 active D:\twice-market-master\frontend\node_modules\cache-loader\dist\cjs.js?{"cacheDirectory":"node_modules/.cache/vue-loader","cacheIdentifier":"23271c7c-vue-loader-template"}!D:\twice-market-master\frontend\node_modules\cache-loader\dist\cjs.js??ref--13-0!D:\twice-market-master\frontend\node_modules\babel-loader\lib\index.js!D:\twice-market-master\frontend\node_modules\vue-loader\lib\loaders\templateLoader.js??ref--6!D:\twice-market-master\frontend\node_modules\cache-loader\dist\cjs.js??ref--1-0!D:\twice-market-master\frontend\node_modules\vue-loader\lib\index.js??vue-loader-options!D:\twice-market-master\frontend\src\views\front\My_buyorder_details.vue?vue&type=template&id=78cc320e&scoped=true
<s> [webpack.Progress] 40% building 71/149 modules 78 active D:\twice-market-master\frontend\node_modules\cache-loader\dist\cjs.js?{"cacheDirectory":"node_modules/.cache/vue-loader","cacheIdentifier":"23271c7c-vue-loader-template"}!D:\twice-market-master\frontend\node_modules\cache-loader\dist\cjs.js??ref--13-0!D:\twice-market-master\frontend\node_modules\babel-loader\lib\index.js!D:\twice-market-master\frontend\node_modules\vue-loader\lib\loaders\templateLoader.js??ref--6!D:\twice-market-master\frontend\node_modules\cache-loader\dist\cjs.js??ref--1-0!D:\twice-market-master\frontend\node_modules\vue-loader\lib\index.js??vue-loader-options!D:\twice-market-master\frontend\src\views\front\My_buyorder_details.vue?vue&type=template&id=78cc320e&scoped=true
<s> [webpack.Progress] 40% building 71/150 modules 79 active D:\twice-market-master\frontend\node_modules\vue-loader\lib\loaders\pitcher.js??ref--4!D:\twice-market-master\frontend\node_modules\cache-loader\dist\cjs.js??ref--13-0!D:\twice-market-master\frontend\node_modules\babel-loader\lib\index.js!D:\twice-market-master\frontend\node_modules\vue-loader\lib\loaders\templateLoader.js??ref--6!D:\twice-market-master\frontend\node_modules\cache-loader\dist\cjs.js??ref--1-0!D:\twice-market-master\frontend\node_modules\vue-loader\lib\index.js??vue-loader-options!D:\twice-market-master\frontend\src\views\front\My_personal.vue?vue&type=template&id=786e597a
<s> [webpack.Progress] 40% building 72/150 modules 78 active D:\twice-market-master\frontend\node_modules\cache-loader\dist\cjs.js?{"cacheDirectory":"node_modules/.cache/vue-loader","cacheIdentifier":"23271c7c-vue-loader-template"}!D:\twice-market-master\frontend\node_modules\cache-loader\dist\cjs.js??ref--13-0!D:\twice-market-master\frontend\node_modules\babel-loader\lib\index.js!D:\twice-market-master\frontend\node_modules\vue-loader\lib\loaders\templateLoader.js??ref--6!D:\twice-market-master\frontend\node_modules\cache-loader\dist\cjs.js??ref--1-0!D:\twice-market-master\frontend\node_modules\vue-loader\lib\index.js??vue-loader-options!D:\twice-market-master\frontend\src\views\front\My_buyorder_details.vue?vue&type=template&id=78cc320e&scoped=true
<s> [webpack.Progress] 40% building 72/151 modules 79 active D:\twice-market-master\frontend\node_modules\cache-loader\dist\cjs.js?{"cacheDirectory":"node_modules/.cache/vue-loader","cacheIdentifier":"23271c7c-vue-loader-template"}!D:\twice-market-master\frontend\node_modules\cache-loader\dist\cjs.js??ref--13-0!D:\twice-market-master\frontend\node_modules\babel-loader\lib\index.js!D:\twice-market-master\frontend\node_modules\vue-loader\lib\loaders\templateLoader.js??ref--6!D:\twice-market-master\frontend\node_modules\cache-loader\dist\cjs.js??ref--1-0!D:\twice-market-master\frontend\node_modules\vue-loader\lib\index.js??vue-loader-options!D:\twice-market-master\frontend\src\views\front\My_personal.vue?vue&type=template&id=786e597a
<s> [webpack.Progress] 40% building 73/151 modules 78 active D:\twice-market-master\frontend\node_modules\cache-loader\dist\cjs.js?{"cacheDirectory":"node_modules/.cache/vue-loader","cacheIdentifier":"23271c7c-vue-loader-template"}!D:\twice-market-master\frontend\node_modules\cache-loader\dist\cjs.js??ref--13-0!D:\twice-market-master\frontend\node_modules\babel-loader\lib\index.js!D:\twice-market-master\frontend\node_modules\vue-loader\lib\loaders\templateLoader.js??ref--6!D:\twice-market-master\frontend\node_modules\cache-loader\dist\cjs.js??ref--1-0!D:\twice-market-master\frontend\node_modules\vue-loader\lib\index.js??vue-loader-options!D:\twice-market-master\frontend\src\views\front\My_personal.vue?vue&type=template&id=786e597a
<s> [webpack.Progress] 40% building 73/152 modules 79 active D:\twice-market-master\frontend\node_modules\vue-loader\lib\loaders\pitcher.js??ref--4!D:\twice-market-master\frontend\node_modules\cache-loader\dist\cjs.js??ref--13-0!D:\twice-market-master\frontend\node_modules\babel-loader\lib\index.js!D:\twice-market-master\frontend\node_modules\vue-loader\lib\loaders\templateLoader.js??ref--6!D:\twice-market-master\frontend\node_modules\cache-loader\dist\cjs.js??ref--1-0!D:\twice-market-master\frontend\node_modules\vue-loader\lib\index.js??vue-loader-options!D:\twice-market-master\frontend\src\views\front\Goods_details.vue?vue&type=template&id=7cb69dae
<s> [webpack.Progress] 40% building 74/152 modules 78 active D:\twice-market-master\frontend\node_modules\cache-loader\dist\cjs.js?{"cacheDirectory":"node_modules/.cache/vue-loader","cacheIdentifier":"23271c7c-vue-loader-template"}!D:\twice-market-master\frontend\node_modules\cache-loader\dist\cjs.js??ref--13-0!D:\twice-market-master\frontend\node_modules\babel-loader\lib\index.js!D:\twice-market-master\frontend\node_modules\vue-loader\lib\loaders\templateLoader.js??ref--6!D:\twice-market-master\frontend\node_modules\cache-loader\dist\cjs.js??ref--1-0!D:\twice-market-master\frontend\node_modules\vue-loader\lib\index.js??vue-loader-options!D:\twice-market-master\frontend\src\views\front\My_personal.vue?vue&type=template&id=786e597a
<s> [webpack.Progress] 40% building 74/153 modules 79 active D:\twice-market-master\frontend\node_modules\cache-loader\dist\cjs.js?{"cacheDirectory":"node_modules/.cache/vue-loader","cacheIdentifier":"23271c7c-vue-loader-template"}!D:\twice-market-master\frontend\node_modules\cache-loader\dist\cjs.js??ref--13-0!D:\twice-market-master\frontend\node_modules\babel-loader\lib\index.js!D:\twice-market-master\frontend\node_modules\vue-loader\lib\loaders\templateLoader.js??ref--6!D:\twice-market-master\frontend\node_modules\cache-loader\dist\cjs.js??ref--1-0!D:\twice-market-master\frontend\node_modules\vue-loader\lib\index.js??vue-loader-options!D:\twice-market-master\frontend\src\views\front\Goods_details.vue?vue&type=template&id=7cb69dae
<s> [webpack.Progress] 40% building 75/153 modules 78 active D:\twice-market-master\frontend\node_modules\cache-loader\dist\cjs.js?{"cacheDirectory":"node_modules/.cache/vue-loader","cacheIdentifier":"23271c7c-vue-loader-template"}!D:\twice-market-master\frontend\node_modules\cache-loader\dist\cjs.js??ref--13-0!D:\twice-market-master\frontend\node_modules\babel-loader\lib\index.js!D:\twice-market-master\frontend\node_modules\vue-loader\lib\loaders\templateLoader.js??ref--6!D:\twice-market-master\frontend\node_modules\cache-loader\dist\cjs.js??ref--1-0!D:\twice-market-master\frontend\node_modules\vue-loader\lib\index.js??vue-loader-options!D:\twice-market-master\frontend\src\views\front\Goods_details.vue?vue&type=template&id=7cb69dae
<s> [webpack.Progress] 40% building 75/154 modules 79 active D:\twice-market-master\frontend\node_modules\vue-loader\lib\loaders\pitcher.js??ref--4!D:\twice-market-master\frontend\node_modules\cache-loader\dist\cjs.js??ref--13-0!D:\twice-market-master\frontend\node_modules\babel-loader\lib\index.js!D:\twice-market-master\frontend\node_modules\vue-loader\lib\loaders\templateLoader.js??ref--6!D:\twice-market-master\frontend\node_modules\cache-loader\dist\cjs.js??ref--1-0!D:\twice-market-master\frontend\node_modules\vue-loader\lib\index.js??vue-loader-options!D:\twice-market-master\frontend\src\views\front\Submit_order.vue?vue&type=template&id=4bd4e072&scoped=true
<s> [webpack.Progress] 40% building 76/154 modules 78 active D:\twice-market-master\frontend\node_modules\cache-loader\dist\cjs.js?{"cacheDirectory":"node_modules/.cache/vue-loader","cacheIdentifier":"23271c7c-vue-loader-template"}!D:\twice-market-master\frontend\node_modules\cache-loader\dist\cjs.js??ref--13-0!D:\twice-market-master\frontend\node_modules\babel-loader\lib\index.js!D:\twice-market-master\frontend\node_modules\vue-loader\lib\loaders\templateLoader.js??ref--6!D:\twice-market-master\frontend\node_modules\cache-loader\dist\cjs.js??ref--1-0!D:\twice-market-master\frontend\node_modules\vue-loader\lib\index.js??vue-loader-options!D:\twice-market-master\frontend\src\views\front\Goods_details.vue?vue&type=template&id=7cb69dae
<s> [webpack.Progress] 40% building 76/155 modules 79 active D:\twice-market-master\frontend\node_modules\cache-loader\dist\cjs.js?{"cacheDirectory":"node_modules/.cache/vue-loader","cacheIdentifier":"23271c7c-vue-loader-template"}!D:\twice-market-master\frontend\node_modules\cache-loader\dist\cjs.js??ref--13-0!D:\twice-market-master\frontend\node_modules\babel-loader\lib\index.js!D:\twice-market-master\frontend\node_modules\vue-loader\lib\loaders\templateLoader.js??ref--6!D:\twice-market-master\frontend\node_modules\cache-loader\dist\cjs.js??ref--1-0!D:\twice-market-master\frontend\node_modules\vue-loader\lib\index.js??vue-loader-options!D:\twice-market-master\frontend\src\views\front\Submit_order.vue?vue&type=template&id=4bd4e072&scoped=true
<s> [webpack.Progress] 40% building 77/155 modules 78 active D:\twice-market-master\frontend\node_modules\cache-loader\dist\cjs.js?{"cacheDirectory":"node_modules/.cache/vue-loader","cacheIdentifier":"23271c7c-vue-loader-template"}!D:\twice-market-master\frontend\node_modules\cache-loader\dist\cjs.js??ref--13-0!D:\twice-market-master\frontend\node_modules\babel-loader\lib\index.js!D:\twice-market-master\frontend\node_modules\vue-loader\lib\loaders\templateLoader.js??ref--6!D:\twice-market-master\frontend\node_modules\cache-loader\dist\cjs.js??ref--1-0!D:\twice-market-master\frontend\node_modules\vue-loader\lib\index.js??vue-loader-options!D:\twice-market-master\frontend\src\views\front\Submit_order.vue?vue&type=template&id=4bd4e072&scoped=true
<s> [webpack.Progress] 40% building 77/156 modules 79 active D:\twice-market-master\frontend\node_modules\vue-loader\lib\loaders\pitcher.js??ref--4!D:\twice-market-master\frontend\node_modules\cache-loader\dist\cjs.js??ref--13-0!D:\twice-market-master\frontend\node_modules\babel-loader\lib\index.js!D:\twice-market-master\frontend\node_modules\vue-loader\lib\loaders\templateLoader.js??ref--6!D:\twice-market-master\frontend\node_modules\cache-loader\dist\cjs.js??ref--1-0!D:\twice-market-master\frontend\node_modules\vue-loader\lib\index.js??vue-loader-options!D:\twice-market-master\frontend\src\views\front\Pay.vue?vue&type=template&id=e319a410&scoped=true
<s> [webpack.Progress] 40% building 78/156 modules 78 active D:\twice-market-master\frontend\node_modules\cache-loader\dist\cjs.js?{"cacheDirectory":"node_modules/.cache/vue-loader","cacheIdentifier":"23271c7c-vue-loader-template"}!D:\twice-market-master\frontend\node_modules\cache-loader\dist\cjs.js??ref--13-0!D:\twice-market-master\frontend\node_modules\babel-loader\lib\index.js!D:\twice-market-master\frontend\node_modules\vue-loader\lib\loaders\templateLoader.js??ref--6!D:\twice-market-master\frontend\node_modules\cache-loader\dist\cjs.js??ref--1-0!D:\twice-market-master\frontend\node_modules\vue-loader\lib\index.js??vue-loader-options!D:\twice-market-master\frontend\src\views\front\Submit_order.vue?vue&type=template&id=4bd4e072&scoped=true
<s> [webpack.Progress] 40% building 78/157 modules 79 active D:\twice-market-master\frontend\node_modules\cache-loader\dist\cjs.js?{"cacheDirectory":"node_modules/.cache/vue-loader","cacheIdentifier":"23271c7c-vue-loader-template"}!D:\twice-market-master\frontend\node_modules\cache-loader\dist\cjs.js??ref--13-0!D:\twice-market-master\frontend\node_modules\babel-loader\lib\index.js!D:\twice-market-master\frontend\node_modules\vue-loader\lib\loaders\templateLoader.js??ref--6!D:\twice-market-master\frontend\node_modules\cache-loader\dist\cjs.js??ref--1-0!D:\twice-market-master\frontend\node_modules\vue-loader\lib\index.js??vue-loader-options!D:\twice-market-master\frontend\src\views\front\Pay.vue?vue&type=template&id=e319a410&scoped=true
<s> [webpack.Progress] 40% building 79/157 modules 78 active D:\twice-market-master\frontend\node_modules\cache-loader\dist\cjs.js?{"cacheDirectory":"node_modules/.cache/vue-loader","cacheIdentifier":"23271c7c-vue-loader-template"}!D:\twice-market-master\frontend\node_modules\cache-loader\dist\cjs.js??ref--13-0!D:\twice-market-master\frontend\node_modules\babel-loader\lib\index.js!D:\twice-market-master\frontend\node_modules\vue-loader\lib\loaders\templateLoader.js??ref--6!D:\twice-market-master\frontend\node_modules\cache-loader\dist\cjs.js??ref--1-0!D:\twice-market-master\frontend\node_modules\vue-loader\lib\index.js??vue-loader-options!D:\twice-market-master\frontend\src\views\front\Pay.vue?vue&type=template&id=e319a410&scoped=true
<s> [webpack.Progress] 40% building 79/158 modules 79 active D:\twice-market-master\frontend\node_modules\vue-loader\lib\loaders\pitcher.js??ref--4!D:\twice-market-master\frontend\node_modules\cache-loader\dist\cjs.js??ref--13-0!D:\twice-market-master\frontend\node_modules\babel-loader\lib\index.js!D:\twice-market-master\frontend\node_modules\vue-loader\lib\loaders\templateLoader.js??ref--6!D:\twice-market-master\frontend\node_modules\cache-loader\dist\cjs.js??ref--1-0!D:\twice-market-master\frontend\node_modules\vue-loader\lib\index.js??vue-loader-options!D:\twice-market-master\frontend\src\views\auth\Login.vue?vue&type=template&id=0e0d6e88
<s> [webpack.Progress] 40% building 80/158 modules 78 active D:\twice-market-master\frontend\node_modules\cache-loader\dist\cjs.js?{"cacheDirectory":"node_modules/.cache/vue-loader","cacheIdentifier":"23271c7c-vue-loader-template"}!D:\twice-market-master\frontend\node_modules\cache-loader\dist\cjs.js??ref--13-0!D:\twice-market-master\frontend\node_modules\babel-loader\lib\index.js!D:\twice-market-master\frontend\node_modules\vue-loader\lib\loaders\templateLoader.js??ref--6!D:\twice-market-master\frontend\node_modules\cache-loader\dist\cjs.js??ref--1-0!D:\twice-market-master\frontend\node_modules\vue-loader\lib\index.js??vue-loader-options!D:\twice-market-master\frontend\src\views\front\Pay.vue?vue&type=template&id=e319a410&scoped=true
<s> [webpack.Progress] 40% building 80/159 modules 79 active D:\twice-market-master\frontend\node_modules\cache-loader\dist\cjs.js?{"cacheDirectory":"node_modules/.cache/vue-loader","cacheIdentifier":"23271c7c-vue-loader-template"}!D:\twice-market-master\frontend\node_modules\cache-loader\dist\cjs.js??ref--13-0!D:\twice-market-master\frontend\node_modules\babel-loader\lib\index.js!D:\twice-market-master\frontend\node_modules\vue-loader\lib\loaders\templateLoader.js??ref--6!D:\twice-market-master\frontend\node_modules\cache-loader\dist\cjs.js??ref--1-0!D:\twice-market-master\frontend\node_modules\vue-loader\lib\index.js??vue-loader-options!D:\twice-market-master\frontend\src\views\auth\Login.vue?vue&type=template&id=0e0d6e88
<s> [webpack.Progress] 40% building 81/159 modules 78 active D:\twice-market-master\frontend\node_modules\cache-loader\dist\cjs.js?{"cacheDirectory":"node_modules/.cache/vue-loader","cacheIdentifier":"23271c7c-vue-loader-template"}!D:\twice-market-master\frontend\node_modules\cache-loader\dist\cjs.js??ref--13-0!D:\twice-market-master\frontend\node_modules\babel-loader\lib\index.js!D:\twice-market-master\frontend\node_modules\vue-loader\lib\loaders\templateLoader.js??ref--6!D:\twice-market-master\frontend\node_modules\cache-loader\dist\cjs.js??ref--1-0!D:\twice-market-master\frontend\node_modules\vue-loader\lib\index.js??vue-loader-options!D:\twice-market-master\frontend\src\views\auth\Login.vue?vue&type=template&id=0e0d6e88
<s> [webpack.Progress] 40% building 81/160 modules 79 active D:\twice-market-master\frontend\node_modules\vue-loader\lib\loaders\pitcher.js??ref--4!D:\twice-market-master\frontend\node_modules\cache-loader\dist\cjs.js??ref--13-0!D:\twice-market-master\frontend\node_modules\babel-loader\lib\index.js!D:\twice-market-master\frontend\node_modules\vue-loader\lib\loaders\templateLoader.js??ref--6!D:\twice-market-master\frontend\node_modules\cache-loader\dist\cjs.js??ref--1-0!D:\twice-market-master\frontend\node_modules\vue-loader\lib\index.js??vue-loader-options!D:\twice-market-master\frontend\src\views\front\Release_success.vue?vue&type=template&id=08dff79b
<s> [webpack.Progress] 40% building 82/160 modules 78 active D:\twice-market-master\frontend\node_modules\cache-loader\dist\cjs.js?{"cacheDirectory":"node_modules/.cache/vue-loader","cacheIdentifier":"23271c7c-vue-loader-template"}!D:\twice-market-master\frontend\node_modules\cache-loader\dist\cjs.js??ref--13-0!D:\twice-market-master\frontend\node_modules\babel-loader\lib\index.js!D:\twice-market-master\frontend\node_modules\vue-loader\lib\loaders\templateLoader.js??ref--6!D:\twice-market-master\frontend\node_modules\cache-loader\dist\cjs.js??ref--1-0!D:\twice-market-master\frontend\node_modules\vue-loader\lib\index.js??vue-loader-options!D:\twice-market-master\frontend\src\views\auth\Login.vue?vue&type=template&id=0e0d6e88
<s> [webpack.Progress] 40% building 82/161 modules 79 active D:\twice-market-master\frontend\node_modules\cache-loader\dist\cjs.js?{"cacheDirectory":"node_modules/.cache/vue-loader","cacheIdentifier":"23271c7c-vue-loader-template"}!D:\twice-market-master\frontend\node_modules\cache-loader\dist\cjs.js??ref--13-0!D:\twice-market-master\frontend\node_modules\babel-loader\lib\index.js!D:\twice-market-master\frontend\node_modules\vue-loader\lib\loaders\templateLoader.js??ref--6!D:\twice-market-master\frontend\node_modules\cache-loader\dist\cjs.js??ref--1-0!D:\twice-market-master\frontend\node_modules\vue-loader\lib\index.js??vue-loader-options!D:\twice-market-master\frontend\src\views\front\Release_success.vue?vue&type=template&id=08dff79b
<s> [webpack.Progress] 40% building 83/161 modules 78 active D:\twice-market-master\frontend\node_modules\cache-loader\dist\cjs.js?{"cacheDirectory":"node_modules/.cache/vue-loader","cacheIdentifier":"23271c7c-vue-loader-template"}!D:\twice-market-master\frontend\node_modules\cache-loader\dist\cjs.js??ref--13-0!D:\twice-market-master\frontend\node_modules\babel-loader\lib\index.js!D:\twice-market-master\frontend\node_modules\vue-loader\lib\loaders\templateLoader.js??ref--6!D:\twice-market-master\frontend\node_modules\cache-loader\dist\cjs.js??ref--1-0!D:\twice-market-master\frontend\node_modules\vue-loader\lib\index.js??vue-loader-options!D:\twice-market-master\frontend\src\views\front\Release_success.vue?vue&type=template&id=08dff79b
<s> [webpack.Progress] 40% building 83/162 modules 79 active D:\twice-market-master\frontend\node_modules\vue-loader\lib\loaders\pitcher.js??ref--4!D:\twice-market-master\frontend\node_modules\cache-loader\dist\cjs.js??ref--13-0!D:\twice-market-master\frontend\node_modules\babel-loader\lib\index.js!D:\twice-market-master\frontend\node_modules\vue-loader\lib\loaders\templateLoader.js??ref--6!D:\twice-market-master\frontend\node_modules\cache-loader\dist\cjs.js??ref--1-0!D:\twice-market-master\frontend\node_modules\vue-loader\lib\index.js??vue-loader-options!D:\twice-market-master\frontend\src\views\goods\Personal.vue?vue&type=template&id=9ac9b5da
<s> [webpack.Progress] 40% building 84/162 modules 78 active D:\twice-market-master\frontend\node_modules\cache-loader\dist\cjs.js?{"cacheDirectory":"node_modules/.cache/vue-loader","cacheIdentifier":"23271c7c-vue-loader-template"}!D:\twice-market-master\frontend\node_modules\cache-loader\dist\cjs.js??ref--13-0!D:\twice-market-master\frontend\node_modules\babel-loader\lib\index.js!D:\twice-market-master\frontend\node_modules\vue-loader\lib\loaders\templateLoader.js??ref--6!D:\twice-market-master\frontend\node_modules\cache-loader\dist\cjs.js??ref--1-0!D:\twice-market-master\frontend\node_modules\vue-loader\lib\index.js??vue-loader-options!D:\twice-market-master\frontend\src\views\front\Release_success.vue?vue&type=template&id=08dff79b
<s> [webpack.Progress] 40% building 84/163 modules 79 active D:\twice-market-master\frontend\node_modules\cache-loader\dist\cjs.js?{"cacheDirectory":"node_modules/.cache/vue-loader","cacheIdentifier":"23271c7c-vue-loader-template"}!D:\twice-market-master\frontend\node_modules\cache-loader\dist\cjs.js??ref--13-0!D:\twice-market-master\frontend\node_modules\babel-loader\lib\index.js!D:\twice-market-master\frontend\node_modules\vue-loader\lib\loaders\templateLoader.js??ref--6!D:\twice-market-master\frontend\node_modules\cache-loader\dist\cjs.js??ref--1-0!D:\twice-market-master\frontend\node_modules\vue-loader\lib\index.js??vue-loader-options!D:\twice-market-master\frontend\src\views\goods\Personal.vue?vue&type=template&id=9ac9b5da
<s> [webpack.Progress] 40% building 85/163 modules 78 active D:\twice-market-master\frontend\node_modules\cache-loader\dist\cjs.js?{"cacheDirectory":"node_modules/.cache/vue-loader","cacheIdentifier":"23271c7c-vue-loader-template"}!D:\twice-market-master\frontend\node_modules\cache-loader\dist\cjs.js??ref--13-0!D:\twice-market-master\frontend\node_modules\babel-loader\lib\index.js!D:\twice-market-master\frontend\node_modules\vue-loader\lib\loaders\templateLoader.js??ref--6!D:\twice-market-master\frontend\node_modules\cache-loader\dist\cjs.js??ref--1-0!D:\twice-market-master\frontend\node_modules\vue-loader\lib\index.js??vue-loader-options!D:\twice-market-master\frontend\src\views\goods\Personal.vue?vue&type=template&id=9ac9b5da
<s> [webpack.Progress] 40% building 85/164 modules 79 active D:\twice-market-master\frontend\node_modules\vue-loader\lib\loaders\pitcher.js??ref--4!D:\twice-market-master\frontend\node_modules\cache-loader\dist\cjs.js??ref--13-0!D:\twice-market-master\frontend\node_modules\babel-loader\lib\index.js!D:\twice-market-master\frontend\node_modules\vue-loader\lib\loaders\templateLoader.js??ref--6!D:\twice-market-master\frontend\node_modules\cache-loader\dist\cjs.js??ref--1-0!D:\twice-market-master\frontend\node_modules\vue-loader\lib\index.js??vue-loader-options!D:\twice-market-master\frontend\src\views\front\S_login.vue?vue&type=template&id=26274f6d
<s> [webpack.Progress] 40% building 86/164 modules 78 active D:\twice-market-master\frontend\node_modules\cache-loader\dist\cjs.js?{"cacheDirectory":"node_modules/.cache/vue-loader","cacheIdentifier":"23271c7c-vue-loader-template"}!D:\twice-market-master\frontend\node_modules\cache-loader\dist\cjs.js??ref--13-0!D:\twice-market-master\frontend\node_modules\babel-loader\lib\index.js!D:\twice-market-master\frontend\node_modules\vue-loader\lib\loaders\templateLoader.js??ref--6!D:\twice-market-master\frontend\node_modules\cache-loader\dist\cjs.js??ref--1-0!D:\twice-market-master\frontend\node_modules\vue-loader\lib\index.js??vue-loader-options!D:\twice-market-master\frontend\src\views\goods\Personal.vue?vue&type=template&id=9ac9b5da
<s> [webpack.Progress] 40% building 86/165 modules 79 active D:\twice-market-master\frontend\node_modules\cache-loader\dist\cjs.js?{"cacheDirectory":"node_modules/.cache/vue-loader","cacheIdentifier":"23271c7c-vue-loader-template"}!D:\twice-market-master\frontend\node_modules\cache-loader\dist\cjs.js??ref--13-0!D:\twice-market-master\frontend\node_modules\babel-loader\lib\index.js!D:\twice-market-master\frontend\node_modules\vue-loader\lib\loaders\templateLoader.js??ref--6!D:\twice-market-master\frontend\node_modules\cache-loader\dist\cjs.js??ref--1-0!D:\twice-market-master\frontend\node_modules\vue-loader\lib\index.js??vue-loader-options!D:\twice-market-master\frontend\src\views\front\S_login.vue?vue&type=template&id=26274f6d
<s> [webpack.Progress] 40% building 87/165 modules 78 active D:\twice-market-master\frontend\node_modules\cache-loader\dist\cjs.js?{"cacheDirectory":"node_modules/.cache/vue-loader","cacheIdentifier":"23271c7c-vue-loader-template"}!D:\twice-market-master\frontend\node_modules\cache-loader\dist\cjs.js??ref--13-0!D:\twice-market-master\frontend\node_modules\babel-loader\lib\index.js!D:\twice-market-master\frontend\node_modules\vue-loader\lib\loaders\templateLoader.js??ref--6!D:\twice-market-master\frontend\node_modules\cache-loader\dist\cjs.js??ref--1-0!D:\twice-market-master\frontend\node_modules\vue-loader\lib\index.js??vue-loader-options!D:\twice-market-master\frontend\src\views\front\S_login.vue?vue&type=template&id=26274f6d
<s> [webpack.Progress] 40% building 87/166 modules 79 active D:\twice-market-master\frontend\node_modules\vue-loader\lib\loaders\pitcher.js??ref--4!D:\twice-market-master\frontend\node_modules\cache-loader\dist\cjs.js??ref--13-0!D:\twice-market-master\frontend\node_modules\babel-loader\lib\index.js!D:\twice-market-master\frontend\node_modules\vue-loader\lib\loaders\templateLoader.js??ref--6!D:\twice-market-master\frontend\node_modules\cache-loader\dist\cjs.js??ref--1-0!D:\twice-market-master\frontend\node_modules\vue-loader\lib\index.js??vue-loader-options!D:\twice-market-master\frontend\src\views\home\Home.vue?vue&type=template&id=3dd2e005&scoped=true
<s> [webpack.Progress] 40% building 88/166 modules 78 active D:\twice-market-master\frontend\node_modules\cache-loader\dist\cjs.js?{"cacheDirectory":"node_modules/.cache/vue-loader","cacheIdentifier":"23271c7c-vue-loader-template"}!D:\twice-market-master\frontend\node_modules\cache-loader\dist\cjs.js??ref--13-0!D:\twice-market-master\frontend\node_modules\babel-loader\lib\index.js!D:\twice-market-master\frontend\node_modules\vue-loader\lib\loaders\templateLoader.js??ref--6!D:\twice-market-master\frontend\node_modules\cache-loader\dist\cjs.js??ref--1-0!D:\twice-market-master\frontend\node_modules\vue-loader\lib\index.js??vue-loader-options!D:\twice-market-master\frontend\src\views\front\S_login.vue?vue&type=template&id=26274f6d
<s> [webpack.Progress] 40% building 88/167 modules 79 active D:\twice-market-master\frontend\node_modules\cache-loader\dist\cjs.js?{"cacheDirectory":"node_modules/.cache/vue-loader","cacheIdentifier":"23271c7c-vue-loader-template"}!D:\twice-market-master\frontend\node_modules\cache-loader\dist\cjs.js??ref--13-0!D:\twice-market-master\frontend\node_modules\babel-loader\lib\index.js!D:\twice-market-master\frontend\node_modules\vue-loader\lib\loaders\templateLoader.js??ref--6!D:\twice-market-master\frontend\node_modules\cache-loader\dist\cjs.js??ref--1-0!D:\twice-market-master\frontend\node_modules\vue-loader\lib\index.js??vue-loader-options!D:\twice-market-master\frontend\src\views\home\Home.vue?vue&type=template&id=3dd2e005&scoped=true
<s> [webpack.Progress] 40% building 89/167 modules 78 active D:\twice-market-master\frontend\node_modules\cache-loader\dist\cjs.js?{"cacheDirectory":"node_modules/.cache/vue-loader","cacheIdentifier":"23271c7c-vue-loader-template"}!D:\twice-market-master\frontend\node_modules\cache-loader\dist\cjs.js??ref--13-0!D:\twice-market-master\frontend\node_modules\babel-loader\lib\index.js!D:\twice-market-master\frontend\node_modules\vue-loader\lib\loaders\templateLoader.js??ref--6!D:\twice-market-master\frontend\node_modules\cache-loader\dist\cjs.js??ref--1-0!D:\twice-market-master\frontend\node_modules\vue-loader\lib\index.js??vue-loader-options!D:\twice-market-master\frontend\src\views\home\Home.vue?vue&type=template&id=3dd2e005&scoped=true
<s> [webpack.Progress] 40% building 89/168 modules 79 active D:\twice-market-master\frontend\node_modules\vue-loader\lib\loaders\pitcher.js??ref--4!D:\twice-market-master\frontend\node_modules\cache-loader\dist\cjs.js??ref--13-0!D:\twice-market-master\frontend\node_modules\babel-loader\lib\index.js!D:\twice-market-master\frontend\node_modules\vue-loader\lib\loaders\templateLoader.js??ref--6!D:\twice-market-master\frontend\node_modules\cache-loader\dist\cjs.js??ref--1-0!D:\twice-market-master\frontend\node_modules\vue-loader\lib\index.js??vue-loader-options!D:\twice-market-master\frontend\src\views\goods\Goods.vue?vue&type=template&id=53922493
<s> [webpack.Progress] 40% building 90/168 modules 78 active D:\twice-market-master\frontend\node_modules\cache-loader\dist\cjs.js?{"cacheDirectory":"node_modules/.cache/vue-loader","cacheIdentifier":"23271c7c-vue-loader-template"}!D:\twice-market-master\frontend\node_modules\cache-loader\dist\cjs.js??ref--13-0!D:\twice-market-master\frontend\node_modules\babel-loader\lib\index.js!D:\twice-market-master\frontend\node_modules\vue-loader\lib\loaders\templateLoader.js??ref--6!D:\twice-market-master\frontend\node_modules\cache-loader\dist\cjs.js??ref--1-0!D:\twice-market-master\frontend\node_modules\vue-loader\lib\index.js??vue-loader-options!D:\twice-market-master\frontend\src\views\home\Home.vue?vue&type=template&id=3dd2e005&scoped=true
<s> [webpack.Progress] 40% building 90/169 modules 79 active D:\twice-market-master\frontend\node_modules\cache-loader\dist\cjs.js?{"cacheDirectory":"node_modules/.cache/vue-loader","cacheIdentifier":"23271c7c-vue-loader-template"}!D:\twice-market-master\frontend\node_modules\cache-loader\dist\cjs.js??ref--13-0!D:\twice-market-master\frontend\node_modules\babel-loader\lib\index.js!D:\twice-market-master\frontend\node_modules\vue-loader\lib\loaders\templateLoader.js??ref--6!D:\twice-market-master\frontend\node_modules\cache-loader\dist\cjs.js??ref--1-0!D:\twice-market-master\frontend\node_modules\vue-loader\lib\index.js??vue-loader-options!D:\twice-market-master\frontend\src\views\goods\Goods.vue?vue&type=template&id=53922493
<s> [webpack.Progress] 40% building 91/169 modules 78 active D:\twice-market-master\frontend\node_modules\cache-loader\dist\cjs.js?{"cacheDirectory":"node_modules/.cache/vue-loader","cacheIdentifier":"23271c7c-vue-loader-template"}!D:\twice-market-master\frontend\node_modules\cache-loader\dist\cjs.js??ref--13-0!D:\twice-market-master\frontend\node_modules\babel-loader\lib\index.js!D:\twice-market-master\frontend\node_modules\vue-loader\lib\loaders\templateLoader.js??ref--6!D:\twice-market-master\frontend\node_modules\cache-loader\dist\cjs.js??ref--1-0!D:\twice-market-master\frontend\node_modules\vue-loader\lib\index.js??vue-loader-options!D:\twice-market-master\frontend\src\views\goods\Goods.vue?vue&type=template&id=53922493
<s> [webpack.Progress] 40% building 91/170 modules 79 active D:\twice-market-master\frontend\node_modules\vue-loader\lib\loaders\pitcher.js??ref--4!D:\twice-market-master\frontend\node_modules\cache-loader\dist\cjs.js??ref--13-0!D:\twice-market-master\frontend\node_modules\babel-loader\lib\index.js!D:\twice-market-master\frontend\node_modules\vue-loader\lib\loaders\templateLoader.js??ref--6!D:\twice-market-master\frontend\node_modules\cache-loader\dist\cjs.js??ref--1-0!D:\twice-market-master\frontend\node_modules\vue-loader\lib\index.js??vue-loader-options!D:\twice-market-master\frontend\src\views\admin\Manage.vue?vue&type=template&id=3d07e2df
<s> [webpack.Progress] 40% building 92/170 modules 78 active D:\twice-market-master\frontend\node_modules\cache-loader\dist\cjs.js?{"cacheDirectory":"node_modules/.cache/vue-loader","cacheIdentifier":"23271c7c-vue-loader-template"}!D:\twice-market-master\frontend\node_modules\cache-loader\dist\cjs.js??ref--13-0!D:\twice-market-master\frontend\node_modules\babel-loader\lib\index.js!D:\twice-market-master\frontend\node_modules\vue-loader\lib\loaders\templateLoader.js??ref--6!D:\twice-market-master\frontend\node_modules\cache-loader\dist\cjs.js??ref--1-0!D:\twice-market-master\frontend\node_modules\vue-loader\lib\index.js??vue-loader-options!D:\twice-market-master\frontend\src\views\goods\Goods.vue?vue&type=template&id=53922493
<s> [webpack.Progress] 40% building 92/171 modules 79 active D:\twice-market-master\frontend\node_modules\cache-loader\dist\cjs.js?{"cacheDirectory":"node_modules/.cache/vue-loader","cacheIdentifier":"23271c7c-vue-loader-template"}!D:\twice-market-master\frontend\node_modules\cache-loader\dist\cjs.js??ref--13-0!D:\twice-market-master\frontend\node_modules\babel-loader\lib\index.js!D:\twice-market-master\frontend\node_modules\vue-loader\lib\loaders\templateLoader.js??ref--6!D:\twice-market-master\frontend\node_modules\cache-loader\dist\cjs.js??ref--1-0!D:\twice-market-master\frontend\node_modules\vue-loader\lib\index.js??vue-loader-options!D:\twice-market-master\frontend\src\views\admin\Manage.vue?vue&type=template&id=3d07e2df
<s> [webpack.Progress] 40% building 93/171 modules 78 active D:\twice-market-master\frontend\node_modules\cache-loader\dist\cjs.js?{"cacheDirectory":"node_modules/.cache/vue-loader","cacheIdentifier":"23271c7c-vue-loader-template"}!D:\twice-market-master\frontend\node_modules\cache-loader\dist\cjs.js??ref--13-0!D:\twice-market-master\frontend\node_modules\babel-loader\lib\index.js!D:\twice-market-master\frontend\node_modules\vue-loader\lib\loaders\templateLoader.js??ref--6!D:\twice-market-master\frontend\node_modules\cache-loader\dist\cjs.js??ref--1-0!D:\twice-market-master\frontend\node_modules\vue-loader\lib\index.js??vue-loader-options!D:\twice-market-master\frontend\src\views\admin\Manage.vue?vue&type=template&id=3d07e2df
<s> [webpack.Progress] 40% building 93/172 modules 79 active D:\twice-market-master\frontend\node_modules\vue-loader\lib\loaders\pitcher.js??ref--4!D:\twice-market-master\frontend\node_modules\cache-loader\dist\cjs.js??ref--13-0!D:\twice-market-master\frontend\node_modules\babel-loader\lib\index.js!D:\twice-market-master\frontend\node_modules\vue-loader\lib\loaders\templateLoader.js??ref--6!D:\twice-market-master\frontend\node_modules\cache-loader\dist\cjs.js??ref--1-0!D:\twice-market-master\frontend\node_modules\vue-loader\lib\index.js??vue-loader-options!D:\twice-market-master\frontend\src\views\student\Student.vue?vue&type=template&id=6f72f8c6
<s> [webpack.Progress] 40% building 94/172 modules 78 active D:\twice-market-master\frontend\node_modules\cache-loader\dist\cjs.js?{"cacheDirectory":"node_modules/.cache/vue-loader","cacheIdentifier":"23271c7c-vue-loader-template"}!D:\twice-market-master\frontend\node_modules\cache-loader\dist\cjs.js??ref--13-0!D:\twice-market-master\frontend\node_modules\babel-loader\lib\index.js!D:\twice-market-master\frontend\node_modules\vue-loader\lib\loaders\templateLoader.js??ref--6!D:\twice-market-master\frontend\node_modules\cache-loader\dist\cjs.js??ref--1-0!D:\twice-market-master\frontend\node_modules\vue-loader\lib\index.js??vue-loader-options!D:\twice-market-master\frontend\src\views\admin\Manage.vue?vue&type=template&id=3d07e2df
<s> [webpack.Progress] 40% building 94/173 modules 79 active D:\twice-market-master\frontend\node_modules\cache-loader\dist\cjs.js?{"cacheDirectory":"node_modules/.cache/vue-loader","cacheIdentifier":"23271c7c-vue-loader-template"}!D:\twice-market-master\frontend\node_modules\cache-loader\dist\cjs.js??ref--13-0!D:\twice-market-master\frontend\node_modules\babel-loader\lib\index.js!D:\twice-market-master\frontend\node_modules\vue-loader\lib\loaders\templateLoader.js??ref--6!D:\twice-market-master\frontend\node_modules\cache-loader\dist\cjs.js??ref--1-0!D:\twice-market-master\frontend\node_modules\vue-loader\lib\index.js??vue-loader-options!D:\twice-market-master\frontend\src\views\student\Student.vue?vue&type=template&id=6f72f8c6
<s> [webpack.Progress] 40% building 95/173 modules 78 active D:\twice-market-master\frontend\node_modules\cache-loader\dist\cjs.js?{"cacheDirectory":"node_modules/.cache/vue-loader","cacheIdentifier":"23271c7c-vue-loader-template"}!D:\twice-market-master\frontend\node_modules\cache-loader\dist\cjs.js??ref--13-0!D:\twice-market-master\frontend\node_modules\babel-loader\lib\index.js!D:\twice-market-master\frontend\node_modules\vue-loader\lib\loaders\templateLoader.js??ref--6!D:\twice-market-master\frontend\node_modules\cache-loader\dist\cjs.js??ref--1-0!D:\twice-market-master\frontend\node_modules\vue-loader\lib\index.js??vue-loader-options!D:\twice-market-master\frontend\src\views\student\Student.vue?vue&type=template&id=6f72f8c6
<s> [webpack.Progress] 40% building 95/174 modules 79 active D:\twice-market-master\frontend\node_modules\vue-loader\lib\loaders\pitcher.js??ref--4!D:\twice-market-master\frontend\node_modules\cache-loader\dist\cjs.js??ref--13-0!D:\twice-market-master\frontend\node_modules\babel-loader\lib\index.js!D:\twice-market-master\frontend\node_modules\vue-loader\lib\loaders\templateLoader.js??ref--6!D:\twice-market-master\frontend\node_modules\cache-loader\dist\cjs.js??ref--1-0!D:\twice-market-master\frontend\node_modules\vue-loader\lib\index.js??vue-loader-options!D:\twice-market-master\frontend\src\views\order\Order.vue?vue&type=template&id=de889afa
<s> [webpack.Progress] 40% building 96/174 modules 78 active D:\twice-market-master\frontend\node_modules\cache-loader\dist\cjs.js?{"cacheDirectory":"node_modules/.cache/vue-loader","cacheIdentifier":"23271c7c-vue-loader-template"}!D:\twice-market-master\frontend\node_modules\cache-loader\dist\cjs.js??ref--13-0!D:\twice-market-master\frontend\node_modules\babel-loader\lib\index.js!D:\twice-market-master\frontend\node_modules\vue-loader\lib\loaders\templateLoader.js??ref--6!D:\twice-market-master\frontend\node_modules\cache-loader\dist\cjs.js??ref--1-0!D:\twice-market-master\frontend\node_modules\vue-loader\lib\index.js??vue-loader-options!D:\twice-market-master\frontend\src\views\student\Student.vue?vue&type=template&id=6f72f8c6
<s> [webpack.Progress] 40% building 96/175 modules 79 active D:\twice-market-master\frontend\node_modules\cache-loader\dist\cjs.js?{"cacheDirectory":"node_modules/.cache/vue-loader","cacheIdentifier":"23271c7c-vue-loader-template"}!D:\twice-market-master\frontend\node_modules\cache-loader\dist\cjs.js??ref--13-0!D:\twice-market-master\frontend\node_modules\babel-loader\lib\index.js!D:\twice-market-master\frontend\node_modules\vue-loader\lib\loaders\templateLoader.js??ref--6!D:\twice-market-master\frontend\node_modules\cache-loader\dist\cjs.js??ref--1-0!D:\twice-market-master\frontend\node_modules\vue-loader\lib\index.js??vue-loader-options!D:\twice-market-master\frontend\src\views\order\Order.vue?vue&type=template&id=de889afa
<s> [webpack.Progress] 40% building 97/175 modules 78 active D:\twice-market-master\frontend\node_modules\cache-loader\dist\cjs.js?{"cacheDirectory":"node_modules/.cache/vue-loader","cacheIdentifier":"23271c7c-vue-loader-template"}!D:\twice-market-master\frontend\node_modules\cache-loader\dist\cjs.js??ref--13-0!D:\twice-market-master\frontend\node_modules\babel-loader\lib\index.js!D:\twice-market-master\frontend\node_modules\vue-loader\lib\loaders\templateLoader.js??ref--6!D:\twice-market-master\frontend\node_modules\cache-loader\dist\cjs.js??ref--1-0!D:\twice-market-master\frontend\node_modules\vue-loader\lib\index.js??vue-loader-options!D:\twice-market-master\frontend\src\views\order\Order.vue?vue&type=template&id=de889afa
<s> [webpack.Progress] 40% building 97/176 modules 79 active D:\twice-market-master\frontend\node_modules\vue-loader\lib\loaders\pitcher.js??ref--4!D:\twice-market-master\frontend\node_modules\cache-loader\dist\cjs.js??ref--13-0!D:\twice-market-master\frontend\node_modules\babel-loader\lib\index.js!D:\twice-market-master\frontend\node_modules\vue-loader\lib\loaders\templateLoader.js??ref--6!D:\twice-market-master\frontend\node_modules\cache-loader\dist\cjs.js??ref--1-0!D:\twice-market-master\frontend\node_modules\vue-loader\lib\index.js??vue-loader-options!D:\twice-market-master\frontend\src\views\admin\Admin.vue?vue&type=template&id=d9e31676
<s> [webpack.Progress] 40% building 98/176 modules 78 active D:\twice-market-master\frontend\node_modules\cache-loader\dist\cjs.js?{"cacheDirectory":"node_modules/.cache/vue-loader","cacheIdentifier":"23271c7c-vue-loader-template"}!D:\twice-market-master\frontend\node_modules\cache-loader\dist\cjs.js??ref--13-0!D:\twice-market-master\frontend\node_modules\babel-loader\lib\index.js!D:\twice-market-master\frontend\node_modules\vue-loader\lib\loaders\templateLoader.js??ref--6!D:\twice-market-master\frontend\node_modules\cache-loader\dist\cjs.js??ref--1-0!D:\twice-market-master\frontend\node_modules\vue-loader\lib\index.js??vue-loader-options!D:\twice-market-master\frontend\src\views\order\Order.vue?vue&type=template&id=de889afa
<s> [webpack.Progress] 40% building 98/177 modules 79 active D:\twice-market-master\frontend\node_modules\cache-loader\dist\cjs.js?{"cacheDirectory":"node_modules/.cache/vue-loader","cacheIdentifier":"23271c7c-vue-loader-template"}!D:\twice-market-master\frontend\node_modules\cache-loader\dist\cjs.js??ref--13-0!D:\twice-market-master\frontend\node_modules\babel-loader\lib\index.js!D:\twice-market-master\frontend\node_modules\vue-loader\lib\loaders\templateLoader.js??ref--6!D:\twice-market-master\frontend\node_modules\cache-loader\dist\cjs.js??ref--1-0!D:\twice-market-master\frontend\node_modules\vue-loader\lib\index.js??vue-loader-options!D:\twice-market-master\frontend\src\views\admin\Admin.vue?vue&type=template&id=d9e31676
<s> [webpack.Progress] 40% building 99/177 modules 78 active D:\twice-market-master\frontend\node_modules\cache-loader\dist\cjs.js?{"cacheDirectory":"node_modules/.cache/vue-loader","cacheIdentifier":"23271c7c-vue-loader-template"}!D:\twice-market-master\frontend\node_modules\cache-loader\dist\cjs.js??ref--13-0!D:\twice-market-master\frontend\node_modules\babel-loader\lib\index.js!D:\twice-market-master\frontend\node_modules\vue-loader\lib\loaders\templateLoader.js??ref--6!D:\twice-market-master\frontend\node_modules\cache-loader\dist\cjs.js??ref--1-0!D:\twice-market-master\frontend\node_modules\vue-loader\lib\index.js??vue-loader-options!D:\twice-market-master\frontend\src\views\admin\Admin.vue?vue&type=template&id=d9e31676
<s> [webpack.Progress] 40% building 99/178 modules 79 active D:\twice-market-master\frontend\node_modules\vue-loader\lib\loaders\pitcher.js??ref--4!D:\twice-market-master\frontend\node_modules\cache-loader\dist\cjs.js??ref--13-0!D:\twice-market-master\frontend\node_modules\babel-loader\lib\index.js!D:\twice-market-master\frontend\node_modules\vue-loader\lib\loaders\templateLoader.js??ref--6!D:\twice-market-master\frontend\node_modules\cache-loader\dist\cjs.js??ref--1-0!D:\twice-market-master\frontend\node_modules\vue-loader\lib\index.js??vue-loader-options!D:\twice-market-master\frontend\src\views\error\404.vue?vue&type=template&id=09c68b87
<s> [webpack.Progress] 40% building 100/178 modules 78 active D:\twice-market-master\frontend\node_modules\cache-loader\dist\cjs.js?{"cacheDirectory":"node_modules/.cache/vue-loader","cacheIdentifier":"23271c7c-vue-loader-template"}!D:\twice-market-master\frontend\node_modules\cache-loader\dist\cjs.js??ref--13-0!D:\twice-market-master\frontend\node_modules\babel-loader\lib\index.js!D:\twice-market-master\frontend\node_modules\vue-loader\lib\loaders\templateLoader.js??ref--6!D:\twice-market-master\frontend\node_modules\cache-loader\dist\cjs.js??ref--1-0!D:\twice-market-master\frontend\node_modules\vue-loader\lib\index.js??vue-loader-options!D:\twice-market-master\frontend\src\views\admin\Admin.vue?vue&type=template&id=d9e31676
<s> [webpack.Progress] 40% building 100/179 modules 79 active D:\twice-market-master\frontend\node_modules\cache-loader\dist\cjs.js?{"cacheDirectory":"node_modules/.cache/vue-loader","cacheIdentifier":"23271c7c-vue-loader-template"}!D:\twice-market-master\frontend\node_modules\cache-loader\dist\cjs.js??ref--13-0!D:\twice-market-master\frontend\node_modules\babel-loader\lib\index.js!D:\twice-market-master\frontend\node_modules\vue-loader\lib\loaders\templateLoader.js??ref--6!D:\twice-market-master\frontend\node_modules\cache-loader\dist\cjs.js??ref--1-0!D:\twice-market-master\frontend\node_modules\vue-loader\lib\index.js??vue-loader-options!D:\twice-market-master\frontend\src\views\error\404.vue?vue&type=template&id=09c68b87
<s> [webpack.Progress] 40% building 100/180 modules 80 active D:\twice-market-master\frontend\node_modules\element-ui\lib\transitions\collapse-transition.js
<s> [webpack.Progress] 40% building 101/180 modules 79 active D:\twice-market-master\frontend\node_modules\element-ui\lib\transitions\collapse-transition.js
<s> [webpack.Progress] 40% building 101/181 modules 80 active D:\twice-market-master\frontend\node_modules\webpack\buildin\module.js
<s> [webpack.Progress] 40% building 102/181 modules 79 active D:\twice-market-master\frontend\node_modules\element-ui\lib\transitions\collapse-transition.js
<s> [webpack.Progress] 40% building 102/182 modules 80 active D:\twice-market-master\frontend\node_modules\element-ui\lib\cascader-panel.js
<s> [webpack.Progress] 40% building 102/183 modules 81 active D:\twice-market-master\frontend\node_modules\vue-loader\lib\loaders\pitcher.js??ref--4!D:\twice-market-master\frontend\node_modules\vue-style-loader\index.js??ref--7-oneOf-1-0!D:\twice-market-master\frontend\node_modules\css-loader\dist\cjs.js??ref--7-oneOf-1-1!D:\twice-market-master\frontend\node_modules\postcss-loader\src\index.js??ref--7-oneOf-1-2!D:\twice-market-master\frontend\node_modules\cache-loader\dist\cjs.js??ref--1-0!D:\twice-market-master\frontend\node_modules\vue-loader\lib\index.js??vue-loader-options!D:\twice-market-master\frontend\src\views\error\404.vue?vue&type=style&index=0&id=09c68b87&lang=css
<s> [webpack.Progress] 40% building 103/183 modules 80 active D:\twice-market-master\frontend\node_modules\element-ui\lib\cascader-panel.js
<s> [webpack.Progress] 40% building 103/184 modules 81 active D:\twice-market-master\frontend\node_modules\sockjs-client\dist\sockjs.js
<s> [webpack.Progress] 40% building 104/184 modules 80 active D:\twice-market-master\frontend\node_modules\sockjs-client\dist\sockjs.js
<s> [webpack.Progress] 40% building 105/184 modules 79 active D:\twice-market-master\frontend\node_modules\sockjs-client\dist\sockjs.js
<s> [webpack.Progress] 40% building 106/184 modules 78 active D:\twice-market-master\frontend\node_modules\sockjs-client\dist\sockjs.js
<s> [webpack.Progress] 40% building 107/184 modules 77 active D:\twice-market-master\frontend\node_modules\sockjs-client\dist\sockjs.js
<s> [webpack.Progress] 40% building 107/185 modules 78 active D:\twice-market-master\frontend\node_modules\vue-loader\lib\loaders\pitcher.js??ref--4!D:\twice-market-master\frontend\node_modules\cache-loader\dist\cjs.js??ref--13-0!D:\twice-market-master\frontend\node_modules\babel-loader\lib\index.js!D:\twice-market-master\frontend\node_modules\cache-loader\dist\cjs.js??ref--1-0!D:\twice-market-master\frontend\node_modules\vue-loader\lib\index.js??vue-loader-options!D:\twice-market-master\frontend\src\views\error\404.vue?vue&type=script&lang=js
<s> [webpack.Progress] 40% building 108/185 modules 77 active D:\twice-market-master\frontend\node_modules\sockjs-client\dist\sockjs.js
<s> [webpack.Progress] 40% building 108/186 modules 78 active D:\twice-market-master\frontend\node_modules\cache-loader\dist\cjs.js??ref--13-0!D:\twice-market-master\frontend\node_modules\babel-loader\lib\index.js!D:\twice-market-master\frontend\node_modules\cache-loader\dist\cjs.js??ref--1-0!D:\twice-market-master\frontend\node_modules\vue-loader\lib\index.js??vue-loader-options!D:\twice-market-master\frontend\src\views\error\404.vue?vue&type=script&lang=js
<s> [webpack.Progress] 40% building 109/186 modules 77 active D:\twice-market-master\frontend\node_modules\cache-loader\dist\cjs.js??ref--13-0!D:\twice-market-master\frontend\node_modules\babel-loader\lib\index.js!D:\twice-market-master\frontend\node_modules\cache-loader\dist\cjs.js??ref--1-0!D:\twice-market-master\frontend\node_modules\vue-loader\lib\index.js??vue-loader-options!D:\twice-market-master\frontend\src\views\error\404.vue?vue&type=script&lang=js
<s> [webpack.Progress] 40% building 110/186 modules 76 active D:\twice-market-master\frontend\node_modules\cache-loader\dist\cjs.js??ref--13-0!D:\twice-market-master\frontend\node_modules\babel-loader\lib\index.js!D:\twice-market-master\frontend\node_modules\cache-loader\dist\cjs.js??ref--1-0!D:\twice-market-master\frontend\node_modules\vue-loader\lib\index.js??vue-loader-options!D:\twice-market-master\frontend\src\views\error\404.vue?vue&type=script&lang=js
<s> [webpack.Progress] 40% building 111/186 modules 75 active D:\twice-market-master\frontend\node_modules\cache-loader\dist\cjs.js??ref--13-0!D:\twice-market-master\frontend\node_modules\babel-loader\lib\index.js!D:\twice-market-master\frontend\node_modules\cache-loader\dist\cjs.js??ref--1-0!D:\twice-market-master\frontend\node_modules\vue-loader\lib\index.js??vue-loader-options!D:\twice-market-master\frontend\src\views\error\404.vue?vue&type=script&lang=js
<s> [webpack.Progress] 40% building 111/187 modules 76 active D:\twice-market-master\frontend\node_modules\vue-loader\lib\loaders\pitcher.js??ref--4!D:\twice-market-master\frontend\node_modules\vue-style-loader\index.js??ref--7-oneOf-1-0!D:\twice-market-master\frontend\node_modules\css-loader\dist\cjs.js??ref--7-oneOf-1-1!D:\twice-market-master\frontend\node_modules\postcss-loader\src\index.js??ref--7-oneOf-1-2!D:\twice-market-master\frontend\node_modules\cache-loader\dist\cjs.js??ref--1-0!D:\twice-market-master\frontend\node_modules\vue-loader\lib\index.js??vue-loader-options!D:\twice-market-master\frontend\src\views\admin\Admin.vue?vue&type=style&index=0&id=d9e31676&lang=css
<s> [webpack.Progress] 40% building 112/187 modules 75 active D:\twice-market-master\frontend\node_modules\cache-loader\dist\cjs.js??ref--13-0!D:\twice-market-master\frontend\node_modules\babel-loader\lib\index.js!D:\twice-market-master\frontend\node_modules\cache-loader\dist\cjs.js??ref--1-0!D:\twice-market-master\frontend\node_modules\vue-loader\lib\index.js??vue-loader-options!D:\twice-market-master\frontend\src\views\error\404.vue?vue&type=script&lang=js
<s> [webpack.Progress] 40% building 113/187 modules 74 active D:\twice-market-master\frontend\node_modules\cache-loader\dist\cjs.js??ref--13-0!D:\twice-market-master\frontend\node_modules\babel-loader\lib\index.js!D:\twice-market-master\frontend\node_modules\cache-loader\dist\cjs.js??ref--1-0!D:\twice-market-master\frontend\node_modules\vue-loader\lib\index.js??vue-loader-options!D:\twice-market-master\frontend\src\views\error\404.vue?vue&type=script&lang=js
<s> [webpack.Progress] 40% building 113/188 modules 75 active D:\twice-market-master\frontend\node_modules\vue-loader\lib\loaders\pitcher.js??ref--4!D:\twice-market-master\frontend\node_modules\cache-loader\dist\cjs.js??ref--13-0!D:\twice-market-master\frontend\node_modules\babel-loader\lib\index.js!D:\twice-market-master\frontend\node_modules\cache-loader\dist\cjs.js??ref--1-0!D:\twice-market-master\frontend\node_modules\vue-loader\lib\index.js??vue-loader-options!D:\twice-market-master\frontend\src\views\admin\Admin.vue?vue&type=script&lang=js
<s> [webpack.Progress] 40% building 114/188 modules 74 active D:\twice-market-master\frontend\node_modules\cache-loader\dist\cjs.js??ref--13-0!D:\twice-market-master\frontend\node_modules\babel-loader\lib\index.js!D:\twice-market-master\frontend\node_modules\cache-loader\dist\cjs.js??ref--1-0!D:\twice-market-master\frontend\node_modules\vue-loader\lib\index.js??vue-loader-options!D:\twice-market-master\frontend\src\views\error\404.vue?vue&type=script&lang=js
<s> [webpack.Progress] 40% building 114/189 modules 75 active D:\twice-market-master\frontend\node_modules\cache-loader\dist\cjs.js??ref--13-0!D:\twice-market-master\frontend\node_modules\babel-loader\lib\index.js!D:\twice-market-master\frontend\node_modules\cache-loader\dist\cjs.js??ref--1-0!D:\twice-market-master\frontend\node_modules\vue-loader\lib\index.js??vue-loader-options!D:\twice-market-master\frontend\src\views\admin\Admin.vue?vue&type=script&lang=js
<s> [webpack.Progress] 40% building 115/189 modules 74 active D:\twice-market-master\frontend\node_modules\cache-loader\dist\cjs.js??ref--13-0!D:\twice-market-master\frontend\node_modules\babel-loader\lib\index.js!D:\twice-market-master\frontend\node_modules\cache-loader\dist\cjs.js??ref--1-0!D:\twice-market-master\frontend\node_modules\vue-loader\lib\index.js??vue-loader-options!D:\twice-market-master\frontend\src\views\admin\Admin.vue?vue&type=script&lang=js
<s> [webpack.Progress] 40% building 116/189 modules 73 active D:\twice-market-master\frontend\node_modules\cache-loader\dist\cjs.js??ref--13-0!D:\twice-market-master\frontend\node_modules\babel-loader\lib\index.js!D:\twice-market-master\frontend\node_modules\cache-loader\dist\cjs.js??ref--1-0!D:\twice-market-master\frontend\node_modules\vue-loader\lib\index.js??vue-loader-options!D:\twice-market-master\frontend\src\views\admin\Admin.vue?vue&type=script&lang=js
<s> [webpack.Progress] 40% building 116/190 modules 74 active D:\twice-market-master\frontend\node_modules\vue-loader\lib\loaders\pitcher.js??ref--4!D:\twice-market-master\frontend\node_modules\vue-style-loader\index.js??ref--7-oneOf-1-0!D:\twice-market-master\frontend\node_modules\css-loader\dist\cjs.js??ref--7-oneOf-1-1!D:\twice-market-master\frontend\node_modules\postcss-loader\src\index.js??ref--7-oneOf-1-2!D:\twice-market-master\frontend\node_modules\cache-loader\dist\cjs.js??ref--1-0!D:\twice-market-master\frontend\node_modules\vue-loader\lib\index.js??vue-loader-options!D:\twice-market-master\frontend\src\views\order\Order.vue?vue&type=style&index=0&id=de889afa&lang=css
<s> [webpack.Progress] 40% building 117/190 modules 73 active D:\twice-market-master\frontend\node_modules\cache-loader\dist\cjs.js??ref--13-0!D:\twice-market-master\frontend\node_modules\babel-loader\lib\index.js!D:\twice-market-master\frontend\node_modules\cache-loader\dist\cjs.js??ref--1-0!D:\twice-market-master\frontend\node_modules\vue-loader\lib\index.js??vue-loader-options!D:\twice-market-master\frontend\src\views\admin\Admin.vue?vue&type=script&lang=js
<s> [webpack.Progress] 40% building 118/190 modules 72 active D:\twice-market-master\frontend\node_modules\cache-loader\dist\cjs.js??ref--13-0!D:\twice-market-master\frontend\node_modules\babel-loader\lib\index.js!D:\twice-market-master\frontend\node_modules\cache-loader\dist\cjs.js??ref--1-0!D:\twice-market-master\frontend\node_modules\vue-loader\lib\index.js??vue-loader-options!D:\twice-market-master\frontend\src\views\admin\Admin.vue?vue&type=script&lang=js
<s> [webpack.Progress] 40% building 119/190 modules 71 active D:\twice-market-master\frontend\node_modules\cache-loader\dist\cjs.js??ref--13-0!D:\twice-market-master\frontend\node_modules\babel-loader\lib\index.js!D:\twice-market-master\frontend\node_modules\cache-loader\dist\cjs.js??ref--1-0!D:\twice-market-master\frontend\node_modules\vue-loader\lib\index.js??vue-loader-options!D:\twice-market-master\frontend\src\views\admin\Admin.vue?vue&type=script&lang=js
<s> [webpack.Progress] 40% building 120/190 modules 70 active D:\twice-market-master\frontend\node_modules\cache-loader\dist\cjs.js??ref--13-0!D:\twice-market-master\frontend\node_modules\babel-loader\lib\index.js!D:\twice-market-master\frontend\node_modules\cache-loader\dist\cjs.js??ref--1-0!D:\twice-market-master\frontend\node_modules\vue-loader\lib\index.js??vue-loader-options!D:\twice-market-master\frontend\src\views\admin\Admin.vue?vue&type=script&lang=js
<s> [webpack.Progress] 40% building 121/190 modules 69 active D:\twice-market-master\frontend\node_modules\cache-loader\dist\cjs.js??ref--13-0!D:\twice-market-master\frontend\node_modules\babel-loader\lib\index.js!D:\twice-market-master\frontend\node_modules\cache-loader\dist\cjs.js??ref--1-0!D:\twice-market-master\frontend\node_modules\vue-loader\lib\index.js??vue-loader-options!D:\twice-market-master\frontend\src\views\admin\Admin.vue?vue&type=script&lang=js
<s> [webpack.Progress] 40% building 122/190 modules 68 active D:\twice-market-master\frontend\node_modules\cache-loader\dist\cjs.js??ref--13-0!D:\twice-market-master\frontend\node_modules\babel-loader\lib\index.js!D:\twice-market-master\frontend\node_modules\cache-loader\dist\cjs.js??ref--1-0!D:\twice-market-master\frontend\node_modules\vue-loader\lib\index.js??vue-loader-options!D:\twice-market-master\frontend\src\views\admin\Admin.vue?vue&type=script&lang=js
<s> [webpack.Progress] 40% building 123/190 modules 67 active D:\twice-market-master\frontend\node_modules\cache-loader\dist\cjs.js??ref--13-0!D:\twice-market-master\frontend\node_modules\babel-loader\lib\index.js!D:\twice-market-master\frontend\node_modules\cache-loader\dist\cjs.js??ref--1-0!D:\twice-market-master\frontend\node_modules\vue-loader\lib\index.js??vue-loader-options!D:\twice-market-master\frontend\src\views\admin\Admin.vue?vue&type=script&lang=js
<s> [webpack.Progress] 40% building 124/190 modules 66 active D:\twice-market-master\frontend\node_modules\cache-loader\dist\cjs.js??ref--13-0!D:\twice-market-master\frontend\node_modules\babel-loader\lib\index.js!D:\twice-market-master\frontend\node_modules\cache-loader\dist\cjs.js??ref--1-0!D:\twice-market-master\frontend\node_modules\vue-loader\lib\index.js??vue-loader-options!D:\twice-market-master\frontend\src\views\admin\Admin.vue?vue&type=script&lang=js
<s> [webpack.Progress] 40% building 125/190 modules 65 active D:\twice-market-master\frontend\node_modules\cache-loader\dist\cjs.js??ref--13-0!D:\twice-market-master\frontend\node_modules\babel-loader\lib\index.js!D:\twice-market-master\frontend\node_modules\cache-loader\dist\cjs.js??ref--1-0!D:\twice-market-master\frontend\node_modules\vue-loader\lib\index.js??vue-loader-options!D:\twice-market-master\frontend\src\views\admin\Admin.vue?vue&type=script&lang=js
<s> [webpack.Progress] 40% building 126/190 modules 64 active D:\twice-market-master\frontend\node_modules\cache-loader\dist\cjs.js??ref--13-0!D:\twice-market-master\frontend\node_modules\babel-loader\lib\index.js!D:\twice-market-master\frontend\node_modules\cache-loader\dist\cjs.js??ref--1-0!D:\twice-market-master\frontend\node_modules\vue-loader\lib\index.js??vue-loader-options!D:\twice-market-master\frontend\src\views\admin\Admin.vue?vue&type=script&lang=js
<s> [webpack.Progress] 40% building 126/191 modules 65 active D:\twice-market-master\frontend\node_modules\vue-loader\lib\loaders\pitcher.js??ref--4!D:\twice-market-master\frontend\node_modules\cache-loader\dist\cjs.js??ref--13-0!D:\twice-market-master\frontend\node_modules\babel-loader\lib\index.js!D:\twice-market-master\frontend\node_modules\cache-loader\dist\cjs.js??ref--1-0!D:\twice-market-master\frontend\node_modules\vue-loader\lib\index.js??vue-loader-options!D:\twice-market-master\frontend\src\views\order\Order.vue?vue&type=script&lang=js
<s> [webpack.Progress] 40% building 127/191 modules 64 active D:\twice-market-master\frontend\node_modules\cache-loader\dist\cjs.js??ref--13-0!D:\twice-market-master\frontend\node_modules\babel-loader\lib\index.js!D:\twice-market-master\frontend\node_modules\cache-loader\dist\cjs.js??ref--1-0!D:\twice-market-master\frontend\node_modules\vue-loader\lib\index.js??vue-loader-options!D:\twice-market-master\frontend\src\views\admin\Admin.vue?vue&type=script&lang=js
<s> [webpack.Progress] 40% building 127/192 modules 65 active D:\twice-market-master\frontend\node_modules\cache-loader\dist\cjs.js??ref--13-0!D:\twice-market-master\frontend\node_modules\babel-loader\lib\index.js!D:\twice-market-master\frontend\node_modules\cache-loader\dist\cjs.js??ref--1-0!D:\twice-market-master\frontend\node_modules\vue-loader\lib\index.js??vue-loader-options!D:\twice-market-master\frontend\src\views\order\Order.vue?vue&type=script&lang=js
<s> [webpack.Progress] 40% building 128/192 modules 64 active D:\twice-market-master\frontend\node_modules\cache-loader\dist\cjs.js??ref--13-0!D:\twice-market-master\frontend\node_modules\babel-loader\lib\index.js!D:\twice-market-master\frontend\node_modules\cache-loader\dist\cjs.js??ref--1-0!D:\twice-market-master\frontend\node_modules\vue-loader\lib\index.js??vue-loader-options!D:\twice-market-master\frontend\src\views\order\Order.vue?vue&type=script&lang=js
<s> [webpack.Progress] 40% building 129/192 modules 63 active D:\twice-market-master\frontend\node_modules\cache-loader\dist\cjs.js??ref--13-0!D:\twice-market-master\frontend\node_modules\babel-loader\lib\index.js!D:\twice-market-master\frontend\node_modules\cache-loader\dist\cjs.js??ref--1-0!D:\twice-market-master\frontend\node_modules\vue-loader\lib\index.js??vue-loader-options!D:\twice-market-master\frontend\src\views\order\Order.vue?vue&type=script&lang=js
<s> [webpack.Progress] 40% building 130/192 modules 62 active D:\twice-market-master\frontend\node_modules\cache-loader\dist\cjs.js??ref--13-0!D:\twice-market-master\frontend\node_modules\babel-loader\lib\index.js!D:\twice-market-master\frontend\node_modules\cache-loader\dist\cjs.js??ref--1-0!D:\twice-market-master\frontend\node_modules\vue-loader\lib\index.js??vue-loader-options!D:\twice-market-master\frontend\src\views\order\Order.vue?vue&type=script&lang=js
<s> [webpack.Progress] 40% building 131/192 modules 61 active D:\twice-market-master\frontend\node_modules\cache-loader\dist\cjs.js??ref--13-0!D:\twice-market-master\frontend\node_modules\babel-loader\lib\index.js!D:\twice-market-master\frontend\node_modules\cache-loader\dist\cjs.js??ref--1-0!D:\twice-market-master\frontend\node_modules\vue-loader\lib\index.js??vue-loader-options!D:\twice-market-master\frontend\src\views\order\Order.vue?vue&type=script&lang=js
<s> [webpack.Progress] 40% building 132/192 modules 60 active D:\twice-market-master\frontend\node_modules\cache-loader\dist\cjs.js??ref--13-0!D:\twice-market-master\frontend\node_modules\babel-loader\lib\index.js!D:\twice-market-master\frontend\node_modules\cache-loader\dist\cjs.js??ref--1-0!D:\twice-market-master\frontend\node_modules\vue-loader\lib\index.js??vue-loader-options!D:\twice-market-master\frontend\src\views\order\Order.vue?vue&type=script&lang=js
<s> [webpack.Progress] 40% building 133/192 modules 59 active D:\twice-market-master\frontend\node_modules\cache-loader\dist\cjs.js??ref--13-0!D:\twice-market-master\frontend\node_modules\babel-loader\lib\index.js!D:\twice-market-master\frontend\node_modules\cache-loader\dist\cjs.js??ref--1-0!D:\twice-market-master\frontend\node_modules\vue-loader\lib\index.js??vue-loader-options!D:\twice-market-master\frontend\src\views\order\Order.vue?vue&type=script&lang=js
<s> [webpack.Progress] 40% building 134/192 modules 58 active D:\twice-market-master\frontend\node_modules\cache-loader\dist\cjs.js??ref--13-0!D:\twice-market-master\frontend\node_modules\babel-loader\lib\index.js!D:\twice-market-master\frontend\node_modules\cache-loader\dist\cjs.js??ref--1-0!D:\twice-market-master\frontend\node_modules\vue-loader\lib\index.js??vue-loader-options!D:\twice-market-master\frontend\src\views\order\Order.vue?vue&type=script&lang=js
<s> [webpack.Progress] 40% building 135/192 modules 57 active D:\twice-market-master\frontend\node_modules\cache-loader\dist\cjs.js??ref--13-0!D:\twice-market-master\frontend\node_modules\babel-loader\lib\index.js!D:\twice-market-master\frontend\node_modules\cache-loader\dist\cjs.js??ref--1-0!D:\twice-market-master\frontend\node_modules\vue-loader\lib\index.js??vue-loader-options!D:\twice-market-master\frontend\src\views\order\Order.vue?vue&type=script&lang=js
<s> [webpack.Progress] 40% building 136/192 modules 56 active D:\twice-market-master\frontend\node_modules\cache-loader\dist\cjs.js??ref--13-0!D:\twice-market-master\frontend\node_modules\babel-loader\lib\index.js!D:\twice-market-master\frontend\node_modules\cache-loader\dist\cjs.js??ref--1-0!D:\twice-market-master\frontend\node_modules\vue-loader\lib\index.js??vue-loader-options!D:\twice-market-master\frontend\src\views\order\Order.vue?vue&type=script&lang=js
<s> [webpack.Progress] 40% building 136/193 modules 57 active D:\twice-market-master\frontend\node_modules\vue-loader\lib\loaders\pitcher.js??ref--4!D:\twice-market-master\frontend\node_modules\vue-style-loader\index.js??ref--7-oneOf-1-0!D:\twice-market-master\frontend\node_modules\css-loader\dist\cjs.js??ref--7-oneOf-1-1!D:\twice-market-master\frontend\node_modules\postcss-loader\src\index.js??ref--7-oneOf-1-2!D:\twice-market-master\frontend\node_modules\cache-loader\dist\cjs.js??ref--1-0!D:\twice-market-master\frontend\node_modules\vue-loader\lib\index.js??vue-loader-options!D:\twice-market-master\frontend\src\views\student\Student.vue?vue&type=style&index=0&id=6f72f8c6&lang=css
<s> [webpack.Progress] 40% building 137/193 modules 56 active D:\twice-market-master\frontend\node_modules\cache-loader\dist\cjs.js??ref--13-0!D:\twice-market-master\frontend\node_modules\babel-loader\lib\index.js!D:\twice-market-master\frontend\node_modules\cache-loader\dist\cjs.js??ref--1-0!D:\twice-market-master\frontend\node_modules\vue-loader\lib\index.js??vue-loader-options!D:\twice-market-master\frontend\src\views\order\Order.vue?vue&type=script&lang=js
<s> [webpack.Progress] 40% building 138/193 modules 55 active D:\twice-market-master\frontend\node_modules\cache-loader\dist\cjs.js??ref--13-0!D:\twice-market-master\frontend\node_modules\babel-loader\lib\index.js!D:\twice-market-master\frontend\node_modules\cache-loader\dist\cjs.js??ref--1-0!D:\twice-market-master\frontend\node_modules\vue-loader\lib\index.js??vue-loader-options!D:\twice-market-master\frontend\src\views\order\Order.vue?vue&type=script&lang=js
<s> [webpack.Progress] 40% building 138/194 modules 56 active D:\twice-market-master\frontend\node_modules\vue-loader\lib\loaders\pitcher.js??ref--4!D:\twice-market-master\frontend\node_modules\cache-loader\dist\cjs.js??ref--13-0!D:\twice-market-master\frontend\node_modules\babel-loader\lib\index.js!D:\twice-market-master\frontend\node_modules\cache-loader\dist\cjs.js??ref--1-0!D:\twice-market-master\frontend\node_modules\vue-loader\lib\index.js??vue-loader-options!D:\twice-market-master\frontend\src\views\student\Student.vue?vue&type=script&lang=js
<s> [webpack.Progress] 40% building 139/194 modules 55 active D:\twice-market-master\frontend\node_modules\cache-loader\dist\cjs.js??ref--13-0!D:\twice-market-master\frontend\node_modules\babel-loader\lib\index.js!D:\twice-market-master\frontend\node_modules\cache-loader\dist\cjs.js??ref--1-0!D:\twice-market-master\frontend\node_modules\vue-loader\lib\index.js??vue-loader-options!D:\twice-market-master\frontend\src\views\order\Order.vue?vue&type=script&lang=js
<s> [webpack.Progress] 40% building 139/195 modules 56 active D:\twice-market-master\frontend\node_modules\cache-loader\dist\cjs.js??ref--13-0!D:\twice-market-master\frontend\node_modules\babel-loader\lib\index.js!D:\twice-market-master\frontend\node_modules\cache-loader\dist\cjs.js??ref--1-0!D:\twice-market-master\frontend\node_modules\vue-loader\lib\index.js??vue-loader-options!D:\twice-market-master\frontend\src\views\student\Student.vue?vue&type=script&lang=js
<s> [webpack.Progress] 40% building 140/195 modules 55 active D:\twice-market-master\frontend\node_modules\cache-loader\dist\cjs.js??ref--13-0!D:\twice-market-master\frontend\node_modules\babel-loader\lib\index.js!D:\twice-market-master\frontend\node_modules\cache-loader\dist\cjs.js??ref--1-0!D:\twice-market-master\frontend\node_modules\vue-loader\lib\index.js??vue-loader-options!D:\twice-market-master\frontend\src\views\student\Student.vue?vue&type=script&lang=js
<s> [webpack.Progress] 40% building 141/195 modules 54 active D:\twice-market-master\frontend\node_modules\cache-loader\dist\cjs.js??ref--13-0!D:\twice-market-master\frontend\node_modules\babel-loader\lib\index.js!D:\twice-market-master\frontend\node_modules\cache-loader\dist\cjs.js??ref--1-0!D:\twice-market-master\frontend\node_modules\vue-loader\lib\index.js??vue-loader-options!D:\twice-market-master\frontend\src\views\student\Student.vue?vue&type=script&lang=js
<s> [webpack.Progress] 40% building 142/195 modules 53 active D:\twice-market-master\frontend\node_modules\cache-loader\dist\cjs.js??ref--13-0!D:\twice-market-master\frontend\node_modules\babel-loader\lib\index.js!D:\twice-market-master\frontend\node_modules\cache-loader\dist\cjs.js??ref--1-0!D:\twice-market-master\frontend\node_modules\vue-loader\lib\index.js??vue-loader-options!D:\twice-market-master\frontend\src\views\student\Student.vue?vue&type=script&lang=js
<s> [webpack.Progress] 40% building 142/196 modules 54 active D:\twice-market-master\frontend\node_modules\vue-loader\lib\loaders\pitcher.js??ref--4!D:\twice-market-master\frontend\node_modules\vue-style-loader\index.js??ref--7-oneOf-1-0!D:\twice-market-master\frontend\node_modules\css-loader\dist\cjs.js??ref--7-oneOf-1-1!D:\twice-market-master\frontend\node_modules\postcss-loader\src\index.js??ref--7-oneOf-1-2!D:\twice-market-master\frontend\node_modules\cache-loader\dist\cjs.js??ref--1-0!D:\twice-market-master\frontend\node_modules\vue-loader\lib\index.js??vue-loader-options!D:\twice-market-master\frontend\src\views\admin\Manage.vue?vue&type=style&index=0&id=3d07e2df&lang=css
<s> [webpack.Progress] 40% building 143/196 modules 53 active D:\twice-market-master\frontend\node_modules\cache-loader\dist\cjs.js??ref--13-0!D:\twice-market-master\frontend\node_modules\babel-loader\lib\index.js!D:\twice-market-master\frontend\node_modules\cache-loader\dist\cjs.js??ref--1-0!D:\twice-market-master\frontend\node_modules\vue-loader\lib\index.js??vue-loader-options!D:\twice-market-master\frontend\src\views\student\Student.vue?vue&type=script&lang=js
<s> [webpack.Progress] 40% building 143/197 modules 54 active D:\twice-market-master\frontend\node_modules\throttle-debounce\debounce.js
<s> [webpack.Progress] 40% building 143/198 modules 55 active D:\twice-market-master\frontend\node_modules\throttle-debounce\throttle.js
<s> [webpack.Progress] 40% building 143/199 modules 56 active D:\twice-market-master\frontend\node_modules\vue-loader\lib\loaders\pitcher.js??ref--4!D:\twice-market-master\frontend\node_modules\cache-loader\dist\cjs.js??ref--13-0!D:\twice-market-master\frontend\node_modules\babel-loader\lib\index.js!D:\twice-market-master\frontend\node_modules\cache-loader\dist\cjs.js??ref--1-0!D:\twice-market-master\frontend\node_modules\vue-loader\lib\index.js??vue-loader-options!D:\twice-market-master\frontend\src\views\admin\Manage.vue?vue&type=script&lang=js
<s> [webpack.Progress] 40% building 144/199 modules 55 active D:\twice-market-master\frontend\node_modules\throttle-debounce\throttle.js
<s> [webpack.Progress] 40% building 144/200 modules 56 active D:\twice-market-master\frontend\node_modules\cache-loader\dist\cjs.js??ref--13-0!D:\twice-market-master\frontend\node_modules\babel-loader\lib\index.js!D:\twice-market-master\frontend\node_modules\cache-loader\dist\cjs.js??ref--1-0!D:\twice-market-master\frontend\node_modules\vue-loader\lib\index.js??vue-loader-options!D:\twice-market-master\frontend\src\views\admin\Manage.vue?vue&type=script&lang=js
<s> [webpack.Progress] 40% building 144/201 modules 57 active D:\twice-market-master\frontend\node_modules\vue-loader\lib\loaders\pitcher.js??ref--4!D:\twice-market-master\frontend\node_modules\vue-style-loader\index.js??ref--7-oneOf-1-0!D:\twice-market-master\frontend\node_modules\css-loader\dist\cjs.js??ref--7-oneOf-1-1!D:\twice-market-master\frontend\node_modules\postcss-loader\src\index.js??ref--7-oneOf-1-2!D:\twice-market-master\frontend\node_modules\cache-loader\dist\cjs.js??ref--1-0!D:\twice-market-master\frontend\node_modules\vue-loader\lib\index.js??vue-loader-options!D:\twice-market-master\frontend\src\views\goods\Goods.vue?vue&type=style&index=0&id=53922493&lang=css
<s> [webpack.Progress] 40% building 145/201 modules 56 active D:\twice-market-master\frontend\node_modules\cache-loader\dist\cjs.js??ref--13-0!D:\twice-market-master\frontend\node_modules\babel-loader\lib\index.js!D:\twice-market-master\frontend\node_modules\cache-loader\dist\cjs.js??ref--1-0!D:\twice-market-master\frontend\node_modules\vue-loader\lib\index.js??vue-loader-options!D:\twice-market-master\frontend\src\views\admin\Manage.vue?vue&type=script&lang=js
<s> [webpack.Progress] 40% building 145/202 modules 57 active D:\twice-market-master\frontend\node_modules\vue-loader\lib\loaders\pitcher.js??ref--4!D:\twice-market-master\frontend\node_modules\cache-loader\dist\cjs.js??ref--13-0!D:\twice-market-master\frontend\node_modules\babel-loader\lib\index.js!D:\twice-market-master\frontend\node_modules\cache-loader\dist\cjs.js??ref--1-0!D:\twice-market-master\frontend\node_modules\vue-loader\lib\index.js??vue-loader-options!D:\twice-market-master\frontend\src\views\goods\Goods.vue?vue&type=script&lang=js
<s> [webpack.Progress] 40% building 146/202 modules 56 active D:\twice-market-master\frontend\node_modules\cache-loader\dist\cjs.js??ref--13-0!D:\twice-market-master\frontend\node_modules\babel-loader\lib\index.js!D:\twice-market-master\frontend\node_modules\cache-loader\dist\cjs.js??ref--1-0!D:\twice-market-master\frontend\node_modules\vue-loader\lib\index.js??vue-loader-options!D:\twice-market-master\frontend\src\views\admin\Manage.vue?vue&type=script&lang=js
<s> [webpack.Progress] 40% building 146/203 modules 57 active D:\twice-market-master\frontend\node_modules\cache-loader\dist\cjs.js??ref--13-0!D:\twice-market-master\frontend\node_modules\babel-loader\lib\index.js!D:\twice-market-master\frontend\node_modules\cache-loader\dist\cjs.js??ref--1-0!D:\twice-market-master\frontend\node_modules\vue-loader\lib\index.js??vue-loader-options!D:\twice-market-master\frontend\src\views\goods\Goods.vue?vue&type=script&lang=js
<s> [webpack.Progress] 40% building 147/203 modules 56 active D:\twice-market-master\frontend\node_modules\cache-loader\dist\cjs.js??ref--13-0!D:\twice-market-master\frontend\node_modules\babel-loader\lib\index.js!D:\twice-market-master\frontend\node_modules\cache-loader\dist\cjs.js??ref--1-0!D:\twice-market-master\frontend\node_modules\vue-loader\lib\index.js??vue-loader-options!D:\twice-market-master\frontend\src\views\goods\Goods.vue?vue&type=script&lang=js
<s> [webpack.Progress] 40% building 148/203 modules 55 active D:\twice-market-master\frontend\node_modules\cache-loader\dist\cjs.js??ref--13-0!D:\twice-market-master\frontend\node_modules\babel-loader\lib\index.js!D:\twice-market-master\frontend\node_modules\cache-loader\dist\cjs.js??ref--1-0!D:\twice-market-master\frontend\node_modules\vue-loader\lib\index.js??vue-loader-options!D:\twice-market-master\frontend\src\views\goods\Goods.vue?vue&type=script&lang=js
<s> [webpack.Progress] 40% building 149/203 modules 54 active D:\twice-market-master\frontend\node_modules\cache-loader\dist\cjs.js??ref--13-0!D:\twice-market-master\frontend\node_modules\babel-loader\lib\index.js!D:\twice-market-master\frontend\node_modules\cache-loader\dist\cjs.js??ref--1-0!D:\twice-market-master\frontend\node_modules\vue-loader\lib\index.js??vue-loader-options!D:\twice-market-master\frontend\src\views\goods\Goods.vue?vue&type=script&lang=js
<s> [webpack.Progress] 40% building 150/203 modules 53 active D:\twice-market-master\frontend\node_modules\cache-loader\dist\cjs.js??ref--13-0!D:\twice-market-master\frontend\node_modules\babel-loader\lib\index.js!D:\twice-market-master\frontend\node_modules\cache-loader\dist\cjs.js??ref--1-0!D:\twice-market-master\frontend\node_modules\vue-loader\lib\index.js??vue-loader-options!D:\twice-market-master\frontend\src\views\goods\Goods.vue?vue&type=script&lang=js
<s> [webpack.Progress] 40% building 151/203 modules 52 active D:\twice-market-master\frontend\node_modules\cache-loader\dist\cjs.js??ref--13-0!D:\twice-market-master\frontend\node_modules\babel-loader\lib\index.js!D:\twice-market-master\frontend\node_modules\cache-loader\dist\cjs.js??ref--1-0!D:\twice-market-master\frontend\node_modules\vue-loader\lib\index.js??vue-loader-options!D:\twice-market-master\frontend\src\views\goods\Goods.vue?vue&type=script&lang=js
<s> [webpack.Progress] 40% building 152/203 modules 51 active D:\twice-market-master\frontend\node_modules\cache-loader\dist\cjs.js??ref--13-0!D:\twice-market-master\frontend\node_modules\babel-loader\lib\index.js!D:\twice-market-master\frontend\node_modules\cache-loader\dist\cjs.js??ref--1-0!D:\twice-market-master\frontend\node_modules\vue-loader\lib\index.js??vue-loader-options!D:\twice-market-master\frontend\src\views\goods\Goods.vue?vue&type=script&lang=js
<s> [webpack.Progress] 40% building 153/203 modules 50 active D:\twice-market-master\frontend\node_modules\cache-loader\dist\cjs.js??ref--13-0!D:\twice-market-master\frontend\node_modules\babel-loader\lib\index.js!D:\twice-market-master\frontend\node_modules\cache-loader\dist\cjs.js??ref--1-0!D:\twice-market-master\frontend\node_modules\vue-loader\lib\index.js??vue-loader-options!D:\twice-market-master\frontend\src\views\goods\Goods.vue?vue&type=script&lang=js
<s> [webpack.Progress] 40% building 154/203 modules 49 active D:\twice-market-master\frontend\node_modules\cache-loader\dist\cjs.js??ref--13-0!D:\twice-market-master\frontend\node_modules\babel-loader\lib\index.js!D:\twice-market-master\frontend\node_modules\cache-loader\dist\cjs.js??ref--1-0!D:\twice-market-master\frontend\node_modules\vue-loader\lib\index.js??vue-loader-options!D:\twice-market-master\frontend\src\views\goods\Goods.vue?vue&type=script&lang=js
<s> [webpack.Progress] 40% building 155/203 modules 48 active D:\twice-market-master\frontend\node_modules\cache-loader\dist\cjs.js??ref--13-0!D:\twice-market-master\frontend\node_modules\babel-loader\lib\index.js!D:\twice-market-master\frontend\node_modules\cache-loader\dist\cjs.js??ref--1-0!D:\twice-market-master\frontend\node_modules\vue-loader\lib\index.js??vue-loader-options!D:\twice-market-master\frontend\src\views\goods\Goods.vue?vue&type=script&lang=js
<s> [webpack.Progress] 40% building 156/203 modules 47 active D:\twice-market-master\frontend\node_modules\cache-loader\dist\cjs.js??ref--13-0!D:\twice-market-master\frontend\node_modules\babel-loader\lib\index.js!D:\twice-market-master\frontend\node_modules\cache-loader\dist\cjs.js??ref--1-0!D:\twice-market-master\frontend\node_modules\vue-loader\lib\index.js??vue-loader-options!D:\twice-market-master\frontend\src\views\goods\Goods.vue?vue&type=script&lang=js
<s> [webpack.Progress] 40% building 157/203 modules 46 active D:\twice-market-master\frontend\node_modules\cache-loader\dist\cjs.js??ref--13-0!D:\twice-market-master\frontend\node_modules\babel-loader\lib\index.js!D:\twice-market-master\frontend\node_modules\cache-loader\dist\cjs.js??ref--1-0!D:\twice-market-master\frontend\node_modules\vue-loader\lib\index.js??vue-loader-options!D:\twice-market-master\frontend\src\views\goods\Goods.vue?vue&type=script&lang=js
<s> [webpack.Progress] 40% building 158/203 modules 45 active D:\twice-market-master\frontend\node_modules\cache-loader\dist\cjs.js??ref--13-0!D:\twice-market-master\frontend\node_modules\babel-loader\lib\index.js!D:\twice-market-master\frontend\node_modules\cache-loader\dist\cjs.js??ref--1-0!D:\twice-market-master\frontend\node_modules\vue-loader\lib\index.js??vue-loader-options!D:\twice-market-master\frontend\src\views\goods\Goods.vue?vue&type=script&lang=js
<s> [webpack.Progress] 40% building 159/203 modules 44 active D:\twice-market-master\frontend\node_modules\cache-loader\dist\cjs.js??ref--13-0!D:\twice-market-master\frontend\node_modules\babel-loader\lib\index.js!D:\twice-market-master\frontend\node_modules\cache-loader\dist\cjs.js??ref--1-0!D:\twice-market-master\frontend\node_modules\vue-loader\lib\index.js??vue-loader-options!D:\twice-market-master\frontend\src\views\goods\Goods.vue?vue&type=script&lang=js
<s> [webpack.Progress] 40% building 160/203 modules 43 active D:\twice-market-master\frontend\node_modules\cache-loader\dist\cjs.js??ref--13-0!D:\twice-market-master\frontend\node_modules\babel-loader\lib\index.js!D:\twice-market-master\frontend\node_modules\cache-loader\dist\cjs.js??ref--1-0!D:\twice-market-master\frontend\node_modules\vue-loader\lib\index.js??vue-loader-options!D:\twice-market-master\frontend\src\views\goods\Goods.vue?vue&type=script&lang=js
<s> [webpack.Progress] 40% building 161/203 modules 42 active D:\twice-market-master\frontend\node_modules\cache-loader\dist\cjs.js??ref--13-0!D:\twice-market-master\frontend\node_modules\babel-loader\lib\index.js!D:\twice-market-master\frontend\node_modules\cache-loader\dist\cjs.js??ref--1-0!D:\twice-market-master\frontend\node_modules\vue-loader\lib\index.js??vue-loader-options!D:\twice-market-master\frontend\src\views\goods\Goods.vue?vue&type=script&lang=js
<s> [webpack.Progress] 40% building 162/203 modules 41 active D:\twice-market-master\frontend\node_modules\cache-loader\dist\cjs.js??ref--13-0!D:\twice-market-master\frontend\node_modules\babel-loader\lib\index.js!D:\twice-market-master\frontend\node_modules\cache-loader\dist\cjs.js??ref--1-0!D:\twice-market-master\frontend\node_modules\vue-loader\lib\index.js??vue-loader-options!D:\twice-market-master\frontend\src\views\goods\Goods.vue?vue&type=script&lang=js
<s> [webpack.Progress] 40% building 163/203 modules 40 active D:\twice-market-master\frontend\node_modules\cache-loader\dist\cjs.js??ref--13-0!D:\twice-market-master\frontend\node_modules\babel-loader\lib\index.js!D:\twice-market-master\frontend\node_modules\cache-loader\dist\cjs.js??ref--1-0!D:\twice-market-master\frontend\node_modules\vue-loader\lib\index.js??vue-loader-options!D:\twice-market-master\frontend\src\views\goods\Goods.vue?vue&type=script&lang=js
<s> [webpack.Progress] 40% building 164/203 modules 39 active D:\twice-market-master\frontend\node_modules\cache-loader\dist\cjs.js??ref--13-0!D:\twice-market-master\frontend\node_modules\babel-loader\lib\index.js!D:\twice-market-master\frontend\node_modules\cache-loader\dist\cjs.js??ref--1-0!D:\twice-market-master\frontend\node_modules\vue-loader\lib\index.js??vue-loader-options!D:\twice-market-master\frontend\src\views\goods\Goods.vue?vue&type=script&lang=js
<s> [webpack.Progress] 40% building 164/204 modules 40 active D:\twice-market-master\frontend\node_modules\vue-loader\lib\loaders\pitcher.js??ref--4!D:\twice-market-master\frontend\node_modules\cache-loader\dist\cjs.js??ref--13-0!D:\twice-market-master\frontend\node_modules\babel-loader\lib\index.js!D:\twice-market-master\frontend\node_modules\cache-loader\dist\cjs.js??ref--1-0!D:\twice-market-master\frontend\node_modules\vue-loader\lib\index.js??vue-loader-options!D:\twice-market-master\frontend\src\views\home\Home.vue?vue&type=script&lang=js
<s> [webpack.Progress] 40% building 165/204 modules 39 active D:\twice-market-master\frontend\node_modules\cache-loader\dist\cjs.js??ref--13-0!D:\twice-market-master\frontend\node_modules\babel-loader\lib\index.js!D:\twice-market-master\frontend\node_modules\cache-loader\dist\cjs.js??ref--1-0!D:\twice-market-master\frontend\node_modules\vue-loader\lib\index.js??vue-loader-options!D:\twice-market-master\frontend\src\views\goods\Goods.vue?vue&type=script&lang=js
<s> [webpack.Progress] 40% building 165/205 modules 40 active D:\twice-market-master\frontend\node_modules\cache-loader\dist\cjs.js??ref--13-0!D:\twice-market-master\frontend\node_modules\babel-loader\lib\index.js!D:\twice-market-master\frontend\node_modules\cache-loader\dist\cjs.js??ref--1-0!D:\twice-market-master\frontend\node_modules\vue-loader\lib\index.js??vue-loader-options!D:\twice-market-master\frontend\src\views\home\Home.vue?vue&type=script&lang=js
<s> [webpack.Progress] 40% building 166/205 modules 39 active D:\twice-market-master\frontend\node_modules\cache-loader\dist\cjs.js??ref--13-0!D:\twice-market-master\frontend\node_modules\babel-loader\lib\index.js!D:\twice-market-master\frontend\node_modules\cache-loader\dist\cjs.js??ref--1-0!D:\twice-market-master\frontend\node_modules\vue-loader\lib\index.js??vue-loader-options!D:\twice-market-master\frontend\src\views\home\Home.vue?vue&type=script&lang=js
<s> [webpack.Progress] 40% building 167/205 modules 38 active D:\twice-market-master\frontend\node_modules\cache-loader\dist\cjs.js??ref--13-0!D:\twice-market-master\frontend\node_modules\babel-loader\lib\index.js!D:\twice-market-master\frontend\node_modules\cache-loader\dist\cjs.js??ref--1-0!D:\twice-market-master\frontend\node_modules\vue-loader\lib\index.js??vue-loader-options!D:\twice-market-master\frontend\src\views\home\Home.vue?vue&type=script&lang=js
<s> [webpack.Progress] 40% building 168/205 modules 37 active D:\twice-market-master\frontend\node_modules\cache-loader\dist\cjs.js??ref--13-0!D:\twice-market-master\frontend\node_modules\babel-loader\lib\index.js!D:\twice-market-master\frontend\node_modules\cache-loader\dist\cjs.js??ref--1-0!D:\twice-market-master\frontend\node_modules\vue-loader\lib\index.js??vue-loader-options!D:\twice-market-master\frontend\src\views\home\Home.vue?vue&type=script&lang=js
<s> [webpack.Progress] 40% building 169/205 modules 36 active D:\twice-market-master\frontend\node_modules\cache-loader\dist\cjs.js??ref--13-0!D:\twice-market-master\frontend\node_modules\babel-loader\lib\index.js!D:\twice-market-master\frontend\node_modules\cache-loader\dist\cjs.js??ref--1-0!D:\twice-market-master\frontend\node_modules\vue-loader\lib\index.js??vue-loader-options!D:\twice-market-master\frontend\src\views\home\Home.vue?vue&type=script&lang=js
<s> [webpack.Progress] 40% building 170/205 modules 35 active D:\twice-market-master\frontend\node_modules\cache-loader\dist\cjs.js??ref--13-0!D:\twice-market-master\frontend\node_modules\babel-loader\lib\index.js!D:\twice-market-master\frontend\node_modules\cache-loader\dist\cjs.js??ref--1-0!D:\twice-market-master\frontend\node_modules\vue-loader\lib\index.js??vue-loader-options!D:\twice-market-master\frontend\src\views\home\Home.vue?vue&type=script&lang=js
<s> [webpack.Progress] 40% building 171/205 modules 34 active D:\twice-market-master\frontend\node_modules\cache-loader\dist\cjs.js??ref--13-0!D:\twice-market-master\frontend\node_modules\babel-loader\lib\index.js!D:\twice-market-master\frontend\node_modules\cache-loader\dist\cjs.js??ref--1-0!D:\twice-market-master\frontend\node_modules\vue-loader\lib\index.js??vue-loader-options!D:\twice-market-master\frontend\src\views\home\Home.vue?vue&type=script&lang=js
<s> [webpack.Progress] 40% building 172/205 modules 33 active D:\twice-market-master\frontend\node_modules\cache-loader\dist\cjs.js??ref--13-0!D:\twice-market-master\frontend\node_modules\babel-loader\lib\index.js!D:\twice-market-master\frontend\node_modules\cache-loader\dist\cjs.js??ref--1-0!D:\twice-market-master\frontend\node_modules\vue-loader\lib\index.js??vue-loader-options!D:\twice-market-master\frontend\src\views\home\Home.vue?vue&type=script&lang=js
<s> [webpack.Progress] 40% building 172/206 modules 34 active D:\twice-market-master\frontend\node_modules\vue-loader\lib\loaders\pitcher.js??ref--4!D:\twice-market-master\frontend\node_modules\vue-style-loader\index.js??ref--7-oneOf-1-0!D:\twice-market-master\frontend\node_modules\css-loader\dist\cjs.js??ref--7-oneOf-1-1!D:\twice-market-master\frontend\node_modules\postcss-loader\src\index.js??ref--7-oneOf-1-2!D:\twice-market-master\frontend\node_modules\cache-loader\dist\cjs.js??ref--1-0!D:\twice-market-master\frontend\node_modules\vue-loader\lib\index.js??vue-loader-options!D:\twice-market-master\frontend\src\views\front\S_login.vue?vue&type=style&index=0&id=26274f6d&lang=css
<s> [webpack.Progress] 40% building 173/206 modules 33 active D:\twice-market-master\frontend\node_modules\cache-loader\dist\cjs.js??ref--13-0!D:\twice-market-master\frontend\node_modules\babel-loader\lib\index.js!D:\twice-market-master\frontend\node_modules\cache-loader\dist\cjs.js??ref--1-0!D:\twice-market-master\frontend\node_modules\vue-loader\lib\index.js??vue-loader-options!D:\twice-market-master\frontend\src\views\home\Home.vue?vue&type=script&lang=js
<s> [webpack.Progress] 40% building 174/206 modules 32 active D:\twice-market-master\frontend\node_modules\cache-loader\dist\cjs.js??ref--13-0!D:\twice-market-master\frontend\node_modules\babel-loader\lib\index.js!D:\twice-market-master\frontend\node_modules\cache-loader\dist\cjs.js??ref--1-0!D:\twice-market-master\frontend\node_modules\vue-loader\lib\index.js??vue-loader-options!D:\twice-market-master\frontend\src\views\home\Home.vue?vue&type=script&lang=js
<s> [webpack.Progress] 40% building 175/206 modules 31 active D:\twice-market-master\frontend\node_modules\cache-loader\dist\cjs.js??ref--13-0!D:\twice-market-master\frontend\node_modules\babel-loader\lib\index.js!D:\twice-market-master\frontend\node_modules\cache-loader\dist\cjs.js??ref--1-0!D:\twice-market-master\frontend\node_modules\vue-loader\lib\index.js??vue-loader-options!D:\twice-market-master\frontend\src\views\home\Home.vue?vue&type=script&lang=js
<s> [webpack.Progress] 40% building 176/206 modules 30 active D:\twice-market-master\frontend\node_modules\cache-loader\dist\cjs.js??ref--13-0!D:\twice-market-master\frontend\node_modules\babel-loader\lib\index.js!D:\twice-market-master\frontend\node_modules\cache-loader\dist\cjs.js??ref--1-0!D:\twice-market-master\frontend\node_modules\vue-loader\lib\index.js??vue-loader-options!D:\twice-market-master\frontend\src\views\home\Home.vue?vue&type=script&lang=js
<s> [webpack.Progress] 40% building 176/207 modules 31 active D:\twice-market-master\frontend\node_modules\vue-loader\lib\loaders\pitcher.js??ref--4!D:\twice-market-master\frontend\node_modules\cache-loader\dist\cjs.js??ref--13-0!D:\twice-market-master\frontend\node_modules\babel-loader\lib\index.js!D:\twice-market-master\frontend\node_modules\cache-loader\dist\cjs.js??ref--1-0!D:\twice-market-master\frontend\node_modules\vue-loader\lib\index.js??vue-loader-options!D:\twice-market-master\frontend\src\views\front\S_login.vue?vue&type=script&lang=js
<s> [webpack.Progress] 40% building 177/207 modules 30 active D:\twice-market-master\frontend\node_modules\cache-loader\dist\cjs.js??ref--13-0!D:\twice-market-master\frontend\node_modules\babel-loader\lib\index.js!D:\twice-market-master\frontend\node_modules\cache-loader\dist\cjs.js??ref--1-0!D:\twice-market-master\frontend\node_modules\vue-loader\lib\index.js??vue-loader-options!D:\twice-market-master\frontend\src\views\home\Home.vue?vue&type=script&lang=js
<s> [webpack.Progress] 40% building 177/208 modules 31 active D:\twice-market-master\frontend\node_modules\cache-loader\dist\cjs.js??ref--13-0!D:\twice-market-master\frontend\node_modules\babel-loader\lib\index.js!D:\twice-market-master\frontend\node_modules\cache-loader\dist\cjs.js??ref--1-0!D:\twice-market-master\frontend\node_modules\vue-loader\lib\index.js??vue-loader-options!D:\twice-market-master\frontend\src\views\front\S_login.vue?vue&type=script&lang=js
<s> [webpack.Progress] 40% building 178/208 modules 30 active D:\twice-market-master\frontend\node_modules\cache-loader\dist\cjs.js??ref--13-0!D:\twice-market-master\frontend\node_modules\babel-loader\lib\index.js!D:\twice-market-master\frontend\node_modules\cache-loader\dist\cjs.js??ref--1-0!D:\twice-market-master\frontend\node_modules\vue-loader\lib\index.js??vue-loader-options!D:\twice-market-master\frontend\src\views\front\S_login.vue?vue&type=script&lang=js
<s> [webpack.Progress] 40% building 179/208 modules 29 active D:\twice-market-master\frontend\node_modules\cache-loader\dist\cjs.js??ref--13-0!D:\twice-market-master\frontend\node_modules\babel-loader\lib\index.js!D:\twice-market-master\frontend\node_modules\cache-loader\dist\cjs.js??ref--1-0!D:\twice-market-master\frontend\node_modules\vue-loader\lib\index.js??vue-loader-options!D:\twice-market-master\frontend\src\views\front\S_login.vue?vue&type=script&lang=js
<s> [webpack.Progress] 40% building 180/208 modules 28 active D:\twice-market-master\frontend\node_modules\cache-loader\dist\cjs.js??ref--13-0!D:\twice-market-master\frontend\node_modules\babel-loader\lib\index.js!D:\twice-market-master\frontend\node_modules\cache-loader\dist\cjs.js??ref--1-0!D:\twice-market-master\frontend\node_modules\vue-loader\lib\index.js??vue-loader-options!D:\twice-market-master\frontend\src\views\front\S_login.vue?vue&type=script&lang=js
<s> [webpack.Progress] 40% building 181/208 modules 27 active D:\twice-market-master\frontend\node_modules\cache-loader\dist\cjs.js??ref--13-0!D:\twice-market-master\frontend\node_modules\babel-loader\lib\index.js!D:\twice-market-master\frontend\node_modules\cache-loader\dist\cjs.js??ref--1-0!D:\twice-market-master\frontend\node_modules\vue-loader\lib\index.js??vue-loader-options!D:\twice-market-master\frontend\src\views\front\S_login.vue?vue&type=script&lang=js
<s> [webpack.Progress] 40% building 182/208 modules 26 active D:\twice-market-master\frontend\node_modules\cache-loader\dist\cjs.js??ref--13-0!D:\twice-market-master\frontend\node_modules\babel-loader\lib\index.js!D:\twice-market-master\frontend\node_modules\cache-loader\dist\cjs.js??ref--1-0!D:\twice-market-master\frontend\node_modules\vue-loader\lib\index.js??vue-loader-options!D:\twice-market-master\frontend\src\views\front\S_login.vue?vue&type=script&lang=js
<s> [webpack.Progress] 40% building 183/208 modules 25 active D:\twice-market-master\frontend\node_modules\cache-loader\dist\cjs.js??ref--13-0!D:\twice-market-master\frontend\node_modules\babel-loader\lib\index.js!D:\twice-market-master\frontend\node_modules\cache-loader\dist\cjs.js??ref--1-0!D:\twice-market-master\frontend\node_modules\vue-loader\lib\index.js??vue-loader-options!D:\twice-market-master\frontend\src\views\front\S_login.vue?vue&type=script&lang=js
<s> [webpack.Progress] 40% building 183/209 modules 26 active D:\twice-market-master\frontend\node_modules\vue-loader\lib\loaders\pitcher.js??ref--4!D:\twice-market-master\frontend\node_modules\vue-style-loader\index.js??ref--7-oneOf-1-0!D:\twice-market-master\frontend\node_modules\css-loader\dist\cjs.js??ref--7-oneOf-1-1!D:\twice-market-master\frontend\node_modules\postcss-loader\src\index.js??ref--7-oneOf-1-2!D:\twice-market-master\frontend\node_modules\cache-loader\dist\cjs.js??ref--1-0!D:\twice-market-master\frontend\node_modules\vue-loader\lib\index.js??vue-loader-options!D:\twice-market-master\frontend\src\views\goods\Personal.vue?vue&type=style&index=0&id=9ac9b5da&lang=css
<s> [webpack.Progress] 40% building 184/209 modules 25 active D:\twice-market-master\frontend\node_modules\cache-loader\dist\cjs.js??ref--13-0!D:\twice-market-master\frontend\node_modules\babel-loader\lib\index.js!D:\twice-market-master\frontend\node_modules\cache-loader\dist\cjs.js??ref--1-0!D:\twice-market-master\frontend\node_modules\vue-loader\lib\index.js??vue-loader-options!D:\twice-market-master\frontend\src\views\front\S_login.vue?vue&type=script&lang=js
<s> [webpack.Progress] 40% building 185/209 modules 24 active D:\twice-market-master\frontend\node_modules\cache-loader\dist\cjs.js??ref--13-0!D:\twice-market-master\frontend\node_modules\babel-loader\lib\index.js!D:\twice-market-master\frontend\node_modules\cache-loader\dist\cjs.js??ref--1-0!D:\twice-market-master\frontend\node_modules\vue-loader\lib\index.js??vue-loader-options!D:\twice-market-master\frontend\src\views\front\S_login.vue?vue&type=script&lang=js
<s> [webpack.Progress] 40% building 185/210 modules 25 active D:\twice-market-master\frontend\node_modules\vue-loader\lib\loaders\pitcher.js??ref--4!D:\twice-market-master\frontend\node_modules\cache-loader\dist\cjs.js??ref--13-0!D:\twice-market-master\frontend\node_modules\babel-loader\lib\index.js!D:\twice-market-master\frontend\node_modules\cache-loader\dist\cjs.js??ref--1-0!D:\twice-market-master\frontend\node_modules\vue-loader\lib\index.js??vue-loader-options!D:\twice-market-master\frontend\src\views\goods\Personal.vue?vue&type=script&lang=js
<s> [webpack.Progress] 40% building 186/210 modules 24 active D:\twice-market-master\frontend\node_modules\cache-loader\dist\cjs.js??ref--13-0!D:\twice-market-master\frontend\node_modules\babel-loader\lib\index.js!D:\twice-market-master\frontend\node_modules\cache-loader\dist\cjs.js??ref--1-0!D:\twice-market-master\frontend\node_modules\vue-loader\lib\index.js??vue-loader-options!D:\twice-market-master\frontend\src\views\front\S_login.vue?vue&type=script&lang=js
<s> [webpack.Progress] 40% building 186/211 modules 25 active D:\twice-market-master\frontend\node_modules\cache-loader\dist\cjs.js??ref--13-0!D:\twice-market-master\frontend\node_modules\babel-loader\lib\index.js!D:\twice-market-master\frontend\node_modules\cache-loader\dist\cjs.js??ref--1-0!D:\twice-market-master\frontend\node_modules\vue-loader\lib\index.js??vue-loader-options!D:\twice-market-master\frontend\src\views\goods\Personal.vue?vue&type=script&lang=js
<s> [webpack.Progress] 40% building 187/211 modules 24 active D:\twice-market-master\frontend\node_modules\cache-loader\dist\cjs.js??ref--13-0!D:\twice-market-master\frontend\node_modules\babel-loader\lib\index.js!D:\twice-market-master\frontend\node_modules\cache-loader\dist\cjs.js??ref--1-0!D:\twice-market-master\frontend\node_modules\vue-loader\lib\index.js??vue-loader-options!D:\twice-market-master\frontend\src\views\goods\Personal.vue?vue&type=script&lang=js
<s> [webpack.Progress] 40% building 188/211 modules 23 active D:\twice-market-master\frontend\node_modules\cache-loader\dist\cjs.js??ref--13-0!D:\twice-market-master\frontend\node_modules\babel-loader\lib\index.js!D:\twice-market-master\frontend\node_modules\cache-loader\dist\cjs.js??ref--1-0!D:\twice-market-master\frontend\node_modules\vue-loader\lib\index.js??vue-loader-options!D:\twice-market-master\frontend\src\views\goods\Personal.vue?vue&type=script&lang=js
<s> [webpack.Progress] 40% building 189/211 modules 22 active D:\twice-market-master\frontend\node_modules\cache-loader\dist\cjs.js??ref--13-0!D:\twice-market-master\frontend\node_modules\babel-loader\lib\index.js!D:\twice-market-master\frontend\node_modules\cache-loader\dist\cjs.js??ref--1-0!D:\twice-market-master\frontend\node_modules\vue-loader\lib\index.js??vue-loader-options!D:\twice-market-master\frontend\src\views\goods\Personal.vue?vue&type=script&lang=js
<s> [webpack.Progress] 40% building 189/212 modules 23 active D:\twice-market-master\frontend\node_modules\vue-loader\lib\loaders\pitcher.js??ref--4!D:\twice-market-master\frontend\node_modules\cache-loader\dist\cjs.js??ref--13-0!D:\twice-market-master\frontend\node_modules\babel-loader\lib\index.js!D:\twice-market-master\frontend\node_modules\cache-loader\dist\cjs.js??ref--1-0!D:\twice-market-master\frontend\node_modules\vue-loader\lib\index.js??vue-loader-options!D:\twice-market-master\frontend\src\views\front\Release_success.vue?vue&type=script&lang=js
<s> [webpack.Progress] 40% building 190/212 modules 22 active D:\twice-market-master\frontend\node_modules\cache-loader\dist\cjs.js??ref--13-0!D:\twice-market-master\frontend\node_modules\babel-loader\lib\index.js!D:\twice-market-master\frontend\node_modules\cache-loader\dist\cjs.js??ref--1-0!D:\twice-market-master\frontend\node_modules\vue-loader\lib\index.js??vue-loader-options!D:\twice-market-master\frontend\src\views\goods\Personal.vue?vue&type=script&lang=js
<s> [webpack.Progress] 40% building 190/213 modules 23 active D:\twice-market-master\frontend\node_modules\cache-loader\dist\cjs.js??ref--13-0!D:\twice-market-master\frontend\node_modules\babel-loader\lib\index.js!D:\twice-market-master\frontend\node_modules\cache-loader\dist\cjs.js??ref--1-0!D:\twice-market-master\frontend\node_modules\vue-loader\lib\index.js??vue-loader-options!D:\twice-market-master\frontend\src\views\front\Release_success.vue?vue&type=script&lang=js
<s> [webpack.Progress] 40% building 191/213 modules 22 active D:\twice-market-master\frontend\node_modules\cache-loader\dist\cjs.js??ref--13-0!D:\twice-market-master\frontend\node_modules\babel-loader\lib\index.js!D:\twice-market-master\frontend\node_modules\cache-loader\dist\cjs.js??ref--1-0!D:\twice-market-master\frontend\node_modules\vue-loader\lib\index.js??vue-loader-options!D:\twice-market-master\frontend\src\views\front\Release_success.vue?vue&type=script&lang=js
<s> [webpack.Progress] 40% building 192/213 modules 21 active D:\twice-market-master\frontend\node_modules\cache-loader\dist\cjs.js??ref--13-0!D:\twice-market-master\frontend\node_modules\babel-loader\lib\index.js!D:\twice-market-master\frontend\node_modules\cache-loader\dist\cjs.js??ref--1-0!D:\twice-market-master\frontend\node_modules\vue-loader\lib\index.js??vue-loader-options!D:\twice-market-master\frontend\src\views\front\Release_success.vue?vue&type=script&lang=js
<s> [webpack.Progress] 40% building 192/214 modules 22 active D:\twice-market-master\frontend\node_modules\vue-loader\lib\loaders\pitcher.js??ref--4!D:\twice-market-master\frontend\node_modules\vue-style-loader\index.js??ref--7-oneOf-1-0!D:\twice-market-master\frontend\node_modules\css-loader\dist\cjs.js??ref--7-oneOf-1-1!D:\twice-market-master\frontend\node_modules\postcss-loader\src\index.js??ref--7-oneOf-1-2!D:\twice-market-master\frontend\node_modules\cache-loader\dist\cjs.js??ref--1-0!D:\twice-market-master\frontend\node_modules\vue-loader\lib\index.js??vue-loader-options!D:\twice-market-master\frontend\src\views\auth\Login.vue?vue&type=style&index=0&id=0e0d6e88&lang=css
<s> [webpack.Progress] 40% building 193/214 modules 21 active D:\twice-market-master\frontend\node_modules\cache-loader\dist\cjs.js??ref--13-0!D:\twice-market-master\frontend\node_modules\babel-loader\lib\index.js!D:\twice-market-master\frontend\node_modules\cache-loader\dist\cjs.js??ref--1-0!D:\twice-market-master\frontend\node_modules\vue-loader\lib\index.js??vue-loader-options!D:\twice-market-master\frontend\src\views\front\Release_success.vue?vue&type=script&lang=js
<s> [webpack.Progress] 40% building 194/214 modules 20 active D:\twice-market-master\frontend\node_modules\cache-loader\dist\cjs.js??ref--13-0!D:\twice-market-master\frontend\node_modules\babel-loader\lib\index.js!D:\twice-market-master\frontend\node_modules\cache-loader\dist\cjs.js??ref--1-0!D:\twice-market-master\frontend\node_modules\vue-loader\lib\index.js??vue-loader-options!D:\twice-market-master\frontend\src\views\front\Release_success.vue?vue&type=script&lang=js
<s> [webpack.Progress] 40% building 195/214 modules 19 active D:\twice-market-master\frontend\node_modules\cache-loader\dist\cjs.js??ref--13-0!D:\twice-market-master\frontend\node_modules\babel-loader\lib\index.js!D:\twice-market-master\frontend\node_modules\cache-loader\dist\cjs.js??ref--1-0!D:\twice-market-master\frontend\node_modules\vue-loader\lib\index.js??vue-loader-options!D:\twice-market-master\frontend\src\views\front\Release_success.vue?vue&type=script&lang=js
<s> [webpack.Progress] 40% building 195/215 modules 20 active D:\twice-market-master\frontend\node_modules\vue-loader\lib\loaders\pitcher.js??ref--4!D:\twice-market-master\frontend\node_modules\cache-loader\dist\cjs.js??ref--13-0!D:\twice-market-master\frontend\node_modules\babel-loader\lib\index.js!D:\twice-market-master\frontend\node_modules\cache-loader\dist\cjs.js??ref--1-0!D:\twice-market-master\frontend\node_modules\vue-loader\lib\index.js??vue-loader-options!D:\twice-market-master\frontend\src\views\auth\Login.vue?vue&type=script&lang=js
<s> [webpack.Progress] 40% building 196/215 modules 19 active D:\twice-market-master\frontend\node_modules\cache-loader\dist\cjs.js??ref--13-0!D:\twice-market-master\frontend\node_modules\babel-loader\lib\index.js!D:\twice-market-master\frontend\node_modules\cache-loader\dist\cjs.js??ref--1-0!D:\twice-market-master\frontend\node_modules\vue-loader\lib\index.js??vue-loader-options!D:\twice-market-master\frontend\src\views\front\Release_success.vue?vue&type=script&lang=js
<s> [webpack.Progress] 40% building 196/216 modules 20 active D:\twice-market-master\frontend\node_modules\cache-loader\dist\cjs.js??ref--13-0!D:\twice-market-master\frontend\node_modules\babel-loader\lib\index.js!D:\twice-market-master\frontend\node_modules\cache-loader\dist\cjs.js??ref--1-0!D:\twice-market-master\frontend\node_modules\vue-loader\lib\index.js??vue-loader-options!D:\twice-market-master\frontend\src\views\auth\Login.vue?vue&type=script&lang=js
<s> [webpack.Progress] 40% building 197/216 modules 19 active D:\twice-market-master\frontend\node_modules\cache-loader\dist\cjs.js??ref--13-0!D:\twice-market-master\frontend\node_modules\babel-loader\lib\index.js!D:\twice-market-master\frontend\node_modules\cache-loader\dist\cjs.js??ref--1-0!D:\twice-market-master\frontend\node_modules\vue-loader\lib\index.js??vue-loader-options!D:\twice-market-master\frontend\src\views\auth\Login.vue?vue&type=script&lang=js
<s> [webpack.Progress] 40% building 198/216 modules 18 active D:\twice-market-master\frontend\node_modules\cache-loader\dist\cjs.js??ref--13-0!D:\twice-market-master\frontend\node_modules\babel-loader\lib\index.js!D:\twice-market-master\frontend\node_modules\cache-loader\dist\cjs.js??ref--1-0!D:\twice-market-master\frontend\node_modules\vue-loader\lib\index.js??vue-loader-options!D:\twice-market-master\frontend\src\views\auth\Login.vue?vue&type=script&lang=js
<s> [webpack.Progress] 40% building 198/217 modules 19 active D:\twice-market-master\frontend\node_modules\vue-loader\lib\loaders\pitcher.js??ref--4!D:\twice-market-master\frontend\node_modules\cache-loader\dist\cjs.js??ref--13-0!D:\twice-market-master\frontend\node_modules\babel-loader\lib\index.js!D:\twice-market-master\frontend\node_modules\cache-loader\dist\cjs.js??ref--1-0!D:\twice-market-master\frontend\node_modules\vue-loader\lib\index.js??vue-loader-options!D:\twice-market-master\frontend\src\views\front\Pay.vue?vue&type=script&lang=js
<s> [webpack.Progress] 40% building 199/217 modules 18 active D:\twice-market-master\frontend\node_modules\cache-loader\dist\cjs.js??ref--13-0!D:\twice-market-master\frontend\node_modules\babel-loader\lib\index.js!D:\twice-market-master\frontend\node_modules\cache-loader\dist\cjs.js??ref--1-0!D:\twice-market-master\frontend\node_modules\vue-loader\lib\index.js??vue-loader-options!D:\twice-market-master\frontend\src\views\auth\Login.vue?vue&type=script&lang=js
<s> [webpack.Progress] 40% building 199/218 modules 19 active D:\twice-market-master\frontend\node_modules\cache-loader\dist\cjs.js??ref--13-0!D:\twice-market-master\frontend\node_modules\babel-loader\lib\index.js!D:\twice-market-master\frontend\node_modules\cache-loader\dist\cjs.js??ref--1-0!D:\twice-market-master\frontend\node_modules\vue-loader\lib\index.js??vue-loader-options!D:\twice-market-master\frontend\src\views\front\Pay.vue?vue&type=script&lang=js
<s> [webpack.Progress] 40% building 200/218 modules 18 active D:\twice-market-master\frontend\node_modules\cache-loader\dist\cjs.js??ref--13-0!D:\twice-market-master\frontend\node_modules\babel-loader\lib\index.js!D:\twice-market-master\frontend\node_modules\cache-loader\dist\cjs.js??ref--1-0!D:\twice-market-master\frontend\node_modules\vue-loader\lib\index.js??vue-loader-options!D:\twice-market-master\frontend\src\views\front\Pay.vue?vue&type=script&lang=js
<s> [webpack.Progress] 40% building 200/219 modules 19 active D:\twice-market-master\frontend\node_modules\vue-loader\lib\loaders\pitcher.js??ref--4!D:\twice-market-master\frontend\node_modules\cache-loader\dist\cjs.js??ref--13-0!D:\twice-market-master\frontend\node_modules\babel-loader\lib\index.js!D:\twice-market-master\frontend\node_modules\cache-loader\dist\cjs.js??ref--1-0!D:\twice-market-master\frontend\node_modules\vue-loader\lib\index.js??vue-loader-options!D:\twice-market-master\frontend\src\views\front\Submit_order.vue?vue&type=script&lang=js
<s> [webpack.Progress] 40% building 201/219 modules 18 active D:\twice-market-master\frontend\node_modules\cache-loader\dist\cjs.js??ref--13-0!D:\twice-market-master\frontend\node_modules\babel-loader\lib\index.js!D:\twice-market-master\frontend\node_modules\cache-loader\dist\cjs.js??ref--1-0!D:\twice-market-master\frontend\node_modules\vue-loader\lib\index.js??vue-loader-options!D:\twice-market-master\frontend\src\views\front\Pay.vue?vue&type=script&lang=js
<s> [webpack.Progress] 40% building 201/220 modules 19 active D:\twice-market-master\frontend\node_modules\cache-loader\dist\cjs.js??ref--13-0!D:\twice-market-master\frontend\node_modules\babel-loader\lib\index.js!D:\twice-market-master\frontend\node_modules\cache-loader\dist\cjs.js??ref--1-0!D:\twice-market-master\frontend\node_modules\vue-loader\lib\index.js??vue-loader-options!D:\twice-market-master\frontend\src\views\front\Submit_order.vue?vue&type=script&lang=js
<s> [webpack.Progress] 40% building 202/220 modules 18 active D:\twice-market-master\frontend\node_modules\cache-loader\dist\cjs.js??ref--13-0!D:\twice-market-master\frontend\node_modules\babel-loader\lib\index.js!D:\twice-market-master\frontend\node_modules\cache-loader\dist\cjs.js??ref--1-0!D:\twice-market-master\frontend\node_modules\vue-loader\lib\index.js??vue-loader-options!D:\twice-market-master\frontend\src\views\front\Submit_order.vue?vue&type=script&lang=js
<s> [webpack.Progress] 40% building 203/220 modules 17 active D:\twice-market-master\frontend\node_modules\cache-loader\dist\cjs.js??ref--13-0!D:\twice-market-master\frontend\node_modules\babel-loader\lib\index.js!D:\twice-market-master\frontend\node_modules\cache-loader\dist\cjs.js??ref--1-0!D:\twice-market-master\frontend\node_modules\vue-loader\lib\index.js??vue-loader-options!D:\twice-market-master\frontend\src\views\front\Submit_order.vue?vue&type=script&lang=js
<s> [webpack.Progress] 40% building 203/221 modules 18 active D:\twice-market-master\frontend\node_modules\element-ui\lib\input-number.js
<s> [webpack.Progress] 40% building 203/222 modules 19 active D:\twice-market-master\frontend\node_modules\vue-style-loader\index.js??ref--7-oneOf-1-0!D:\twice-market-master\frontend\node_modules\css-loader\dist\cjs.js??ref--7-oneOf-1-1!D:\twice-market-master\frontend\node_modules\vue-loader\lib\loaders\stylePostLoader.js!D:\twice-market-master\frontend\node_modules\postcss-loader\src\index.js??ref--7-oneOf-1-2!D:\twice-market-master\frontend\node_modules\cache-loader\dist\cjs.js??ref--1-0!D:\twice-market-master\frontend\node_modules\vue-loader\lib\index.js??vue-loader-options!D:\twice-market-master\frontend\src\views\error\404.vue?vue&type=style&index=0&id=09c68b87&lang=css
<s> [webpack.Progress] 40% building 204/222 modules 18 active D:\twice-market-master\frontend\node_modules\element-ui\lib\input-number.js
<s> [webpack.Progress] 40% building 204/223 modules 19 active D:\twice-market-master\frontend\node_modules\vue-style-loader\index.js??ref--7-oneOf-1-0!D:\twice-market-master\frontend\node_modules\css-loader\dist\cjs.js??ref--7-oneOf-1-1!D:\twice-market-master\frontend\node_modules\vue-loader\lib\loaders\stylePostLoader.js!D:\twice-market-master\frontend\node_modules\postcss-loader\src\index.js??ref--7-oneOf-1-2!D:\twice-market-master\frontend\node_modules\cache-loader\dist\cjs.js??ref--1-0!D:\twice-market-master\frontend\node_modules\vue-loader\lib\index.js??vue-loader-options!D:\twice-market-master\frontend\src\views\admin\Admin.vue?vue&type=style&index=0&id=d9e31676&lang=css
<s> [webpack.Progress] 40% building 205/223 modules 18 active D:\twice-market-master\frontend\node_modules\element-ui\lib\input-number.js
<s> [webpack.Progress] 40% building 205/224 modules 19 active D:\twice-market-master\frontend\node_modules\vue-style-loader\index.js??ref--7-oneOf-1-0!D:\twice-market-master\frontend\node_modules\css-loader\dist\cjs.js??ref--7-oneOf-1-1!D:\twice-market-master\frontend\node_modules\vue-loader\lib\loaders\stylePostLoader.js!D:\twice-market-master\frontend\node_modules\postcss-loader\src\index.js??ref--7-oneOf-1-2!D:\twice-market-master\frontend\node_modules\cache-loader\dist\cjs.js??ref--1-0!D:\twice-market-master\frontend\node_modules\vue-loader\lib\index.js??vue-loader-options!D:\twice-market-master\frontend\src\views\order\Order.vue?vue&type=style&index=0&id=de889afa&lang=css
<s> [webpack.Progress] 40% building 206/224 modules 18 active D:\twice-market-master\frontend\node_modules\element-ui\lib\input-number.js
<s> [webpack.Progress] 40% building 206/225 modules 19 active D:\twice-market-master\frontend\node_modules\vue-style-loader\index.js??ref--7-oneOf-1-0!D:\twice-market-master\frontend\node_modules\css-loader\dist\cjs.js??ref--7-oneOf-1-1!D:\twice-market-master\frontend\node_modules\vue-loader\lib\loaders\stylePostLoader.js!D:\twice-market-master\frontend\node_modules\postcss-loader\src\index.js??ref--7-oneOf-1-2!D:\twice-market-master\frontend\node_modules\cache-loader\dist\cjs.js??ref--1-0!D:\twice-market-master\frontend\node_modules\vue-loader\lib\index.js??vue-loader-options!D:\twice-market-master\frontend\src\views\student\Student.vue?vue&type=style&index=0&id=6f72f8c6&lang=css
<s> [webpack.Progress] 40% building 207/225 modules 18 active D:\twice-market-master\frontend\node_modules\element-ui\lib\input-number.js
<s> [webpack.Progress] 40% building 207/226 modules 19 active D:\twice-market-master\frontend\node_modules\vue-style-loader\index.js??ref--7-oneOf-1-0!D:\twice-market-master\frontend\node_modules\css-loader\dist\cjs.js??ref--7-oneOf-1-1!D:\twice-market-master\frontend\node_modules\vue-loader\lib\loaders\stylePostLoader.js!D:\twice-market-master\frontend\node_modules\postcss-loader\src\index.js??ref--7-oneOf-1-2!D:\twice-market-master\frontend\node_modules\cache-loader\dist\cjs.js??ref--1-0!D:\twice-market-master\frontend\node_modules\vue-loader\lib\index.js??vue-loader-options!D:\twice-market-master\frontend\src\views\admin\Manage.vue?vue&type=style&index=0&id=3d07e2df&lang=css
<s> [webpack.Progress] 40% building 208/226 modules 18 active D:\twice-market-master\frontend\node_modules\element-ui\lib\input-number.js
<s> [webpack.Progress] 40% building 208/227 modules 19 active D:\twice-market-master\frontend\node_modules\vue-style-loader\index.js??ref--7-oneOf-1-0!D:\twice-market-master\frontend\node_modules\css-loader\dist\cjs.js??ref--7-oneOf-1-1!D:\twice-market-master\frontend\node_modules\vue-loader\lib\loaders\stylePostLoader.js!D:\twice-market-master\frontend\node_modules\postcss-loader\src\index.js??ref--7-oneOf-1-2!D:\twice-market-master\frontend\node_modules\cache-loader\dist\cjs.js??ref--1-0!D:\twice-market-master\frontend\node_modules\vue-loader\lib\index.js??vue-loader-options!D:\twice-market-master\frontend\src\views\goods\Goods.vue?vue&type=style&index=0&id=53922493&lang=css
<s> [webpack.Progress] 40% building 209/227 modules 18 active D:\twice-market-master\frontend\node_modules\element-ui\lib\input-number.js
<s> [webpack.Progress] 40% building 209/228 modules 19 active D:\twice-market-master\frontend\node_modules\vue-style-loader\index.js??ref--7-oneOf-1-0!D:\twice-market-master\frontend\node_modules\css-loader\dist\cjs.js??ref--7-oneOf-1-1!D:\twice-market-master\frontend\node_modules\vue-loader\lib\loaders\stylePostLoader.js!D:\twice-market-master\frontend\node_modules\postcss-loader\src\index.js??ref--7-oneOf-1-2!D:\twice-market-master\frontend\node_modules\cache-loader\dist\cjs.js??ref--1-0!D:\twice-market-master\frontend\node_modules\vue-loader\lib\index.js??vue-loader-options!D:\twice-market-master\frontend\src\views\front\S_login.vue?vue&type=style&index=0&id=26274f6d&lang=css
<s> [webpack.Progress] 40% building 210/228 modules 18 active D:\twice-market-master\frontend\node_modules\element-ui\lib\input-number.js
<s> [webpack.Progress] 40% building 210/229 modules 19 active D:\twice-market-master\frontend\node_modules\vue-style-loader\index.js??ref--7-oneOf-1-0!D:\twice-market-master\frontend\node_modules\css-loader\dist\cjs.js??ref--7-oneOf-1-1!D:\twice-market-master\frontend\node_modules\vue-loader\lib\loaders\stylePostLoader.js!D:\twice-market-master\frontend\node_modules\postcss-loader\src\index.js??ref--7-oneOf-1-2!D:\twice-market-master\frontend\node_modules\cache-loader\dist\cjs.js??ref--1-0!D:\twice-market-master\frontend\node_modules\vue-loader\lib\index.js??vue-loader-options!D:\twice-market-master\frontend\src\views\goods\Personal.vue?vue&type=style&index=0&id=9ac9b5da&lang=css
<s> [webpack.Progress] 40% building 211/229 modules 18 active D:\twice-market-master\frontend\node_modules\element-ui\lib\input-number.js
<s> [webpack.Progress] 40% building 211/230 modules 19 active D:\twice-market-master\frontend\node_modules\vue-style-loader\index.js??ref--7-oneOf-1-0!D:\twice-market-master\frontend\node_modules\css-loader\dist\cjs.js??ref--7-oneOf-1-1!D:\twice-market-master\frontend\node_modules\vue-loader\lib\loaders\stylePostLoader.js!D:\twice-market-master\frontend\node_modules\postcss-loader\src\index.js??ref--7-oneOf-1-2!D:\twice-market-master\frontend\node_modules\cache-loader\dist\cjs.js??ref--1-0!D:\twice-market-master\frontend\node_modules\vue-loader\lib\index.js??vue-loader-options!D:\twice-market-master\frontend\src\views\auth\Login.vue?vue&type=style&index=0&id=0e0d6e88&lang=css
<s> [webpack.Progress] 40% building 212/230 modules 18 active D:\twice-market-master\frontend\node_modules\element-ui\lib\input-number.js
<s> [webpack.Progress] 40% building 212/231 modules 19 active D:\twice-market-master\frontend\node_modules\css-loader\dist\cjs.js??ref--7-oneOf-1-1!D:\twice-market-master\frontend\node_modules\vue-loader\lib\loaders\stylePostLoader.js!D:\twice-market-master\frontend\node_modules\postcss-loader\src\index.js??ref--7-oneOf-1-2!D:\twice-market-master\frontend\node_modules\cache-loader\dist\cjs.js??ref--1-0!D:\twice-market-master\frontend\node_modules\vue-loader\lib\index.js??vue-loader-options!D:\twice-market-master\frontend\src\views\error\404.vue?vue&type=style&index=0&id=09c68b87&lang=css
<s> [webpack.Progress] 40% building 212/232 modules 20 active D:\twice-market-master\frontend\node_modules\css-loader\dist\cjs.js??ref--7-oneOf-1-1!D:\twice-market-master\frontend\node_modules\vue-loader\lib\loaders\stylePostLoader.js!D:\twice-market-master\frontend\node_modules\postcss-loader\src\index.js??ref--7-oneOf-1-2!D:\twice-market-master\frontend\node_modules\cache-loader\dist\cjs.js??ref--1-0!D:\twice-market-master\frontend\node_modules\vue-loader\lib\index.js??vue-loader-options!D:\twice-market-master\frontend\src\views\admin\Admin.vue?vue&type=style&index=0&id=d9e31676&lang=css
<s> [webpack.Progress] 40% building 212/233 modules 21 active D:\twice-market-master\frontend\node_modules\css-loader\dist\cjs.js??ref--7-oneOf-1-1!D:\twice-market-master\frontend\node_modules\vue-loader\lib\loaders\stylePostLoader.js!D:\twice-market-master\frontend\node_modules\postcss-loader\src\index.js??ref--7-oneOf-1-2!D:\twice-market-master\frontend\node_modules\cache-loader\dist\cjs.js??ref--1-0!D:\twice-market-master\frontend\node_modules\vue-loader\lib\index.js??vue-loader-options!D:\twice-market-master\frontend\src\views\order\Order.vue?vue&type=style&index=0&id=de889afa&lang=css
<s> [webpack.Progress] 40% building 212/234 modules 22 active D:\twice-market-master\frontend\node_modules\css-loader\dist\cjs.js??ref--7-oneOf-1-1!D:\twice-market-master\frontend\node_modules\vue-loader\lib\loaders\stylePostLoader.js!D:\twice-market-master\frontend\node_modules\postcss-loader\src\index.js??ref--7-oneOf-1-2!D:\twice-market-master\frontend\node_modules\cache-loader\dist\cjs.js??ref--1-0!D:\twice-market-master\frontend\node_modules\vue-loader\lib\index.js??vue-loader-options!D:\twice-market-master\frontend\src\views\student\Student.vue?vue&type=style&index=0&id=6f72f8c6&lang=css
<s> [webpack.Progress] 40% building 212/235 modules 23 active D:\twice-market-master\frontend\node_modules\css-loader\dist\cjs.js??ref--7-oneOf-1-1!D:\twice-market-master\frontend\node_modules\vue-loader\lib\loaders\stylePostLoader.js!D:\twice-market-master\frontend\node_modules\postcss-loader\src\index.js??ref--7-oneOf-1-2!D:\twice-market-master\frontend\node_modules\cache-loader\dist\cjs.js??ref--1-0!D:\twice-market-master\frontend\node_modules\vue-loader\lib\index.js??vue-loader-options!D:\twice-market-master\frontend\src\views\admin\Manage.vue?vue&type=style&index=0&id=3d07e2df&lang=css
<s> [webpack.Progress] 40% building 212/236 modules 24 active D:\twice-market-master\frontend\node_modules\css-loader\dist\cjs.js??ref--7-oneOf-1-1!D:\twice-market-master\frontend\node_modules\vue-loader\lib\loaders\stylePostLoader.js!D:\twice-market-master\frontend\node_modules\postcss-loader\src\index.js??ref--7-oneOf-1-2!D:\twice-market-master\frontend\node_modules\cache-loader\dist\cjs.js??ref--1-0!D:\twice-market-master\frontend\node_modules\vue-loader\lib\index.js??vue-loader-options!D:\twice-market-master\frontend\src\views\goods\Goods.vue?vue&type=style&index=0&id=53922493&lang=css
<s> [webpack.Progress] 40% building 212/237 modules 25 active D:\twice-market-master\frontend\node_modules\css-loader\dist\cjs.js??ref--7-oneOf-1-1!D:\twice-market-master\frontend\node_modules\vue-loader\lib\loaders\stylePostLoader.js!D:\twice-market-master\frontend\node_modules\postcss-loader\src\index.js??ref--7-oneOf-1-2!D:\twice-market-master\frontend\node_modules\cache-loader\dist\cjs.js??ref--1-0!D:\twice-market-master\frontend\node_modules\vue-loader\lib\index.js??vue-loader-options!D:\twice-market-master\frontend\src\views\front\S_login.vue?vue&type=style&index=0&id=26274f6d&lang=css
<s> [webpack.Progress] 40% building 212/238 modules 26 active D:\twice-market-master\frontend\node_modules\css-loader\dist\cjs.js??ref--7-oneOf-1-1!D:\twice-market-master\frontend\node_modules\vue-loader\lib\loaders\stylePostLoader.js!D:\twice-market-master\frontend\node_modules\postcss-loader\src\index.js??ref--7-oneOf-1-2!D:\twice-market-master\frontend\node_modules\cache-loader\dist\cjs.js??ref--1-0!D:\twice-market-master\frontend\node_modules\vue-loader\lib\index.js??vue-loader-options!D:\twice-market-master\frontend\src\views\goods\Personal.vue?vue&type=style&index=0&id=9ac9b5da&lang=css
<s> [webpack.Progress] 40% building 212/239 modules 27 active D:\twice-market-master\frontend\node_modules\css-loader\dist\cjs.js??ref--7-oneOf-1-1!D:\twice-market-master\frontend\node_modules\vue-loader\lib\loaders\stylePostLoader.js!D:\twice-market-master\frontend\node_modules\postcss-loader\src\index.js??ref--7-oneOf-1-2!D:\twice-market-master\frontend\node_modules\cache-loader\dist\cjs.js??ref--1-0!D:\twice-market-master\frontend\node_modules\vue-loader\lib\index.js??vue-loader-options!D:\twice-market-master\frontend\src\views\auth\Login.vue?vue&type=style&index=0&id=0e0d6e88&lang=css
<s> [webpack.Progress] 40% building 212/240 modules 28 active D:\twice-market-master\frontend\node_modules\vue-loader\lib\loaders\pitcher.js??ref--4!D:\twice-market-master\frontend\node_modules\cache-loader\dist\cjs.js??ref--13-0!D:\twice-market-master\frontend\node_modules\babel-loader\lib\index.js!D:\twice-market-master\frontend\node_modules\cache-loader\dist\cjs.js??ref--1-0!D:\twice-market-master\frontend\node_modules\vue-loader\lib\index.js??vue-loader-options!D:\twice-market-master\frontend\src\views\front\Goods_details.vue?vue&type=script&lang=js
<s> [webpack.Progress] 40% building 213/240 modules 27 active D:\twice-market-master\frontend\node_modules\css-loader\dist\cjs.js??ref--7-oneOf-1-1!D:\twice-market-master\frontend\node_modules\vue-loader\lib\loaders\stylePostLoader.js!D:\twice-market-master\frontend\node_modules\postcss-loader\src\index.js??ref--7-oneOf-1-2!D:\twice-market-master\frontend\node_modules\cache-loader\dist\cjs.js??ref--1-0!D:\twice-market-master\frontend\node_modules\vue-loader\lib\index.js??vue-loader-options!D:\twice-market-master\frontend\src\views\auth\Login.vue?vue&type=style&index=0&id=0e0d6e88&lang=css
<s> [webpack.Progress] 40% building 213/241 modules 28 active D:\twice-market-master\frontend\node_modules\vue-loader\lib\loaders\pitcher.js??ref--4!D:\twice-market-master\frontend\node_modules\cache-loader\dist\cjs.js??ref--13-0!D:\twice-market-master\frontend\node_modules\babel-loader\lib\index.js!D:\twice-market-master\frontend\node_modules\cache-loader\dist\cjs.js??ref--1-0!D:\twice-market-master\frontend\node_modules\vue-loader\lib\index.js??vue-loader-options!D:\twice-market-master\frontend\src\views\front\My_personal.vue?vue&type=script&lang=js
<s> [webpack.Progress] 40% building 214/241 modules 27 active D:\twice-market-master\frontend\node_modules\css-loader\dist\cjs.js??ref--7-oneOf-1-1!D:\twice-market-master\frontend\node_modules\vue-loader\lib\loaders\stylePostLoader.js!D:\twice-market-master\frontend\node_modules\postcss-loader\src\index.js??ref--7-oneOf-1-2!D:\twice-market-master\frontend\node_modules\cache-loader\dist\cjs.js??ref--1-0!D:\twice-market-master\frontend\node_modules\vue-loader\lib\index.js??vue-loader-options!D:\twice-market-master\frontend\src\views\auth\Login.vue?vue&type=style&index=0&id=0e0d6e88&lang=css
<s> [webpack.Progress] 40% building 214/242 modules 28 active D:\twice-market-master\frontend\node_modules\cache-loader\dist\cjs.js??ref--13-0!D:\twice-market-master\frontend\node_modules\babel-loader\lib\index.js!D:\twice-market-master\frontend\node_modules\cache-loader\dist\cjs.js??ref--1-0!D:\twice-market-master\frontend\node_modules\vue-loader\lib\index.js??vue-loader-options!D:\twice-market-master\frontend\src\views\front\Goods_details.vue?vue&type=script&lang=js
<s> [webpack.Progress] 40% building 214/243 modules 29 active D:\twice-market-master\frontend\node_modules\cache-loader\dist\cjs.js??ref--13-0!D:\twice-market-master\frontend\node_modules\babel-loader\lib\index.js!D:\twice-market-master\frontend\node_modules\cache-loader\dist\cjs.js??ref--1-0!D:\twice-market-master\frontend\node_modules\vue-loader\lib\index.js??vue-loader-options!D:\twice-market-master\frontend\src\views\front\My_personal.vue?vue&type=script&lang=js
<s> [webpack.Progress] 40% building 214/244 modules 30 active D:\twice-market-master\frontend\node_modules\vue-loader\lib\loaders\pitcher.js??ref--4!D:\twice-market-master\frontend\node_modules\vue-style-loader\index.js??ref--7-oneOf-1-0!D:\twice-market-master\frontend\node_modules\css-loader\dist\cjs.js??ref--7-oneOf-1-1!D:\twice-market-master\frontend\node_modules\postcss-loader\src\index.js??ref--7-oneOf-1-2!D:\twice-market-master\frontend\node_modules\cache-loader\dist\cjs.js??ref--1-0!D:\twice-market-master\frontend\node_modules\vue-loader\lib\index.js??vue-loader-options!D:\twice-market-master\frontend\src\views\front\Goods_details.vue?vue&type=style&index=0&id=7cb69dae&lang=css
<s> [webpack.Progress] 40% building 215/244 modules 29 active D:\twice-market-master\frontend\node_modules\cache-loader\dist\cjs.js??ref--13-0!D:\twice-market-master\frontend\node_modules\babel-loader\lib\index.js!D:\twice-market-master\frontend\node_modules\cache-loader\dist\cjs.js??ref--1-0!D:\twice-market-master\frontend\node_modules\vue-loader\lib\index.js??vue-loader-options!D:\twice-market-master\frontend\src\views\front\My_personal.vue?vue&type=script&lang=js
<s> [webpack.Progress] 40% building 215/245 modules 30 active D:\twice-market-master\frontend\node_modules\vue-loader\lib\loaders\pitcher.js??ref--4!D:\twice-market-master\frontend\node_modules\vue-style-loader\index.js??ref--7-oneOf-1-0!D:\twice-market-master\frontend\node_modules\css-loader\dist\cjs.js??ref--7-oneOf-1-1!D:\twice-market-master\frontend\node_modules\postcss-loader\src\index.js??ref--7-oneOf-1-2!D:\twice-market-master\frontend\node_modules\cache-loader\dist\cjs.js??ref--1-0!D:\twice-market-master\frontend\node_modules\vue-loader\lib\index.js??vue-loader-options!D:\twice-market-master\frontend\src\views\front\My_personal.vue?vue&type=style&index=0&id=786e597a&lang=css
<s> [webpack.Progress] 40% building 216/245 modules 29 active D:\twice-market-master\frontend\node_modules\cache-loader\dist\cjs.js??ref--13-0!D:\twice-market-master\frontend\node_modules\babel-loader\lib\index.js!D:\twice-market-master\frontend\node_modules\cache-loader\dist\cjs.js??ref--1-0!D:\twice-market-master\frontend\node_modules\vue-loader\lib\index.js??vue-loader-options!D:\twice-market-master\frontend\src\views\front\My_personal.vue?vue&type=script&lang=js
<s> [webpack.Progress] 40% building 216/246 modules 30 active D:\twice-market-master\frontend\node_modules\vue-loader\lib\loaders\pitcher.js??ref--4!D:\twice-market-master\frontend\node_modules\cache-loader\dist\cjs.js??ref--13-0!D:\twice-market-master\frontend\node_modules\babel-loader\lib\index.js!D:\twice-market-master\frontend\node_modules\cache-loader\dist\cjs.js??ref--1-0!D:\twice-market-master\frontend\node_modules\vue-loader\lib\index.js??vue-loader-options!D:\twice-market-master\frontend\src\views\front\My_buyorder_details.vue?vue&type=script&lang=js
<s> [webpack.Progress] 40% building 217/246 modules 29 active D:\twice-market-master\frontend\node_modules\cache-loader\dist\cjs.js??ref--13-0!D:\twice-market-master\frontend\node_modules\babel-loader\lib\index.js!D:\twice-market-master\frontend\node_modules\cache-loader\dist\cjs.js??ref--1-0!D:\twice-market-master\frontend\node_modules\vue-loader\lib\index.js??vue-loader-options!D:\twice-market-master\frontend\src\views\front\My_personal.vue?vue&type=script&lang=js
<s> [webpack.Progress] 40% building 217/247 modules 30 active D:\twice-market-master\frontend\node_modules\cache-loader\dist\cjs.js??ref--13-0!D:\twice-market-master\frontend\node_modules\babel-loader\lib\index.js!D:\twice-market-master\frontend\node_modules\cache-loader\dist\cjs.js??ref--1-0!D:\twice-market-master\frontend\node_modules\vue-loader\lib\index.js??vue-loader-options!D:\twice-market-master\frontend\src\views\front\My_buyorder_details.vue?vue&type=script&lang=js
<s> [webpack.Progress] 40% building 217/248 modules 31 active D:\twice-market-master\frontend\node_modules\vue-style-loader\index.js??ref--7-oneOf-1-0!D:\twice-market-master\frontend\node_modules\css-loader\dist\cjs.js??ref--7-oneOf-1-1!D:\twice-market-master\frontend\node_modules\vue-loader\lib\loaders\stylePostLoader.js!D:\twice-market-master\frontend\node_modules\postcss-loader\src\index.js??ref--7-oneOf-1-2!D:\twice-market-master\frontend\node_modules\cache-loader\dist\cjs.js??ref--1-0!D:\twice-market-master\frontend\node_modules\vue-loader\lib\index.js??vue-loader-options!D:\twice-market-master\frontend\src\views\front\Goods_details.vue?vue&type=style&index=0&id=7cb69dae&lang=css
<s> [webpack.Progress] 40% building 218/248 modules 30 active D:\twice-market-master\frontend\node_modules\cache-loader\dist\cjs.js??ref--13-0!D:\twice-market-master\frontend\node_modules\babel-loader\lib\index.js!D:\twice-market-master\frontend\node_modules\cache-loader\dist\cjs.js??ref--1-0!D:\twice-market-master\frontend\node_modules\vue-loader\lib\index.js??vue-loader-options!D:\twice-market-master\frontend\src\views\front\My_buyorder_details.vue?vue&type=script&lang=js
<s> [webpack.Progress] 40% building 218/249 modules 31 active D:\twice-market-master\frontend\node_modules\vue-style-loader\index.js??ref--7-oneOf-1-0!D:\twice-market-master\frontend\node_modules\css-loader\dist\cjs.js??ref--7-oneOf-1-1!D:\twice-market-master\frontend\node_modules\vue-loader\lib\loaders\stylePostLoader.js!D:\twice-market-master\frontend\node_modules\postcss-loader\src\index.js??ref--7-oneOf-1-2!D:\twice-market-master\frontend\node_modules\cache-loader\dist\cjs.js??ref--1-0!D:\twice-market-master\frontend\node_modules\vue-loader\lib\index.js??vue-loader-options!D:\twice-market-master\frontend\src\views\front\My_personal.vue?vue&type=style&index=0&id=786e597a&lang=css
<s> [webpack.Progress] 40% building 219/249 modules 30 active D:\twice-market-master\frontend\node_modules\cache-loader\dist\cjs.js??ref--13-0!D:\twice-market-master\frontend\node_modules\babel-loader\lib\index.js!D:\twice-market-master\frontend\node_modules\cache-loader\dist\cjs.js??ref--1-0!D:\twice-market-master\frontend\node_modules\vue-loader\lib\index.js??vue-loader-options!D:\twice-market-master\frontend\src\views\front\My_buyorder_details.vue?vue&type=script&lang=js
<s> [webpack.Progress] 40% building 219/250 modules 31 active D:\twice-market-master\frontend\node_modules\css-loader\dist\cjs.js??ref--7-oneOf-1-1!D:\twice-market-master\frontend\node_modules\vue-loader\lib\loaders\stylePostLoader.js!D:\twice-market-master\frontend\node_modules\postcss-loader\src\index.js??ref--7-oneOf-1-2!D:\twice-market-master\frontend\node_modules\cache-loader\dist\cjs.js??ref--1-0!D:\twice-market-master\frontend\node_modules\vue-loader\lib\index.js??vue-loader-options!D:\twice-market-master\frontend\src\views\front\Goods_details.vue?vue&type=style&index=0&id=7cb69dae&lang=css
<s> [webpack.Progress] 40% building 219/251 modules 32 active D:\twice-market-master\frontend\node_modules\css-loader\dist\cjs.js??ref--7-oneOf-1-1!D:\twice-market-master\frontend\node_modules\vue-loader\lib\loaders\stylePostLoader.js!D:\twice-market-master\frontend\node_modules\postcss-loader\src\index.js??ref--7-oneOf-1-2!D:\twice-market-master\frontend\node_modules\cache-loader\dist\cjs.js??ref--1-0!D:\twice-market-master\frontend\node_modules\vue-loader\lib\index.js??vue-loader-options!D:\twice-market-master\frontend\src\views\front\My_personal.vue?vue&type=style&index=0&id=786e597a&lang=css
<s> [webpack.Progress] 40% building 219/252 modules 33 active D:\twice-market-master\frontend\node_modules\vue-loader\lib\loaders\pitcher.js??ref--4!D:\twice-market-master\frontend\node_modules\cache-loader\dist\cjs.js??ref--13-0!D:\twice-market-master\frontend\node_modules\babel-loader\lib\index.js!D:\twice-market-master\frontend\node_modules\cache-loader\dist\cjs.js??ref--1-0!D:\twice-market-master\frontend\node_modules\vue-loader\lib\index.js??vue-loader-options!D:\twice-market-master\frontend\src\views\front\My_leave .vue?vue&type=script&lang=js
<s> [webpack.Progress] 40% building 220/252 modules 32 active D:\twice-market-master\frontend\node_modules\css-loader\dist\cjs.js??ref--7-oneOf-1-1!D:\twice-market-master\frontend\node_modules\vue-loader\lib\loaders\stylePostLoader.js!D:\twice-market-master\frontend\node_modules\postcss-loader\src\index.js??ref--7-oneOf-1-2!D:\twice-market-master\frontend\node_modules\cache-loader\dist\cjs.js??ref--1-0!D:\twice-market-master\frontend\node_modules\vue-loader\lib\index.js??vue-loader-options!D:\twice-market-master\frontend\src\views\front\My_personal.vue?vue&type=style&index=0&id=786e597a&lang=css
<s> [webpack.Progress] 40% building 220/253 modules 33 active D:\twice-market-master\frontend\node_modules\cache-loader\dist\cjs.js??ref--13-0!D:\twice-market-master\frontend\node_modules\babel-loader\lib\index.js!D:\twice-market-master\frontend\node_modules\cache-loader\dist\cjs.js??ref--1-0!D:\twice-market-master\frontend\node_modules\vue-loader\lib\index.js??vue-loader-options!D:\twice-market-master\frontend\src\views\front\My_leave .vue?vue&type=script&lang=js
<s> [webpack.Progress] 40% building 220/254 modules 34 active D:\twice-market-master\frontend\node_modules\vue-loader\lib\loaders\pitcher.js??ref--4!D:\twice-market-master\frontend\node_modules\vue-style-loader\index.js??ref--7-oneOf-1-0!D:\twice-market-master\frontend\node_modules\css-loader\dist\cjs.js??ref--7-oneOf-1-1!D:\twice-market-master\frontend\node_modules\postcss-loader\src\index.js??ref--7-oneOf-1-2!D:\twice-market-master\frontend\node_modules\cache-loader\dist\cjs.js??ref--1-0!D:\twice-market-master\frontend\node_modules\vue-loader\lib\index.js??vue-loader-options!D:\twice-market-master\frontend\src\views\front\My_leave .vue?vue&type=style&index=0&id=d2a2b0e8&lang=css
<s> [webpack.Progress] 40% building 221/254 modules 33 active D:\twice-market-master\frontend\node_modules\cache-loader\dist\cjs.js??ref--13-0!D:\twice-market-master\frontend\node_modules\babel-loader\lib\index.js!D:\twice-market-master\frontend\node_modules\cache-loader\dist\cjs.js??ref--1-0!D:\twice-market-master\frontend\node_modules\vue-loader\lib\index.js??vue-loader-options!D:\twice-market-master\frontend\src\views\front\My_leave .vue?vue&type=script&lang=js
<s> [webpack.Progress] 40% building 221/255 modules 34 active D:\twice-market-master\frontend\node_modules\vue-style-loader\index.js??ref--7-oneOf-1-0!D:\twice-market-master\frontend\node_modules\css-loader\dist\cjs.js??ref--7-oneOf-1-1!D:\twice-market-master\frontend\node_modules\vue-loader\lib\loaders\stylePostLoader.js!D:\twice-market-master\frontend\node_modules\postcss-loader\src\index.js??ref--7-oneOf-1-2!D:\twice-market-master\frontend\node_modules\cache-loader\dist\cjs.js??ref--1-0!D:\twice-market-master\frontend\node_modules\vue-loader\lib\index.js??vue-loader-options!D:\twice-market-master\frontend\src\views\front\My_leave .vue?vue&type=style&index=0&id=d2a2b0e8&lang=css
<s> [webpack.Progress] 40% building 222/255 modules 33 active D:\twice-market-master\frontend\node_modules\cache-loader\dist\cjs.js??ref--13-0!D:\twice-market-master\frontend\node_modules\babel-loader\lib\index.js!D:\twice-market-master\frontend\node_modules\cache-loader\dist\cjs.js??ref--1-0!D:\twice-market-master\frontend\node_modules\vue-loader\lib\index.js??vue-loader-options!D:\twice-market-master\frontend\src\views\front\My_leave .vue?vue&type=script&lang=js
<s> [webpack.Progress] 40% building 222/256 modules 34 active D:\twice-market-master\frontend\node_modules\css-loader\dist\cjs.js??ref--7-oneOf-1-1!D:\twice-market-master\frontend\node_modules\vue-loader\lib\loaders\stylePostLoader.js!D:\twice-market-master\frontend\node_modules\postcss-loader\src\index.js??ref--7-oneOf-1-2!D:\twice-market-master\frontend\node_modules\cache-loader\dist\cjs.js??ref--1-0!D:\twice-market-master\frontend\node_modules\vue-loader\lib\index.js??vue-loader-options!D:\twice-market-master\frontend\src\views\front\My_leave .vue?vue&type=style&index=0&id=d2a2b0e8&lang=css
<s> [webpack.Progress] 40% building 223/256 modules 33 active D:\twice-market-master\frontend\node_modules\css-loader\dist\cjs.js??ref--7-oneOf-1-1!D:\twice-market-master\frontend\node_modules\vue-loader\lib\loaders\stylePostLoader.js!D:\twice-market-master\frontend\node_modules\postcss-loader\src\index.js??ref--7-oneOf-1-2!D:\twice-market-master\frontend\node_modules\cache-loader\dist\cjs.js??ref--1-0!D:\twice-market-master\frontend\node_modules\vue-loader\lib\index.js??vue-loader-options!D:\twice-market-master\frontend\src\views\front\My_leave .vue?vue&type=style&index=0&id=d2a2b0e8&lang=css
<s> [webpack.Progress] 40% building 223/257 modules 34 active D:\twice-market-master\frontend\node_modules\vue-loader\lib\loaders\pitcher.js??ref--4!D:\twice-market-master\frontend\node_modules\cache-loader\dist\cjs.js??ref--13-0!D:\twice-market-master\frontend\node_modules\babel-loader\lib\index.js!D:\twice-market-master\frontend\node_modules\cache-loader\dist\cjs.js??ref--1-0!D:\twice-market-master\frontend\node_modules\vue-loader\lib\index.js??vue-loader-options!D:\twice-market-master\frontend\src\views\front\My_college.vue?vue&type=script&lang=js
<s> [webpack.Progress] 40% building 224/257 modules 33 active D:\twice-market-master\frontend\node_modules\css-loader\dist\cjs.js??ref--7-oneOf-1-1!D:\twice-market-master\frontend\node_modules\vue-loader\lib\loaders\stylePostLoader.js!D:\twice-market-master\frontend\node_modules\postcss-loader\src\index.js??ref--7-oneOf-1-2!D:\twice-market-master\frontend\node_modules\cache-loader\dist\cjs.js??ref--1-0!D:\twice-market-master\frontend\node_modules\vue-loader\lib\index.js??vue-loader-options!D:\twice-market-master\frontend\src\views\front\My_leave .vue?vue&type=style&index=0&id=d2a2b0e8&lang=css
<s> [webpack.Progress] 40% building 224/258 modules 34 active D:\twice-market-master\frontend\node_modules\cache-loader\dist\cjs.js??ref--13-0!D:\twice-market-master\frontend\node_modules\babel-loader\lib\index.js!D:\twice-market-master\frontend\node_modules\cache-loader\dist\cjs.js??ref--1-0!D:\twice-market-master\frontend\node_modules\vue-loader\lib\index.js??vue-loader-options!D:\twice-market-master\frontend\src\views\front\My_college.vue?vue&type=script&lang=js
<s> [webpack.Progress] 40% building 224/259 modules 35 active D:\twice-market-master\frontend\node_modules\vue-loader\lib\loaders\pitcher.js??ref--4!D:\twice-market-master\frontend\node_modules\vue-style-loader\index.js??ref--7-oneOf-1-0!D:\twice-market-master\frontend\node_modules\css-loader\dist\cjs.js??ref--7-oneOf-1-1!D:\twice-market-master\frontend\node_modules\postcss-loader\src\index.js??ref--7-oneOf-1-2!D:\twice-market-master\frontend\node_modules\cache-loader\dist\cjs.js??ref--1-0!D:\twice-market-master\frontend\node_modules\vue-loader\lib\index.js??vue-loader-options!D:\twice-market-master\frontend\src\views\front\My_college.vue?vue&type=style&index=0&id=5a2ddce4&lang=css
<s> [webpack.Progress] 40% building 225/259 modules 34 active D:\twice-market-master\frontend\node_modules\cache-loader\dist\cjs.js??ref--13-0!D:\twice-market-master\frontend\node_modules\babel-loader\lib\index.js!D:\twice-market-master\frontend\node_modules\cache-loader\dist\cjs.js??ref--1-0!D:\twice-market-master\frontend\node_modules\vue-loader\lib\index.js??vue-loader-options!D:\twice-market-master\frontend\src\views\front\My_college.vue?vue&type=script&lang=js
<s> [webpack.Progress] 40% building 225/260 modules 35 active D:\twice-market-master\frontend\node_modules\vue-loader\lib\loaders\pitcher.js??ref--4!D:\twice-market-master\frontend\node_modules\cache-loader\dist\cjs.js??ref--13-0!D:\twice-market-master\frontend\node_modules\babel-loader\lib\index.js!D:\twice-market-master\frontend\node_modules\cache-loader\dist\cjs.js??ref--1-0!D:\twice-market-master\frontend\node_modules\vue-loader\lib\index.js??vue-loader-options!D:\twice-market-master\frontend\src\views\front\My_goods_details.vue?vue&type=script&lang=js
<s> [webpack.Progress] 40% building 226/260 modules 34 active D:\twice-market-master\frontend\node_modules\cache-loader\dist\cjs.js??ref--13-0!D:\twice-market-master\frontend\node_modules\babel-loader\lib\index.js!D:\twice-market-master\frontend\node_modules\cache-loader\dist\cjs.js??ref--1-0!D:\twice-market-master\frontend\node_modules\vue-loader\lib\index.js??vue-loader-options!D:\twice-market-master\frontend\src\views\front\My_college.vue?vue&type=script&lang=js
<s> [webpack.Progress] 40% building 226/261 modules 35 active D:\twice-market-master\frontend\node_modules\cache-loader\dist\cjs.js??ref--13-0!D:\twice-market-master\frontend\node_modules\babel-loader\lib\index.js!D:\twice-market-master\frontend\node_modules\cache-loader\dist\cjs.js??ref--1-0!D:\twice-market-master\frontend\node_modules\vue-loader\lib\index.js??vue-loader-options!D:\twice-market-master\frontend\src\views\front\My_goods_details.vue?vue&type=script&lang=js
<s> [webpack.Progress] 40% building 226/262 modules 36 active D:\twice-market-master\frontend\node_modules\vue-loader\lib\loaders\pitcher.js??ref--4!D:\twice-market-master\frontend\node_modules\vue-style-loader\index.js??ref--7-oneOf-1-0!D:\twice-market-master\frontend\node_modules\css-loader\dist\cjs.js??ref--7-oneOf-1-1!D:\twice-market-master\frontend\node_modules\postcss-loader\src\index.js??ref--7-oneOf-1-2!D:\twice-market-master\frontend\node_modules\cache-loader\dist\cjs.js??ref--1-0!D:\twice-market-master\frontend\node_modules\vue-loader\lib\index.js??vue-loader-options!D:\twice-market-master\frontend\src\views\front\My_goods_details.vue?vue&type=style&index=0&id=7e6008e6&lang=css
<s> [webpack.Progress] 40% building 227/262 modules 35 active D:\twice-market-master\frontend\node_modules\cache-loader\dist\cjs.js??ref--13-0!D:\twice-market-master\frontend\node_modules\babel-loader\lib\index.js!D:\twice-market-master\frontend\node_modules\cache-loader\dist\cjs.js??ref--1-0!D:\twice-market-master\frontend\node_modules\vue-loader\lib\index.js??vue-loader-options!D:\twice-market-master\frontend\src\views\front\My_goods_details.vue?vue&type=script&lang=js
<s> [webpack.Progress] 40% building 227/263 modules 36 active D:\twice-market-master\frontend\node_modules\vue-style-loader\index.js??ref--7-oneOf-1-0!D:\twice-market-master\frontend\node_modules\css-loader\dist\cjs.js??ref--7-oneOf-1-1!D:\twice-market-master\frontend\node_modules\vue-loader\lib\loaders\stylePostLoader.js!D:\twice-market-master\frontend\node_modules\postcss-loader\src\index.js??ref--7-oneOf-1-2!D:\twice-market-master\frontend\node_modules\cache-loader\dist\cjs.js??ref--1-0!D:\twice-market-master\frontend\node_modules\vue-loader\lib\index.js??vue-loader-options!D:\twice-market-master\frontend\src\views\front\My_college.vue?vue&type=style&index=0&id=5a2ddce4&lang=css
<s> [webpack.Progress] 40% building 228/263 modules 35 active D:\twice-market-master\frontend\node_modules\cache-loader\dist\cjs.js??ref--13-0!D:\twice-market-master\frontend\node_modules\babel-loader\lib\index.js!D:\twice-market-master\frontend\node_modules\cache-loader\dist\cjs.js??ref--1-0!D:\twice-market-master\frontend\node_modules\vue-loader\lib\index.js??vue-loader-options!D:\twice-market-master\frontend\src\views\front\My_goods_details.vue?vue&type=script&lang=js
<s> [webpack.Progress] 40% building 228/264 modules 36 active D:\twice-market-master\frontend\node_modules\css-loader\dist\cjs.js??ref--7-oneOf-1-1!D:\twice-market-master\frontend\node_modules\vue-loader\lib\loaders\stylePostLoader.js!D:\twice-market-master\frontend\node_modules\postcss-loader\src\index.js??ref--7-oneOf-1-2!D:\twice-market-master\frontend\node_modules\cache-loader\dist\cjs.js??ref--1-0!D:\twice-market-master\frontend\node_modules\vue-loader\lib\index.js??vue-loader-options!D:\twice-market-master\frontend\src\views\front\My_college.vue?vue&type=style&index=0&id=5a2ddce4&lang=css
<s> [webpack.Progress] 40% building 228/265 modules 37 active D:\twice-market-master\frontend\node_modules\vue-loader\lib\loaders\pitcher.js??ref--4!D:\twice-market-master\frontend\node_modules\cache-loader\dist\cjs.js??ref--13-0!D:\twice-market-master\frontend\node_modules\babel-loader\lib\index.js!D:\twice-market-master\frontend\node_modules\cache-loader\dist\cjs.js??ref--1-0!D:\twice-market-master\frontend\node_modules\vue-loader\lib\index.js??vue-loader-options!D:\twice-market-master\frontend\src\views\front\My_sellorder_details.vue?vue&type=script&lang=js
<s> [webpack.Progress] 40% building 229/265 modules 36 active D:\twice-market-master\frontend\node_modules\css-loader\dist\cjs.js??ref--7-oneOf-1-1!D:\twice-market-master\frontend\node_modules\vue-loader\lib\loaders\stylePostLoader.js!D:\twice-market-master\frontend\node_modules\postcss-loader\src\index.js??ref--7-oneOf-1-2!D:\twice-market-master\frontend\node_modules\cache-loader\dist\cjs.js??ref--1-0!D:\twice-market-master\frontend\node_modules\vue-loader\lib\index.js??vue-loader-options!D:\twice-market-master\frontend\src\views\front\My_college.vue?vue&type=style&index=0&id=5a2ddce4&lang=css
<s> [webpack.Progress] 40% building 229/266 modules 37 active D:\twice-market-master\frontend\node_modules\cache-loader\dist\cjs.js??ref--13-0!D:\twice-market-master\frontend\node_modules\babel-loader\lib\index.js!D:\twice-market-master\frontend\node_modules\cache-loader\dist\cjs.js??ref--1-0!D:\twice-market-master\frontend\node_modules\vue-loader\lib\index.js??vue-loader-options!D:\twice-market-master\frontend\src\views\front\My_sellorder_details.vue?vue&type=script&lang=js
<s> [webpack.Progress] 40% building 229/267 modules 38 active D:\twice-market-master\frontend\node_modules\vue-style-loader\index.js??ref--7-oneOf-1-0!D:\twice-market-master\frontend\node_modules\css-loader\dist\cjs.js??ref--7-oneOf-1-1!D:\twice-market-master\frontend\node_modules\vue-loader\lib\loaders\stylePostLoader.js!D:\twice-market-master\frontend\node_modules\postcss-loader\src\index.js??ref--7-oneOf-1-2!D:\twice-market-master\frontend\node_modules\cache-loader\dist\cjs.js??ref--1-0!D:\twice-market-master\frontend\node_modules\vue-loader\lib\index.js??vue-loader-options!D:\twice-market-master\frontend\src\views\front\My_goods_details.vue?vue&type=style&index=0&id=7e6008e6&lang=css
<s> [webpack.Progress] 40% building 230/267 modules 37 active D:\twice-market-master\frontend\node_modules\cache-loader\dist\cjs.js??ref--13-0!D:\twice-market-master\frontend\node_modules\babel-loader\lib\index.js!D:\twice-market-master\frontend\node_modules\cache-loader\dist\cjs.js??ref--1-0!D:\twice-market-master\frontend\node_modules\vue-loader\lib\index.js??vue-loader-options!D:\twice-market-master\frontend\src\views\front\My_sellorder_details.vue?vue&type=script&lang=js
<s> [webpack.Progress] 40% building 230/268 modules 38 active D:\twice-market-master\frontend\node_modules\css-loader\dist\cjs.js??ref--7-oneOf-1-1!D:\twice-market-master\frontend\node_modules\vue-loader\lib\loaders\stylePostLoader.js!D:\twice-market-master\frontend\node_modules\postcss-loader\src\index.js??ref--7-oneOf-1-2!D:\twice-market-master\frontend\node_modules\cache-loader\dist\cjs.js??ref--1-0!D:\twice-market-master\frontend\node_modules\vue-loader\lib\index.js??vue-loader-options!D:\twice-market-master\frontend\src\views\front\My_goods_details.vue?vue&type=style&index=0&id=7e6008e6&lang=css
<s> [webpack.Progress] 40% building 230/269 modules 39 active D:\twice-market-master\frontend\node_modules\vue-loader\lib\loaders\pitcher.js??ref--4!D:\twice-market-master\frontend\node_modules\cache-loader\dist\cjs.js??ref--13-0!D:\twice-market-master\frontend\node_modules\babel-loader\lib\index.js!D:\twice-market-master\frontend\node_modules\cache-loader\dist\cjs.js??ref--1-0!D:\twice-market-master\frontend\node_modules\vue-loader\lib\index.js??vue-loader-options!D:\twice-market-master\frontend\src\views\front\My_order.vue?vue&type=script&lang=js
<s> [webpack.Progress] 40% building 231/269 modules 38 active D:\twice-market-master\frontend\node_modules\css-loader\dist\cjs.js??ref--7-oneOf-1-1!D:\twice-market-master\frontend\node_modules\vue-loader\lib\loaders\stylePostLoader.js!D:\twice-market-master\frontend\node_modules\postcss-loader\src\index.js??ref--7-oneOf-1-2!D:\twice-market-master\frontend\node_modules\cache-loader\dist\cjs.js??ref--1-0!D:\twice-market-master\frontend\node_modules\vue-loader\lib\index.js??vue-loader-options!D:\twice-market-master\frontend\src\views\front\My_goods_details.vue?vue&type=style&index=0&id=7e6008e6&lang=css
<s> [webpack.Progress] 40% building 231/270 modules 39 active D:\twice-market-master\frontend\node_modules\vue-loader\lib\loaders\pitcher.js??ref--4!D:\twice-market-master\frontend\node_modules\vue-style-loader\index.js??ref--7-oneOf-1-0!D:\twice-market-master\frontend\node_modules\css-loader\dist\cjs.js??ref--7-oneOf-1-1!D:\twice-market-master\frontend\node_modules\postcss-loader\src\index.js??ref--7-oneOf-1-2!D:\twice-market-master\frontend\node_modules\cache-loader\dist\cjs.js??ref--1-0!D:\twice-market-master\frontend\node_modules\vue-loader\lib\index.js??vue-loader-options!D:\twice-market-master\frontend\src\views\front\My_order.vue?vue&type=style&index=0&id=eaf04f4a&lang=css
<s> [webpack.Progress] 40% building 232/270 modules 38 active D:\twice-market-master\frontend\node_modules\css-loader\dist\cjs.js??ref--7-oneOf-1-1!D:\twice-market-master\frontend\node_modules\vue-loader\lib\loaders\stylePostLoader.js!D:\twice-market-master\frontend\node_modules\postcss-loader\src\index.js??ref--7-oneOf-1-2!D:\twice-market-master\frontend\node_modules\cache-loader\dist\cjs.js??ref--1-0!D:\twice-market-master\frontend\node_modules\vue-loader\lib\index.js??vue-loader-options!D:\twice-market-master\frontend\src\views\front\My_goods_details.vue?vue&type=style&index=0&id=7e6008e6&lang=css
<s> [webpack.Progress] 40% building 232/271 modules 39 active D:\twice-market-master\frontend\node_modules\cache-loader\dist\cjs.js??ref--13-0!D:\twice-market-master\frontend\node_modules\babel-loader\lib\index.js!D:\twice-market-master\frontend\node_modules\cache-loader\dist\cjs.js??ref--1-0!D:\twice-market-master\frontend\node_modules\vue-loader\lib\index.js??vue-loader-options!D:\twice-market-master\frontend\src\views\front\My_order.vue?vue&type=script&lang=js
<s> [webpack.Progress] 40% building 232/272 modules 40 active D:\twice-market-master\frontend\node_modules\vue-style-loader\index.js??ref--7-oneOf-1-0!D:\twice-market-master\frontend\node_modules\css-loader\dist\cjs.js??ref--7-oneOf-1-1!D:\twice-market-master\frontend\node_modules\vue-loader\lib\loaders\stylePostLoader.js!D:\twice-market-master\frontend\node_modules\postcss-loader\src\index.js??ref--7-oneOf-1-2!D:\twice-market-master\frontend\node_modules\cache-loader\dist\cjs.js??ref--1-0!D:\twice-market-master\frontend\node_modules\vue-loader\lib\index.js??vue-loader-options!D:\twice-market-master\frontend\src\views\front\My_order.vue?vue&type=style&index=0&id=eaf04f4a&lang=css
<s> [webpack.Progress] 40% building 233/272 modules 39 active D:\twice-market-master\frontend\node_modules\cache-loader\dist\cjs.js??ref--13-0!D:\twice-market-master\frontend\node_modules\babel-loader\lib\index.js!D:\twice-market-master\frontend\node_modules\cache-loader\dist\cjs.js??ref--1-0!D:\twice-market-master\frontend\node_modules\vue-loader\lib\index.js??vue-loader-options!D:\twice-market-master\frontend\src\views\front\My_order.vue?vue&type=script&lang=js
<s> [webpack.Progress] 40% building 233/273 modules 40 active D:\twice-market-master\frontend\node_modules\css-loader\dist\cjs.js??ref--7-oneOf-1-1!D:\twice-market-master\frontend\node_modules\vue-loader\lib\loaders\stylePostLoader.js!D:\twice-market-master\frontend\node_modules\postcss-loader\src\index.js??ref--7-oneOf-1-2!D:\twice-market-master\frontend\node_modules\cache-loader\dist\cjs.js??ref--1-0!D:\twice-market-master\frontend\node_modules\vue-loader\lib\index.js??vue-loader-options!D:\twice-market-master\frontend\src\views\front\My_order.vue?vue&type=style&index=0&id=eaf04f4a&lang=css
<s> [webpack.Progress] 40% building 233/274 modules 41 active D:\twice-market-master\frontend\node_modules\vue-loader\lib\loaders\pitcher.js??ref--4!D:\twice-market-master\frontend\node_modules\cache-loader\dist\cjs.js??ref--13-0!D:\twice-market-master\frontend\node_modules\babel-loader\lib\index.js!D:\twice-market-master\frontend\node_modules\cache-loader\dist\cjs.js??ref--1-0!D:\twice-market-master\frontend\node_modules\vue-loader\lib\index.js??vue-loader-options!D:\twice-market-master\frontend\src\views\front\update_goods.vue?vue&type=script&lang=js
<s> [webpack.Progress] 40% building 234/274 modules 40 active D:\twice-market-master\frontend\node_modules\css-loader\dist\cjs.js??ref--7-oneOf-1-1!D:\twice-market-master\frontend\node_modules\vue-loader\lib\loaders\stylePostLoader.js!D:\twice-market-master\frontend\node_modules\postcss-loader\src\index.js??ref--7-oneOf-1-2!D:\twice-market-master\frontend\node_modules\cache-loader\dist\cjs.js??ref--1-0!D:\twice-market-master\frontend\node_modules\vue-loader\lib\index.js??vue-loader-options!D:\twice-market-master\frontend\src\views\front\My_order.vue?vue&type=style&index=0&id=eaf04f4a&lang=css
<s> [webpack.Progress] 40% building 234/275 modules 41 active D:\twice-market-master\frontend\node_modules\cache-loader\dist\cjs.js??ref--13-0!D:\twice-market-master\frontend\node_modules\babel-loader\lib\index.js!D:\twice-market-master\frontend\node_modules\cache-loader\dist\cjs.js??ref--1-0!D:\twice-market-master\frontend\node_modules\vue-loader\lib\index.js??vue-loader-options!D:\twice-market-master\frontend\src\views\front\update_goods.vue?vue&type=script&lang=js
<s> [webpack.Progress] 40% building 234/276 modules 42 active D:\twice-market-master\frontend\node_modules\vue-loader\lib\loaders\pitcher.js??ref--4!D:\twice-market-master\frontend\node_modules\vue-style-loader\index.js??ref--7-oneOf-1-0!D:\twice-market-master\frontend\node_modules\css-loader\dist\cjs.js??ref--7-oneOf-1-1!D:\twice-market-master\frontend\node_modules\postcss-loader\src\index.js??ref--7-oneOf-1-2!D:\twice-market-master\frontend\node_modules\cache-loader\dist\cjs.js??ref--1-0!D:\twice-market-master\frontend\node_modules\vue-loader\lib\index.js??vue-loader-options!D:\twice-market-master\frontend\src\views\front\Release.vue?vue&type=style&index=0&id=0f5bc1d7&lang=css
<s> [webpack.Progress] 40% building 235/276 modules 41 active D:\twice-market-master\frontend\node_modules\cache-loader\dist\cjs.js??ref--13-0!D:\twice-market-master\frontend\node_modules\babel-loader\lib\index.js!D:\twice-market-master\frontend\node_modules\cache-loader\dist\cjs.js??ref--1-0!D:\twice-market-master\frontend\node_modules\vue-loader\lib\index.js??vue-loader-options!D:\twice-market-master\frontend\src\views\front\update_goods.vue?vue&type=script&lang=js
<s> [webpack.Progress] 40% building 235/277 modules 42 active D:\twice-market-master\frontend\node_modules\vue-style-loader\index.js??ref--7-oneOf-1-0!D:\twice-market-master\frontend\node_modules\css-loader\dist\cjs.js??ref--7-oneOf-1-1!D:\twice-market-master\frontend\node_modules\vue-loader\lib\loaders\stylePostLoader.js!D:\twice-market-master\frontend\node_modules\postcss-loader\src\index.js??ref--7-oneOf-1-2!D:\twice-market-master\frontend\node_modules\cache-loader\dist\cjs.js??ref--1-0!D:\twice-market-master\frontend\node_modules\vue-loader\lib\index.js??vue-loader-options!D:\twice-market-master\frontend\src\views\front\Release.vue?vue&type=style&index=0&id=0f5bc1d7&lang=css
<s> [webpack.Progress] 40% building 236/277 modules 41 active D:\twice-market-master\frontend\node_modules\cache-loader\dist\cjs.js??ref--13-0!D:\twice-market-master\frontend\node_modules\babel-loader\lib\index.js!D:\twice-market-master\frontend\node_modules\cache-loader\dist\cjs.js??ref--1-0!D:\twice-market-master\frontend\node_modules\vue-loader\lib\index.js??vue-loader-options!D:\twice-market-master\frontend\src\views\front\update_goods.vue?vue&type=script&lang=js
<s> [webpack.Progress] 40% building 236/278 modules 42 active D:\twice-market-master\frontend\node_modules\css-loader\dist\cjs.js??ref--7-oneOf-1-1!D:\twice-market-master\frontend\node_modules\vue-loader\lib\loaders\stylePostLoader.js!D:\twice-market-master\frontend\node_modules\postcss-loader\src\index.js??ref--7-oneOf-1-2!D:\twice-market-master\frontend\node_modules\cache-loader\dist\cjs.js??ref--1-0!D:\twice-market-master\frontend\node_modules\vue-loader\lib\index.js??vue-loader-options!D:\twice-market-master\frontend\src\views\front\Release.vue?vue&type=style&index=0&id=0f5bc1d7&lang=css
<s> [webpack.Progress] 40% building 236/279 modules 43 active D:\twice-market-master\frontend\node_modules\vue-loader\lib\loaders\pitcher.js??ref--4!D:\twice-market-master\frontend\node_modules\cache-loader\dist\cjs.js??ref--13-0!D:\twice-market-master\frontend\node_modules\babel-loader\lib\index.js!D:\twice-market-master\frontend\node_modules\cache-loader\dist\cjs.js??ref--1-0!D:\twice-market-master\frontend\node_modules\vue-loader\lib\index.js??vue-loader-options!D:\twice-market-master\frontend\src\views\front\Release.vue?vue&type=script&lang=js
<s> [webpack.Progress] 40% building 237/279 modules 42 active D:\twice-market-master\frontend\node_modules\css-loader\dist\cjs.js??ref--7-oneOf-1-1!D:\twice-market-master\frontend\node_modules\vue-loader\lib\loaders\stylePostLoader.js!D:\twice-market-master\frontend\node_modules\postcss-loader\src\index.js??ref--7-oneOf-1-2!D:\twice-market-master\frontend\node_modules\cache-loader\dist\cjs.js??ref--1-0!D:\twice-market-master\frontend\node_modules\vue-loader\lib\index.js??vue-loader-options!D:\twice-market-master\frontend\src\views\front\Release.vue?vue&type=style&index=0&id=0f5bc1d7&lang=css
<s> [webpack.Progress] 40% building 237/280 modules 43 active D:\twice-market-master\frontend\node_modules\cache-loader\dist\cjs.js??ref--13-0!D:\twice-market-master\frontend\node_modules\babel-loader\lib\index.js!D:\twice-market-master\frontend\node_modules\cache-loader\dist\cjs.js??ref--1-0!D:\twice-market-master\frontend\node_modules\vue-loader\lib\index.js??vue-loader-options!D:\twice-market-master\frontend\src\views\front\Release.vue?vue&type=script&lang=js
<s> [webpack.Progress] 40% building 237/281 modules 44 active D:\twice-market-master\frontend\node_modules\vue-loader\lib\loaders\pitcher.js??ref--4!D:\twice-market-master\frontend\node_modules\vue-style-loader\index.js??ref--7-oneOf-1-0!D:\twice-market-master\frontend\node_modules\css-loader\dist\cjs.js??ref--7-oneOf-1-1!D:\twice-market-master\frontend\node_modules\postcss-loader\src\index.js??ref--7-oneOf-1-2!D:\twice-market-master\frontend\node_modules\cache-loader\dist\cjs.js??ref--1-0!D:\twice-market-master\frontend\node_modules\vue-loader\lib\index.js??vue-loader-options!D:\twice-market-master\frontend\src\views\front\Shop.vue?vue&type=style&index=0&id=475aca54&lang=css
<s> [webpack.Progress] 40% building 238/281 modules 43 active D:\twice-market-master\frontend\node_modules\cache-loader\dist\cjs.js??ref--13-0!D:\twice-market-master\frontend\node_modules\babel-loader\lib\index.js!D:\twice-market-master\frontend\node_modules\cache-loader\dist\cjs.js??ref--1-0!D:\twice-market-master\frontend\node_modules\vue-loader\lib\index.js??vue-loader-options!D:\twice-market-master\frontend\src\views\front\Release.vue?vue&type=script&lang=js
<s> [webpack.Progress] 40% building 238/282 modules 44 active D:\twice-market-master\frontend\node_modules\vue-style-loader\index.js??ref--7-oneOf-1-0!D:\twice-market-master\frontend\node_modules\css-loader\dist\cjs.js??ref--7-oneOf-1-1!D:\twice-market-master\frontend\node_modules\vue-loader\lib\loaders\stylePostLoader.js!D:\twice-market-master\frontend\node_modules\postcss-loader\src\index.js??ref--7-oneOf-1-2!D:\twice-market-master\frontend\node_modules\cache-loader\dist\cjs.js??ref--1-0!D:\twice-market-master\frontend\node_modules\vue-loader\lib\index.js??vue-loader-options!D:\twice-market-master\frontend\src\views\front\Shop.vue?vue&type=style&index=0&id=475aca54&lang=css
<s> [webpack.Progress] 40% building 239/282 modules 43 active D:\twice-market-master\frontend\node_modules\cache-loader\dist\cjs.js??ref--13-0!D:\twice-market-master\frontend\node_modules\babel-loader\lib\index.js!D:\twice-market-master\frontend\node_modules\cache-loader\dist\cjs.js??ref--1-0!D:\twice-market-master\frontend\node_modules\vue-loader\lib\index.js??vue-loader-options!D:\twice-market-master\frontend\src\views\front\Release.vue?vue&type=script&lang=js
<s> [webpack.Progress] 40% building 239/283 modules 44 active D:\twice-market-master\frontend\node_modules\css-loader\dist\cjs.js??ref--7-oneOf-1-1!D:\twice-market-master\frontend\node_modules\vue-loader\lib\loaders\stylePostLoader.js!D:\twice-market-master\frontend\node_modules\postcss-loader\src\index.js??ref--7-oneOf-1-2!D:\twice-market-master\frontend\node_modules\cache-loader\dist\cjs.js??ref--1-0!D:\twice-market-master\frontend\node_modules\vue-loader\lib\index.js??vue-loader-options!D:\twice-market-master\frontend\src\views\front\Shop.vue?vue&type=style&index=0&id=475aca54&lang=css
<s> [webpack.Progress] 40% building 239/284 modules 45 active D:\twice-market-master\frontend\node_modules\element-ui\lib\utils\aria-dialog.js
<s> [webpack.Progress] 40% building 240/284 modules 44 active D:\twice-market-master\frontend\node_modules\element-ui\lib\utils\aria-dialog.js
<s> [webpack.Progress] 40% building 240/285 modules 45 active D:\twice-market-master\frontend\node_modules\vue-loader\lib\loaders\pitcher.js??ref--4!D:\twice-market-master\frontend\node_modules\cache-loader\dist\cjs.js??ref--13-0!D:\twice-market-master\frontend\node_modules\babel-loader\lib\index.js!D:\twice-market-master\frontend\node_modules\cache-loader\dist\cjs.js??ref--1-0!D:\twice-market-master\frontend\node_modules\vue-loader\lib\index.js??vue-loader-options!D:\twice-market-master\frontend\src\views\front\Shop.vue?vue&type=script&lang=js
<s> [webpack.Progress] 40% building 241/285 modules 44 active D:\twice-market-master\frontend\node_modules\element-ui\lib\utils\aria-dialog.js
<s> [webpack.Progress] 40% building 241/286 modules 45 active D:\twice-market-master\frontend\node_modules\cache-loader\dist\cjs.js??ref--13-0!D:\twice-market-master\frontend\node_modules\babel-loader\lib\index.js!D:\twice-market-master\frontend\node_modules\cache-loader\dist\cjs.js??ref--1-0!D:\twice-market-master\frontend\node_modules\vue-loader\lib\index.js??vue-loader-options!D:\twice-market-master\frontend\src\views\front\Shop.vue?vue&type=script&lang=js
<s> [webpack.Progress] 40% building 241/287 modules 46 active D:\twice-market-master\frontend\node_modules\element-ui\lib\option.js
<s> [webpack.Progress] 40% building 241/288 modules 47 active D:\twice-market-master\frontend\node_modules\element-ui\lib\select.js
<s> [webpack.Progress] 40% building 242/288 modules 46 active D:\twice-market-master\frontend\node_modules\element-ui\lib\select.js
<s> [webpack.Progress] 40% building 242/289 modules 47 active D:\twice-market-master\frontend\node_modules\vue-loader\lib\loaders\pitcher.js??ref--4!D:\twice-market-master\frontend\node_modules\vue-style-loader\index.js??ref--7-oneOf-1-0!D:\twice-market-master\frontend\node_modules\css-loader\dist\cjs.js??ref--7-oneOf-1-1!D:\twice-market-master\frontend\node_modules\postcss-loader\src\index.js??ref--7-oneOf-1-2!D:\twice-market-master\frontend\node_modules\cache-loader\dist\cjs.js??ref--1-0!D:\twice-market-master\frontend\node_modules\vue-loader\lib\index.js??vue-loader-options!D:\twice-market-master\frontend\src\views\front\My_goods.vue?vue&type=style&index=0&id=1602b73a&lang=css
<s> [webpack.Progress] 40% building 243/289 modules 46 active D:\twice-market-master\frontend\node_modules\element-ui\lib\select.js
<s> [webpack.Progress] 40% building 243/290 modules 47 active D:\twice-market-master\frontend\node_modules\vue-style-loader\index.js??ref--7-oneOf-1-0!D:\twice-market-master\frontend\node_modules\css-loader\dist\cjs.js??ref--7-oneOf-1-1!D:\twice-market-master\frontend\node_modules\vue-loader\lib\loaders\stylePostLoader.js!D:\twice-market-master\frontend\node_modules\postcss-loader\src\index.js??ref--7-oneOf-1-2!D:\twice-market-master\frontend\node_modules\cache-loader\dist\cjs.js??ref--1-0!D:\twice-market-master\frontend\node_modules\vue-loader\lib\index.js??vue-loader-options!D:\twice-market-master\frontend\src\views\front\My_goods.vue?vue&type=style&index=0&id=1602b73a&lang=css
<s> [webpack.Progress] 40% building 244/290 modules 46 active D:\twice-market-master\frontend\node_modules\element-ui\lib\select.js
<s> [webpack.Progress] 40% building 244/291 modules 47 active D:\twice-market-master\frontend\node_modules\css-loader\dist\cjs.js??ref--7-oneOf-1-1!D:\twice-market-master\frontend\node_modules\vue-loader\lib\loaders\stylePostLoader.js!D:\twice-market-master\frontend\node_modules\postcss-loader\src\index.js??ref--7-oneOf-1-2!D:\twice-market-master\frontend\node_modules\cache-loader\dist\cjs.js??ref--1-0!D:\twice-market-master\frontend\node_modules\vue-loader\lib\index.js??vue-loader-options!D:\twice-market-master\frontend\src\views\front\My_goods.vue?vue&type=style&index=0&id=1602b73a&lang=css
<s> [webpack.Progress] 40% building 245/291 modules 46 active D:\twice-market-master\frontend\node_modules\css-loader\dist\cjs.js??ref--7-oneOf-1-1!D:\twice-market-master\frontend\node_modules\vue-loader\lib\loaders\stylePostLoader.js!D:\twice-market-master\frontend\node_modules\postcss-loader\src\index.js??ref--7-oneOf-1-2!D:\twice-market-master\frontend\node_modules\cache-loader\dist\cjs.js??ref--1-0!D:\twice-market-master\frontend\node_modules\vue-loader\lib\index.js??vue-loader-options!D:\twice-market-master\frontend\src\views\front\My_goods.vue?vue&type=style&index=0&id=1602b73a&lang=css
<s> [webpack.Progress] 40% building 246/291 modules 45 active D:\twice-market-master\frontend\node_modules\css-loader\dist\cjs.js??ref--7-oneOf-1-1!D:\twice-market-master\frontend\node_modules\vue-loader\lib\loaders\stylePostLoader.js!D:\twice-market-master\frontend\node_modules\postcss-loader\src\index.js??ref--7-oneOf-1-2!D:\twice-market-master\frontend\node_modules\cache-loader\dist\cjs.js??ref--1-0!D:\twice-market-master\frontend\node_modules\vue-loader\lib\index.js??vue-loader-options!D:\twice-market-master\frontend\src\views\front\My_goods.vue?vue&type=style&index=0&id=1602b73a&lang=css
<s> [webpack.Progress] 40% building 247/291 modules 44 active D:\twice-market-master\frontend\node_modules\css-loader\dist\cjs.js??ref--7-oneOf-1-1!D:\twice-market-master\frontend\node_modules\vue-loader\lib\loaders\stylePostLoader.js!D:\twice-market-master\frontend\node_modules\postcss-loader\src\index.js??ref--7-oneOf-1-2!D:\twice-market-master\frontend\node_modules\cache-loader\dist\cjs.js??ref--1-0!D:\twice-market-master\frontend\node_modules\vue-loader\lib\index.js??vue-loader-options!D:\twice-market-master\frontend\src\views\front\My_goods.vue?vue&type=style&index=0&id=1602b73a&lang=css
<s> [webpack.Progress] 40% building 247/292 modules 45 active D:\twice-market-master\frontend\node_modules\webpack\buildin\amd-options.js
<s> [webpack.Progress] 40% building 248/292 modules 44 active D:\twice-market-master\frontend\node_modules\webpack\buildin\amd-options.js
<s> [webpack.Progress] 40% building 249/292 modules 43 active D:\twice-market-master\frontend\node_modules\webpack\buildin\amd-options.js
<s> [webpack.Progress] 40% building 249/293 modules 44 active D:\twice-market-master\frontend\node_modules\url-loader\dist\cjs.js??ref--2-0!D:\twice-market-master\frontend\src\assets\logo.png
<s> [webpack.Progress] 40% building 249/294 modules 45 active D:\twice-market-master\frontend\node_modules\url-loader\dist\cjs.js??ref--2-0!D:\twice-market-master\frontend\src\assets\none.jpg
<s> [webpack.Progress] 40% building 249/295 modules 46 active D:\twice-market-master\frontend\node_modules\vue-loader\lib\loaders\pitcher.js??ref--4!D:\twice-market-master\frontend\node_modules\cache-loader\dist\cjs.js??ref--13-0!D:\twice-market-master\frontend\node_modules\babel-loader\lib\index.js!D:\twice-market-master\frontend\node_modules\cache-loader\dist\cjs.js??ref--1-0!D:\twice-market-master\frontend\node_modules\vue-loader\lib\index.js??vue-loader-options!D:\twice-market-master\frontend\src\views\front\My_goods.vue?vue&type=script&lang=js
<s> [webpack.Progress] 40% building 250/295 modules 45 active D:\twice-market-master\frontend\node_modules\url-loader\dist\cjs.js??ref--2-0!D:\twice-market-master\frontend\src\assets\none.jpg
<s> [webpack.Progress] 40% building 250/296 modules 46 active D:\twice-market-master\frontend\node_modules\cache-loader\dist\cjs.js??ref--13-0!D:\twice-market-master\frontend\node_modules\babel-loader\lib\index.js!D:\twice-market-master\frontend\node_modules\cache-loader\dist\cjs.js??ref--1-0!D:\twice-market-master\frontend\node_modules\vue-loader\lib\index.js??vue-loader-options!D:\twice-market-master\frontend\src\views\front\My_goods.vue?vue&type=script&lang=js
<s> [webpack.Progress] 40% building 250/297 modules 47 active D:\twice-market-master\frontend\node_modules\vue-loader\lib\loaders\pitcher.js??ref--4!D:\twice-market-master\frontend\node_modules\cache-loader\dist\cjs.js??ref--13-0!D:\twice-market-master\frontend\node_modules\babel-loader\lib\index.js!D:\twice-market-master\frontend\node_modules\cache-loader\dist\cjs.js??ref--1-0!D:\twice-market-master\frontend\node_modules\vue-loader\lib\index.js??vue-loader-options!D:\twice-market-master\frontend\src\views\front\index.vue?vue&type=script&lang=js
<s> [webpack.Progress] 40% building 251/297 modules 46 active D:\twice-market-master\frontend\node_modules\cache-loader\dist\cjs.js??ref--13-0!D:\twice-market-master\frontend\node_modules\babel-loader\lib\index.js!D:\twice-market-master\frontend\node_modules\cache-loader\dist\cjs.js??ref--1-0!D:\twice-market-master\frontend\node_modules\vue-loader\lib\index.js??vue-loader-options!D:\twice-market-master\frontend\src\views\front\My_goods.vue?vue&type=script&lang=js
<s> [webpack.Progress] 40% building 251/298 modules 47 active D:\twice-market-master\frontend\node_modules\cache-loader\dist\cjs.js??ref--13-0!D:\twice-market-master\frontend\node_modules\babel-loader\lib\index.js!D:\twice-market-master\frontend\node_modules\cache-loader\dist\cjs.js??ref--1-0!D:\twice-market-master\frontend\node_modules\vue-loader\lib\index.js??vue-loader-options!D:\twice-market-master\frontend\src\views\front\index.vue?vue&type=script&lang=js
<s> [webpack.Progress] 40% building 251/299 modules 48 active D:\twice-market-master\frontend\node_modules\vue-loader\lib\loaders\pitcher.js??ref--4!D:\twice-market-master\frontend\node_modules\vue-style-loader\index.js??ref--7-oneOf-1-0!D:\twice-market-master\frontend\node_modules\css-loader\dist\cjs.js??ref--7-oneOf-1-1!D:\twice-market-master\frontend\node_modules\postcss-loader\src\index.js??ref--7-oneOf-1-2!D:\twice-market-master\frontend\node_modules\cache-loader\dist\cjs.js??ref--1-0!D:\twice-market-master\frontend\node_modules\vue-loader\lib\index.js??vue-loader-options!D:\twice-market-master\frontend\src\views\front\index.vue?vue&type=style&index=0&id=f31cd97c&scoped=true&lang=css
<s> [webpack.Progress] 40% building 252/299 modules 47 active D:\twice-market-master\frontend\node_modules\cache-loader\dist\cjs.js??ref--13-0!D:\twice-market-master\frontend\node_modules\babel-loader\lib\index.js!D:\twice-market-master\frontend\node_modules\cache-loader\dist\cjs.js??ref--1-0!D:\twice-market-master\frontend\node_modules\vue-loader\lib\index.js??vue-loader-options!D:\twice-market-master\frontend\src\views\front\index.vue?vue&type=script&lang=js
<s> [webpack.Progress] 40% building 252/300 modules 48 active D:\twice-market-master\frontend\node_modules\vue-style-loader\index.js??ref--7-oneOf-1-0!D:\twice-market-master\frontend\node_modules\css-loader\dist\cjs.js??ref--7-oneOf-1-1!D:\twice-market-master\frontend\node_modules\vue-loader\lib\loaders\stylePostLoader.js!D:\twice-market-master\frontend\node_modules\postcss-loader\src\index.js??ref--7-oneOf-1-2!D:\twice-market-master\frontend\node_modules\cache-loader\dist\cjs.js??ref--1-0!D:\twice-market-master\frontend\node_modules\vue-loader\lib\index.js??vue-loader-options!D:\twice-market-master\frontend\src\views\front\index.vue?vue&type=style&index=0&id=f31cd97c&scoped=true&lang=css
<s> [webpack.Progress] 40% building 253/300 modules 47 active D:\twice-market-master\frontend\node_modules\cache-loader\dist\cjs.js??ref--13-0!D:\twice-market-master\frontend\node_modules\babel-loader\lib\index.js!D:\twice-market-master\frontend\node_modules\cache-loader\dist\cjs.js??ref--1-0!D:\twice-market-master\frontend\node_modules\vue-loader\lib\index.js??vue-loader-options!D:\twice-market-master\frontend\src\views\front\index.vue?vue&type=script&lang=js
<s> [webpack.Progress] 40% building 253/301 modules 48 active D:\twice-market-master\frontend\node_modules\css-loader\dist\cjs.js??ref--7-oneOf-1-1!D:\twice-market-master\frontend\node_modules\vue-loader\lib\loaders\stylePostLoader.js!D:\twice-market-master\frontend\node_modules\postcss-loader\src\index.js??ref--7-oneOf-1-2!D:\twice-market-master\frontend\node_modules\cache-loader\dist\cjs.js??ref--1-0!D:\twice-market-master\frontend\node_modules\vue-loader\lib\index.js??vue-loader-options!D:\twice-market-master\frontend\src\views\front\index.vue?vue&type=style&index=0&id=f31cd97c&scoped=true&lang=css
<s> [webpack.Progress] 40% building 254/301 modules 47 active D:\twice-market-master\frontend\node_modules\css-loader\dist\cjs.js??ref--7-oneOf-1-1!D:\twice-market-master\frontend\node_modules\vue-loader\lib\loaders\stylePostLoader.js!D:\twice-market-master\frontend\node_modules\postcss-loader\src\index.js??ref--7-oneOf-1-2!D:\twice-market-master\frontend\node_modules\cache-loader\dist\cjs.js??ref--1-0!D:\twice-market-master\frontend\node_modules\vue-loader\lib\index.js??vue-loader-options!D:\twice-market-master\frontend\src\views\front\index.vue?vue&type=style&index=0&id=f31cd97c&scoped=true&lang=css
<s> [webpack.Progress] 40% building 254/302 modules 48 active D:\twice-market-master\frontend\node_modules\element-ui\lib\utils\aria-utils.js
<s> [webpack.Progress] 40% building 254/303 modules 49 active D:\twice-market-master\frontend\node_modules\url-loader\dist\cjs.js??ref--2-0!D:\twice-market-master\frontend\src\assets\404.png
<s> [webpack.Progress] 40% building 255/303 modules 48 active D:\twice-market-master\frontend\node_modules\url-loader\dist\cjs.js??ref--2-0!D:\twice-market-master\frontend\src\assets\404.png
<s> [webpack.Progress] 40% building 256/303 modules 47 active D:\twice-market-master\frontend\node_modules\url-loader\dist\cjs.js??ref--2-0!D:\twice-market-master\frontend\src\assets\404.png
<s> [webpack.Progress] 40% building 257/303 modules 46 active D:\twice-market-master\frontend\node_modules\url-loader\dist\cjs.js??ref--2-0!D:\twice-market-master\frontend\src\assets\404.png
<s> [webpack.Progress] 40% building 258/303 modules 45 active D:\twice-market-master\frontend\node_modules\url-loader\dist\cjs.js??ref--2-0!D:\twice-market-master\frontend\src\assets\404.png
<s> [webpack.Progress] 41% building 259/303 modules 44 active D:\twice-market-master\frontend\node_modules\url-loader\dist\cjs.js??ref--2-0!D:\twice-market-master\frontend\src\assets\404.png
<s> [webpack.Progress] 41% building 260/303 modules 43 active D:\twice-market-master\frontend\node_modules\url-loader\dist\cjs.js??ref--2-0!D:\twice-market-master\frontend\src\assets\404.png
<s> [webpack.Progress] 41% building 261/303 modules 42 active D:\twice-market-master\frontend\node_modules\url-loader\dist\cjs.js??ref--2-0!D:\twice-market-master\frontend\src\assets\404.png
<s> [webpack.Progress] 41% building 262/303 modules 41 active D:\twice-market-master\frontend\node_modules\url-loader\dist\cjs.js??ref--2-0!D:\twice-market-master\frontend\src\assets\404.png
<s> [webpack.Progress] 41% building 263/303 modules 40 active D:\twice-market-master\frontend\node_modules\url-loader\dist\cjs.js??ref--2-0!D:\twice-market-master\frontend\src\assets\404.png
<s> [webpack.Progress] 41% building 264/303 modules 39 active D:\twice-market-master\frontend\node_modules\url-loader\dist\cjs.js??ref--2-0!D:\twice-market-master\frontend\src\assets\404.png
<s> [webpack.Progress] 41% building 265/303 modules 38 active D:\twice-market-master\frontend\node_modules\url-loader\dist\cjs.js??ref--2-0!D:\twice-market-master\frontend\src\assets\404.png
<s> [webpack.Progress] 41% building 266/303 modules 37 active D:\twice-market-master\frontend\node_modules\url-loader\dist\cjs.js??ref--2-0!D:\twice-market-master\frontend\src\assets\404.png
<s> [webpack.Progress] 42% building 267/303 modules 36 active D:\twice-market-master\frontend\node_modules\url-loader\dist\cjs.js??ref--2-0!D:\twice-market-master\frontend\src\assets\404.png
<s> [webpack.Progress] 42% building 268/303 modules 35 active D:\twice-market-master\frontend\node_modules\url-loader\dist\cjs.js??ref--2-0!D:\twice-market-master\frontend\src\assets\404.png
<s> [webpack.Progress] 42% building 269/303 modules 34 active D:\twice-market-master\frontend\node_modules\url-loader\dist\cjs.js??ref--2-0!D:\twice-market-master\frontend\src\assets\404.png
<s> [webpack.Progress] 42% building 270/303 modules 33 active D:\twice-market-master\frontend\node_modules\url-loader\dist\cjs.js??ref--2-0!D:\twice-market-master\frontend\src\assets\404.png
<s> [webpack.Progress] 42% building 271/303 modules 32 active D:\twice-market-master\frontend\node_modules\url-loader\dist\cjs.js??ref--2-0!D:\twice-market-master\frontend\src\assets\404.png
<s> [webpack.Progress] 42% building 272/303 modules 31 active D:\twice-market-master\frontend\node_modules\url-loader\dist\cjs.js??ref--2-0!D:\twice-market-master\frontend\src\assets\404.png
<s> [webpack.Progress] 42% building 273/303 modules 30 active D:\twice-market-master\frontend\node_modules\url-loader\dist\cjs.js??ref--2-0!D:\twice-market-master\frontend\src\assets\404.png
<s> [webpack.Progress] 42% building 274/303 modules 29 active D:\twice-market-master\frontend\node_modules\url-loader\dist\cjs.js??ref--2-0!D:\twice-market-master\frontend\src\assets\404.png
<s> [webpack.Progress] 43% building 275/303 modules 28 active D:\twice-market-master\frontend\node_modules\url-loader\dist\cjs.js??ref--2-0!D:\twice-market-master\frontend\src\assets\404.png
<s> [webpack.Progress] 43% building 276/303 modules 27 active D:\twice-market-master\frontend\node_modules\url-loader\dist\cjs.js??ref--2-0!D:\twice-market-master\frontend\src\assets\404.png
<s> [webpack.Progress] 43% building 277/303 modules 26 active D:\twice-market-master\frontend\node_modules\url-loader\dist\cjs.js??ref--2-0!D:\twice-market-master\frontend\src\assets\404.png
<s> [webpack.Progress] 43% building 278/303 modules 25 active D:\twice-market-master\frontend\node_modules\url-loader\dist\cjs.js??ref--2-0!D:\twice-market-master\frontend\src\assets\404.png
<s> [webpack.Progress] 43% building 279/303 modules 24 active D:\twice-market-master\frontend\node_modules\url-loader\dist\cjs.js??ref--2-0!D:\twice-market-master\frontend\src\assets\404.png
<s> [webpack.Progress] 43% building 280/303 modules 23 active D:\twice-market-master\frontend\node_modules\url-loader\dist\cjs.js??ref--2-0!D:\twice-market-master\frontend\src\assets\404.png
<s> [webpack.Progress] 43% building 281/303 modules 22 active D:\twice-market-master\frontend\node_modules\url-loader\dist\cjs.js??ref--2-0!D:\twice-market-master\frontend\src\assets\404.png
<s> [webpack.Progress] 43% building 282/303 modules 21 active D:\twice-market-master\frontend\node_modules\url-loader\dist\cjs.js??ref--2-0!D:\twice-market-master\frontend\src\assets\404.png
<s> [webpack.Progress] 43% building 283/303 modules 20 active D:\twice-market-master\frontend\node_modules\url-loader\dist\cjs.js??ref--2-0!D:\twice-market-master\frontend\src\assets\404.png
<s> [webpack.Progress] 44% building 284/303 modules 19 active D:\twice-market-master\frontend\node_modules\url-loader\dist\cjs.js??ref--2-0!D:\twice-market-master\frontend\src\assets\404.png
<s> [webpack.Progress] 44% building 285/303 modules 18 active D:\twice-market-master\frontend\node_modules\url-loader\dist\cjs.js??ref--2-0!D:\twice-market-master\frontend\src\assets\404.png
<s> [webpack.Progress] 44% building 286/303 modules 17 active D:\twice-market-master\frontend\node_modules\url-loader\dist\cjs.js??ref--2-0!D:\twice-market-master\frontend\src\assets\404.png
<s> [webpack.Progress] 44% building 287/303 modules 16 active D:\twice-market-master\frontend\node_modules\url-loader\dist\cjs.js??ref--2-0!D:\twice-market-master\frontend\src\assets\404.png
<s> [webpack.Progress] 44% building 287/304 modules 17 active D:\twice-market-master\frontend\node_modules\html-entities\lib\xml-entities.js
<s> [webpack.Progress] 44% building 288/304 modules 16 active D:\twice-market-master\frontend\node_modules\html-entities\lib\xml-entities.js
<s> [webpack.Progress] 44% building 288/305 modules 17 active D:\twice-market-master\frontend\node_modules\html-entities\lib\html5-entities.js
<s> [webpack.Progress] 44% building 289/305 modules 16 active D:\twice-market-master\frontend\node_modules\html-entities\lib\html5-entities.js
<s> [webpack.Progress] 44% building 289/306 modules 17 active D:\twice-market-master\frontend\node_modules\html-entities\lib\html4-entities.js
<s> [webpack.Progress] 44% building 289/307 modules 18 active D:\twice-market-master\frontend\node_modules\core-js\modules\es.iterator.constructor.js
<s> [webpack.Progress] 44% building 290/307 modules 17 active D:\twice-market-master\frontend\node_modules\core-js\modules\es.iterator.constructor.js
<s> [webpack.Progress] 44% building 291/307 modules 16 active D:\twice-market-master\frontend\node_modules\core-js\modules\es.iterator.constructor.js
<s> [webpack.Progress] 44% building 291/308 modules 17 active D:\twice-market-master\frontend\node_modules\core-js\internals\is-forced.js
<s> [webpack.Progress] 44% building 291/309 modules 18 active D:\twice-market-master\frontend\node_modules\core-js\internals\define-built-in.js
<s> [webpack.Progress] 44% building 291/310 modules 19 active D:\twice-market-master\frontend\node_modules\core-js\internals\copy-constructor-properties.js
<s> [webpack.Progress] 44% building 291/311 modules 20 active D:\twice-market-master\frontend\node_modules\core-js\internals\define-global-property.js
<s> [webpack.Progress] 44% building 291/312 modules 21 active D:\twice-market-master\frontend\node_modules\core-js\internals\classof-raw.js
<s> [webpack.Progress] 44% building 291/313 modules 22 active D:\twice-market-master\frontend\node_modules\core-js\internals\function-bind-native.js
<s> [webpack.Progress] 44% building 291/314 modules 23 active D:\twice-market-master\frontend\node_modules\core-js\internals\create-non-enumerable-property.js
<s> [webpack.Progress] 44% building 291/315 modules 24 active D:\twice-market-master\frontend\node_modules\core-js\internals\object-get-own-property-descriptor.js
<s> [webpack.Progress] 45% building 292/315 modules 23 active D:\twice-market-master\frontend\node_modules\core-js\internals\object-get-own-property-descriptor.js
<s> [webpack.Progress] 45% building 292/316 modules 24 active D:\twice-market-master\frontend\node_modules\core-js\internals\classof.js
<s> [webpack.Progress] 45% building 292/317 modules 25 active D:\twice-market-master\frontend\node_modules\core-js\internals\to-length.js
<s> [webpack.Progress] 45% building 292/318 modules 26 active D:\twice-market-master\frontend\node_modules\core-js\internals\create-property-descriptor.js
<s> [webpack.Progress] 45% building 292/319 modules 27 active D:\twice-market-master\frontend\node_modules\core-js\internals\require-object-coercible.js
<s> [webpack.Progress] 45% building 293/319 modules 26 active D:\twice-market-master\frontend\node_modules\core-js\internals\require-object-coercible.js
<s> [webpack.Progress] 45% building 293/320 modules 27 active D:\twice-market-master\frontend\node_modules\core-js\internals\environment-v8-version.js
<s> [webpack.Progress] 45% building 293/321 modules 28 active D:\twice-market-master\frontend\node_modules\core-js\internals\object-define-property.js
<s> [webpack.Progress] 45% building 293/322 modules 29 active D:\twice-market-master\frontend\node_modules\core-js\modules\es.json.stringify.js
<s> [webpack.Progress] 45% building 293/323 modules 30 active D:\twice-market-master\frontend\node_modules\core-js\modules\es.iterator.map.js
<s> [webpack.Progress] 45% building 294/323 modules 29 active D:\twice-market-master\frontend\node_modules\core-js\modules\es.iterator.map.js
<s> [webpack.Progress] 45% building 294/324 modules 30 active D:\twice-market-master\frontend\node_modules\nprogress\nprogress.js
<s> [webpack.Progress] 45% building 295/324 modules 29 active D:\twice-market-master\frontend\node_modules\nprogress\nprogress.js
<s> [webpack.Progress] 45% building 295/325 modules 30 active D:\twice-market-master\frontend\node_modules\element-ui\lib\utils\popper.js
<s> [webpack.Progress] 45% building 296/325 modules 29 active D:\twice-market-master\frontend\node_modules\element-ui\lib\utils\popper.js
<s> [webpack.Progress] 45% building 297/325 modules 28 active D:\twice-market-master\frontend\node_modules\element-ui\lib\utils\popper.js
<s> [webpack.Progress] 45% building 298/325 modules 27 active D:\twice-market-master\frontend\node_modules\element-ui\lib\utils\popper.js
<s> [webpack.Progress] 45% building 299/325 modules 26 active D:\twice-market-master\frontend\node_modules\element-ui\lib\utils\popper.js
<s> [webpack.Progress] 46% building 300/325 modules 25 active D:\twice-market-master\frontend\node_modules\element-ui\lib\utils\popper.js
<s> [webpack.Progress] 46% building 300/326 modules 26 active D:\twice-market-master\frontend\node_modules\core-js\modules\es.error.cause.js
<s> [webpack.Progress] 46% building 301/326 modules 25 active D:\twice-market-master\frontend\node_modules\core-js\modules\es.error.cause.js
<s> [webpack.Progress] 46% building 301/327 modules 26 active D:\twice-market-master\frontend\node_modules\core-js\modules\web.url-search-params.size.js
<s> [webpack.Progress] 46% building 301/328 modules 27 active D:\twice-market-master\frontend\node_modules\core-js\modules\web.url-search-params.has.js
<s> [webpack.Progress] 46% building 302/328 modules 26 active D:\twice-market-master\frontend\node_modules\core-js\modules\web.url-search-params.has.js
<s> [webpack.Progress] 46% building 303/328 modules 25 active D:\twice-market-master\frontend\node_modules\core-js\modules\web.url-search-params.has.js
<s> [webpack.Progress] 46% building 303/329 modules 26 active D:\twice-market-master\frontend\node_modules\core-js\modules\web.url-search-params.delete.js
<s> [webpack.Progress] 46% building 303/330 modules 27 active D:\twice-market-master\frontend\node_modules\url-loader\dist\cjs.js??ref--2-0!D:\twice-market-master\frontend\src\assets\s_login-background.png
<s> [webpack.Progress] 46% building 303/331 modules 28 active D:\twice-market-master\frontend\node_modules\url-loader\dist\cjs.js??ref--2-0!D:\twice-market-master\frontend\src\assets\login-background.png
<s> [webpack.Progress] 46% building 303/332 modules 29 active D:\twice-market-master\frontend\node_modules\url-loader\dist\cjs.js??ref--2-0!D:\twice-market-master\frontend\src\assets\loading (2).gif
<s> [webpack.Progress] 46% building 303/333 modules 30 active D:\twice-market-master\frontend\node_modules\axios\lib\axios.js
<s> [webpack.Progress] 46% building 303/334 modules 31 active D:\twice-market-master\frontend\node_modules\core-js\modules\es.iterator.find.js
<s> [webpack.Progress] 46% building 304/334 modules 30 active D:\twice-market-master\frontend\node_modules\core-js\modules\es.iterator.find.js
<s> [webpack.Progress] 46% building 305/334 modules 29 active D:\twice-market-master\frontend\node_modules\core-js\modules\es.iterator.find.js
<s> [webpack.Progress] 46% building 306/334 modules 28 active D:\twice-market-master\frontend\node_modules\core-js\modules\es.iterator.find.js
<s> [webpack.Progress] 46% building 307/334 modules 27 active D:\twice-market-master\frontend\node_modules\core-js\modules\es.iterator.find.js
<s> [webpack.Progress] 46% building 307/335 modules 28 active D:\twice-market-master\frontend\node_modules\babel-helper-vue-jsx-merge-props\index.js
<s> [webpack.Progress] 46% building 308/335 modules 27 active D:\twice-market-master\frontend\node_modules\babel-helper-vue-jsx-merge-props\index.js
<s> [webpack.Progress] 47% building 309/335 modules 26 active D:\twice-market-master\frontend\node_modules\babel-helper-vue-jsx-merge-props\index.js
<s> [webpack.Progress] 47% building 310/335 modules 25 active D:\twice-market-master\frontend\node_modules\babel-helper-vue-jsx-merge-props\index.js
<s> [webpack.Progress] 47% building 311/335 modules 24 active D:\twice-market-master\frontend\node_modules\babel-helper-vue-jsx-merge-props\index.js
<s> [webpack.Progress] 47% building 312/335 modules 23 active D:\twice-market-master\frontend\node_modules\babel-helper-vue-jsx-merge-props\index.js
<s> [webpack.Progress] 47% building 313/335 modules 22 active D:\twice-market-master\frontend\node_modules\babel-helper-vue-jsx-merge-props\index.js
<s> [webpack.Progress] 47% building 314/335 modules 21 active D:\twice-market-master\frontend\node_modules\babel-helper-vue-jsx-merge-props\index.js
<s> [webpack.Progress] 47% building 315/335 modules 20 active D:\twice-market-master\frontend\node_modules\babel-helper-vue-jsx-merge-props\index.js
<s> [webpack.Progress] 47% building 315/336 modules 21 active D:\twice-market-master\frontend\node_modules\url\node_modules\qs\lib\index.js
<s> [webpack.Progress] 47% building 315/337 modules 22 active D:\twice-market-master\frontend\node_modules\vue-router\dist\vue-router.esm.js
<s> [webpack.Progress] 47% building 316/337 modules 21 active D:\twice-market-master\frontend\node_modules\vue-router\dist\vue-router.esm.js
<s> [webpack.Progress] 48% building 317/337 modules 20 active D:\twice-market-master\frontend\node_modules\vue-router\dist\vue-router.esm.js
<s> [webpack.Progress] 48% building 318/337 modules 19 active D:\twice-market-master\frontend\node_modules\vue-router\dist\vue-router.esm.js
<s> [webpack.Progress] 48% building 319/337 modules 18 active D:\twice-market-master\frontend\node_modules\vue-router\dist\vue-router.esm.js
<s> [webpack.Progress] 48% building 320/337 modules 17 active D:\twice-market-master\frontend\node_modules\vue-router\dist\vue-router.esm.js
<s> [webpack.Progress] 48% building 321/337 modules 16 active D:\twice-market-master\frontend\node_modules\vue-router\dist\vue-router.esm.js
<s> [webpack.Progress] 48% building 322/337 modules 15 active D:\twice-market-master\frontend\node_modules\vue-router\dist\vue-router.esm.js
<s> [webpack.Progress] 48% building 323/337 modules 14 active D:\twice-market-master\frontend\node_modules\vue-router\dist\vue-router.esm.js
<s> [webpack.Progress] 48% building 324/337 modules 13 active D:\twice-market-master\frontend\node_modules\vue-router\dist\vue-router.esm.js
<s> [webpack.Progress] 48% building 324/338 modules 14 active D:\twice-market-master\frontend\node_modules\element-ui\lib\locale\index.js
<s> [webpack.Progress] 48% building 324/339 modules 15 active D:\twice-market-master\frontend\node_modules\vuex\dist\vuex.esm.js
<s> [webpack.Progress] 49% building 325/339 modules 14 active D:\twice-market-master\frontend\node_modules\vuex\dist\vuex.esm.js
<s> [webpack.Progress] 49% building 326/339 modules 13 active D:\twice-market-master\frontend\node_modules\vuex\dist\vuex.esm.js
<s> [webpack.Progress] 49% building 326/340 modules 14 active D:\twice-market-master\frontend\node_modules\throttle-debounce\index.js
<s> [webpack.Progress] 49% building 327/340 modules 13 active D:\twice-market-master\frontend\node_modules\throttle-debounce\index.js
<s> [webpack.Progress] 49% building 327/341 modules 14 active D:\twice-market-master\frontend\node_modules\element-ui\lib\utils\popup\index.js
<s> [webpack.Progress] 49% building 328/341 modules 13 active D:\twice-market-master\frontend\node_modules\element-ui\lib\utils\popup\index.js
<s> [webpack.Progress] 49% building 329/341 modules 12 active D:\twice-market-master\frontend\node_modules\element-ui\lib\utils\popup\index.js
<s> [webpack.Progress] 49% building 330/341 modules 11 active D:\twice-market-master\frontend\node_modules\element-ui\lib\utils\popup\index.js
<s> [webpack.Progress] 49% building 331/341 modules 10 active D:\twice-market-master\frontend\node_modules\element-ui\lib\utils\popup\index.js
<s> [webpack.Progress] 49% building 332/341 modules 9 active D:\twice-market-master\frontend\node_modules\element-ui\lib\utils\popup\index.js
<s> [webpack.Progress] 49% building 333/341 modules 8 active D:\twice-market-master\frontend\node_modules\element-ui\lib\utils\popup\index.js
<s> [webpack.Progress] 50% building 334/341 modules 7 active D:\twice-market-master\frontend\node_modules\element-ui\lib\utils\popup\index.js
<s> [webpack.Progress] 50% building 335/341 modules 6 active D:\twice-market-master\frontend\node_modules\element-ui\lib\utils\popup\index.js
<s> [webpack.Progress] 50% building 336/341 modules 5 active D:\twice-market-master\frontend\node_modules\element-ui\lib\utils\popup\index.js
<s> [webpack.Progress] 50% building 337/341 modules 4 active D:\twice-market-master\frontend\node_modules\element-ui\lib\utils\popup\index.js
<s> [webpack.Progress] 50% building 338/341 modules 3 active D:\twice-market-master\frontend\node_modules\throttle-debounce\index.js
<s> [webpack.Progress] 50% building 339/341 modules 2 active D:\twice-market-master\frontend\node_modules\url-loader\dist\cjs.js??ref--2-0!D:\twice-market-master\frontend\src\assets\login-background.png
<s> [webpack.Progress] 50% building 339/342 modules 3 active D:\twice-market-master\frontend\node_modules\html-entities\lib\surrogate-pairs.js
<s> [webpack.Progress] 50% building 339/343 modules 4 active D:\twice-market-master\frontend\node_modules\cache-loader\dist\cjs.js??ref--1-0!D:\twice-market-master\frontend\node_modules\vue-loader\lib\index.js??vue-loader-options!D:\twice-market-master\frontend\src\components\Header.vue
<s> [webpack.Progress] 50% building 339/344 modules 5 active D:\twice-market-master\frontend\node_modules\cache-loader\dist\cjs.js??ref--1-0!D:\twice-market-master\frontend\node_modules\vue-loader\lib\index.js??vue-loader-options!D:\twice-market-master\frontend\src\components\Aside.vue
<s> [webpack.Progress] 50% building 339/345 modules 6 active D:\twice-market-master\frontend\node_modules\core-js\internals\an-instance.js
<s> [webpack.Progress] 50% building 339/346 modules 7 active D:\twice-market-master\frontend\node_modules\core-js\internals\an-object.js
<s> [webpack.Progress] 50% building 339/347 modules 8 active D:\twice-market-master\frontend\node_modules\core-js\internals\well-known-symbol.js
<s> [webpack.Progress] 50% building 339/348 modules 9 active D:\twice-market-master\frontend\node_modules\core-js\internals\define-built-in-accessor.js
<s> [webpack.Progress] 50% building 339/349 modules 10 active D:\twice-market-master\frontend\node_modules\core-js\internals\object-get-prototype-of.js
<s> [webpack.Progress] 50% building 339/350 modules 11 active D:\twice-market-master\frontend\node_modules\core-js\internals\is-pure.js
<s> [webpack.Progress] 50% building 339/351 modules 12 active D:\twice-market-master\frontend\node_modules\core-js\internals\iterators-core.js
<s> [webpack.Progress] 50% building 339/352 modules 13 active D:\twice-market-master\frontend\node_modules\core-js\internals\make-built-in.js
<s> [webpack.Progress] 50% building 339/353 modules 14 active D:\twice-market-master\frontend\node_modules\core-js\internals\own-keys.js
<s> [webpack.Progress] 50% building 339/354 modules 15 active D:\twice-market-master\frontend\node_modules\core-js\internals\to-indexed-object.js
<s> [webpack.Progress] 50% building 339/355 modules 16 active D:\twice-market-master\frontend\node_modules\core-js\internals\object-property-is-enumerable.js
<s> [webpack.Progress] 50% building 339/356 modules 17 active D:\twice-market-master\frontend\node_modules\webpack-dev-server\node_modules\ansi-regex\index.js
<s> [webpack.Progress] 50% building 339/357 modules 18 active D:\twice-market-master\frontend\node_modules\core-js\internals\ie8-dom-define.js
<s> [webpack.Progress] 50% building 339/358 modules 19 active D:\twice-market-master\frontend\node_modules\core-js\internals\to-property-key.js
<s> [webpack.Progress] 50% building 339/359 modules 20 active D:\twice-market-master\frontend\node_modules\normalize-wheel\index.js
<s> [webpack.Progress] 50% building 339/360 modules 21 active D:\twice-market-master\frontend\node_modules\core-js\internals\to-integer-or-infinity.js
<s> [webpack.Progress] 50% building 339/361 modules 22 active D:\twice-market-master\frontend\node_modules\core-js\internals\to-string-tag-support.js
<s> [webpack.Progress] 50% building 339/362 modules 23 active D:\twice-market-master\frontend\node_modules\core-js\internals\v8-prototype-define-bug.js
<s> [webpack.Progress] 50% building 339/363 modules 24 active D:\twice-market-master\frontend\node_modules\core-js\internals\environment-user-agent.js
<s> [webpack.Progress] 50% building 339/364 modules 25 active D:\twice-market-master\frontend\node_modules\core-js\internals\is-null-or-undefined.js
<s> [webpack.Progress] 50% building 339/365 modules 26 active D:\twice-market-master\frontend\node_modules\core-js\internals\function-apply.js
<s> [webpack.Progress] 50% building 339/366 modules 27 active D:\twice-market-master\frontend\node_modules\core-js\internals\is-raw-json.js
<s> [webpack.Progress] 50% building 339/367 modules 28 active D:\twice-market-master\frontend\node_modules\core-js\internals\uid.js
<s> [webpack.Progress] 50% building 339/368 modules 29 active D:\twice-market-master\frontend\node_modules\core-js\internals\array-slice.js
<s> [webpack.Progress] 50% building 339/369 modules 30 active D:\twice-market-master\frontend\node_modules\core-js\internals\is-symbol.js
<s> [webpack.Progress] 50% building 339/370 modules 31 active D:\twice-market-master\frontend\node_modules\core-js\internals\native-raw-json.js
<s> [webpack.Progress] 50% building 339/371 modules 32 active D:\twice-market-master\frontend\node_modules\core-js\internals\get-iterator-direct.js
<s> [webpack.Progress] 50% building 339/372 modules 33 active D:\twice-market-master\frontend\node_modules\core-js\internals\a-callable.js
<s> [webpack.Progress] 50% building 339/373 modules 34 active D:\twice-market-master\frontend\node_modules\core-js\internals\iterator-create-proxy.js
<s> [webpack.Progress] 50% building 339/374 modules 35 active D:\twice-market-master\frontend\node_modules\core-js\internals\iterator-close.js
<s> [webpack.Progress] 50% building 339/375 modules 36 active D:\twice-market-master\frontend\node_modules\core-js\internals\iterator-helper-without-closing-on-early-error.js
<s> [webpack.Progress] 50% building 339/376 modules 37 active D:\twice-market-master\frontend\node_modules\core-js\internals\iterator-helper-throws-on-invalid-iterator.js
<s> [webpack.Progress] 50% building 339/377 modules 38 active D:\twice-market-master\frontend\node_modules\core-js\internals\call-with-safe-iteration-closing.js
<s> [webpack.Progress] 50% building 339/378 modules 39 active D:\twice-market-master\frontend\node_modules\core-js\internals\wrap-error-constructor-with-cause.js
<s> [webpack.Progress] 50% building 339/379 modules 40 active D:\twice-market-master\frontend\node_modules\core-js\internals\validate-arguments-length.js
<s> [webpack.Progress] 50% building 339/380 modules 41 active D:\twice-market-master\frontend\node_modules\axios\lib\utils.js
<s> [webpack.Progress] 50% building 339/381 modules 42 active D:\twice-market-master\frontend\node_modules\axios\lib\defaults.js
<s> [webpack.Progress] 50% building 339/382 modules 43 active D:\twice-market-master\frontend\node_modules\core-js\internals\iterate.js
<s> [webpack.Progress] 50% building 340/382 modules 42 active D:\twice-market-master\frontend\node_modules\core-js\internals\iterate.js
<s> [webpack.Progress] 50% building 341/382 modules 41 active D:\twice-market-master\frontend\node_modules\core-js\internals\iterate.js
<s> [webpack.Progress] 51% building 342/382 modules 40 active D:\twice-market-master\frontend\node_modules\core-js\internals\iterate.js
<s> [webpack.Progress] 51% building 343/382 modules 39 active D:\twice-market-master\frontend\node_modules\core-js\internals\iterate.js
<s> [webpack.Progress] 51% building 344/382 modules 38 active D:\twice-market-master\frontend\node_modules\core-js\internals\iterate.js
<s> [webpack.Progress] 51% building 345/382 modules 37 active D:\twice-market-master\frontend\node_modules\core-js\internals\iterate.js
<s> [webpack.Progress] 51% building 346/382 modules 36 active D:\twice-market-master\frontend\node_modules\core-js\internals\iterate.js
<s> [webpack.Progress] 51% building 347/382 modules 35 active D:\twice-market-master\frontend\node_modules\core-js\internals\iterate.js
<s> [webpack.Progress] 51% building 348/382 modules 34 active D:\twice-market-master\frontend\node_modules\core-js\internals\iterate.js
<s> [webpack.Progress] 51% building 349/382 modules 33 active D:\twice-market-master\frontend\node_modules\core-js\internals\iterate.js
<s> [webpack.Progress] 52% building 350/382 modules 32 active D:\twice-market-master\frontend\node_modules\core-js\internals\iterate.js
<s> [webpack.Progress] 52% building 351/382 modules 31 active D:\twice-market-master\frontend\node_modules\core-js\internals\iterate.js
<s> [webpack.Progress] 52% building 352/382 modules 30 active D:\twice-market-master\frontend\node_modules\core-js\internals\iterate.js
<s> [webpack.Progress] 52% building 353/382 modules 29 active D:\twice-market-master\frontend\node_modules\core-js\internals\iterate.js
<s> [webpack.Progress] 52% building 354/382 modules 28 active D:\twice-market-master\frontend\node_modules\core-js\internals\iterate.js
<s> [webpack.Progress] 52% building 355/382 modules 27 active D:\twice-market-master\frontend\node_modules\core-js\internals\iterate.js
<s> [webpack.Progress] 52% building 356/382 modules 26 active D:\twice-market-master\frontend\node_modules\core-js\internals\iterate.js
<s> [webpack.Progress] 52% building 357/382 modules 25 active D:\twice-market-master\frontend\node_modules\core-js\internals\iterate.js
<s> [webpack.Progress] 52% building 358/382 modules 24 active D:\twice-market-master\frontend\node_modules\core-js\internals\iterate.js
<s> [webpack.Progress] 52% building 358/383 modules 25 active D:\twice-market-master\frontend\node_modules\url\node_modules\qs\lib\stringify.js
<s> [webpack.Progress] 52% building 358/384 modules 26 active D:\twice-market-master\frontend\node_modules\url\node_modules\qs\lib\formats.js
<s> [webpack.Progress] 53% building 359/384 modules 25 active D:\twice-market-master\frontend\node_modules\url\node_modules\qs\lib\formats.js
<s> [webpack.Progress] 53% building 360/384 modules 24 active D:\twice-market-master\frontend\node_modules\url\node_modules\qs\lib\formats.js
<s> [webpack.Progress] 53% building 361/384 modules 23 active D:\twice-market-master\frontend\node_modules\url\node_modules\qs\lib\formats.js
<s> [webpack.Progress] 53% building 362/384 modules 22 active D:\twice-market-master\frontend\node_modules\url\node_modules\qs\lib\formats.js
<s> [webpack.Progress] 53% building 363/384 modules 21 active D:\twice-market-master\frontend\node_modules\url\node_modules\qs\lib\formats.js
<s> [webpack.Progress] 53% building 363/385 modules 22 active D:\twice-market-master\frontend\node_modules\url\node_modules\qs\lib\parse.js
<s> [webpack.Progress] 53% building 364/385 modules 21 active D:\twice-market-master\frontend\node_modules\url\node_modules\qs\lib\parse.js
<s> [webpack.Progress] 53% building 365/385 modules 20 active D:\twice-market-master\frontend\node_modules\url\node_modules\qs\lib\parse.js
<s> [webpack.Progress] 53% building 365/386 modules 21 active D:\twice-market-master\frontend\node_modules\axios\lib\core\Axios.js
<s> [webpack.Progress] 53% building 365/387 modules 22 active D:\twice-market-master\frontend\node_modules\axios\lib\core\mergeConfig.js
<s> [webpack.Progress] 53% building 366/387 modules 21 active D:\twice-market-master\frontend\node_modules\axios\lib\core\mergeConfig.js
<s> [webpack.Progress] 54% building 367/387 modules 20 active D:\twice-market-master\frontend\node_modules\axios\lib\core\mergeConfig.js
<s> [webpack.Progress] 54% building 368/387 modules 19 active D:\twice-market-master\frontend\node_modules\axios\lib\core\mergeConfig.js
<s> [webpack.Progress] 54% building 369/387 modules 18 active D:\twice-market-master\frontend\node_modules\axios\lib\core\mergeConfig.js
<s> [webpack.Progress] 54% building 370/387 modules 17 active D:\twice-market-master\frontend\node_modules\axios\lib\core\mergeConfig.js
<s> [webpack.Progress] 54% building 371/387 modules 16 active D:\twice-market-master\frontend\node_modules\axios\lib\core\mergeConfig.js
<s> [webpack.Progress] 54% building 371/388 modules 17 active D:\twice-market-master\frontend\node_modules\element-ui\lib\locale\format.js
<s> [webpack.Progress] 54% building 371/389 modules 18 active D:\twice-market-master\frontend\node_modules\axios\lib\helpers\bind.js
<s> [webpack.Progress] 54% building 371/390 modules 19 active D:\twice-market-master\frontend\node_modules\axios\lib\helpers\isAxiosError.js
<s> [webpack.Progress] 54% building 371/391 modules 20 active D:\twice-market-master\frontend\node_modules\axios\lib\helpers\spread.js
<s> [webpack.Progress] 54% building 371/392 modules 21 active D:\twice-market-master\frontend\node_modules\axios\lib\env\data.js
<s> [webpack.Progress] 54% building 372/392 modules 20 active D:\twice-market-master\frontend\node_modules\axios\lib\env\data.js
<s> [webpack.Progress] 54% building 372/393 modules 21 active D:\twice-market-master\frontend\node_modules\axios\lib\cancel\isCancel.js
<s> [webpack.Progress] 54% building 372/394 modules 22 active D:\twice-market-master\frontend\node_modules\axios\lib\cancel\CancelToken.js
<s> [webpack.Progress] 54% building 372/395 modules 23 active D:\twice-market-master\frontend\node_modules\axios\lib\cancel\Cancel.js
<s> [webpack.Progress] 54% building 372/396 modules 24 active D:\twice-market-master\frontend\node_modules\vue-loader\lib\loaders\pitcher.js??ref--4!D:\twice-market-master\frontend\node_modules\cache-loader\dist\cjs.js??ref--13-0!D:\twice-market-master\frontend\node_modules\babel-loader\lib\index.js!D:\twice-market-master\frontend\node_modules\vue-loader\lib\loaders\templateLoader.js??ref--6!D:\twice-market-master\frontend\node_modules\cache-loader\dist\cjs.js??ref--1-0!D:\twice-market-master\frontend\node_modules\vue-loader\lib\index.js??vue-loader-options!D:\twice-market-master\frontend\src\components\Header.vue?vue&type=template&id=61dd7a3d&scoped=true
<s> [webpack.Progress] 54% building 373/396 modules 23 active D:\twice-market-master\frontend\node_modules\axios\lib\cancel\Cancel.js
<s> [webpack.Progress] 54% building 373/397 modules 24 active D:\twice-market-master\frontend\node_modules\vue-loader\lib\loaders\pitcher.js??ref--4!D:\twice-market-master\frontend\node_modules\cache-loader\dist\cjs.js??ref--13-0!D:\twice-market-master\frontend\node_modules\babel-loader\lib\index.js!D:\twice-market-master\frontend\node_modules\cache-loader\dist\cjs.js??ref--1-0!D:\twice-market-master\frontend\node_modules\vue-loader\lib\index.js??vue-loader-options!D:\twice-market-master\frontend\src\components\Header.vue?vue&type=script&lang=js
<s> [webpack.Progress] 54% building 374/397 modules 23 active D:\twice-market-master\frontend\node_modules\axios\lib\cancel\Cancel.js
<s> [webpack.Progress] 54% building 374/398 modules 24 active D:\twice-market-master\frontend\node_modules\cache-loader\dist\cjs.js??ref--13-0!D:\twice-market-master\frontend\node_modules\babel-loader\lib\index.js!D:\twice-market-master\frontend\node_modules\cache-loader\dist\cjs.js??ref--1-0!D:\twice-market-master\frontend\node_modules\vue-loader\lib\index.js??vue-loader-options!D:\twice-market-master\frontend\src\components\Header.vue?vue&type=script&lang=js
<s> [webpack.Progress] 54% building 374/399 modules 25 active D:\twice-market-master\frontend\node_modules\cache-loader\dist\cjs.js?{"cacheDirectory":"node_modules/.cache/vue-loader","cacheIdentifier":"23271c7c-vue-loader-template"}!D:\twice-market-master\frontend\node_modules\cache-loader\dist\cjs.js??ref--13-0!D:\twice-market-master\frontend\node_modules\babel-loader\lib\index.js!D:\twice-market-master\frontend\node_modules\vue-loader\lib\loaders\templateLoader.js??ref--6!D:\twice-market-master\frontend\node_modules\cache-loader\dist\cjs.js??ref--1-0!D:\twice-market-master\frontend\node_modules\vue-loader\lib\index.js??vue-loader-options!D:\twice-market-master\frontend\src\components\Header.vue?vue&type=template&id=61dd7a3d&scoped=true
<s> [webpack.Progress] 54% building 374/400 modules 26 active D:\twice-market-master\frontend\node_modules\vue-loader\lib\loaders\pitcher.js??ref--4!D:\twice-market-master\frontend\node_modules\cache-loader\dist\cjs.js??ref--13-0!D:\twice-market-master\frontend\node_modules\babel-loader\lib\index.js!D:\twice-market-master\frontend\node_modules\vue-loader\lib\loaders\templateLoader.js??ref--6!D:\twice-market-master\frontend\node_modules\cache-loader\dist\cjs.js??ref--1-0!D:\twice-market-master\frontend\node_modules\vue-loader\lib\index.js??vue-loader-options!D:\twice-market-master\frontend\src\components\Aside.vue?vue&type=template&id=29a55538&scoped=true
<s> [webpack.Progress] 54% building 375/400 modules 25 active D:\twice-market-master\frontend\node_modules\cache-loader\dist\cjs.js?{"cacheDirectory":"node_modules/.cache/vue-loader","cacheIdentifier":"23271c7c-vue-loader-template"}!D:\twice-market-master\frontend\node_modules\cache-loader\dist\cjs.js??ref--13-0!D:\twice-market-master\frontend\node_modules\babel-loader\lib\index.js!D:\twice-market-master\frontend\node_modules\vue-loader\lib\loaders\templateLoader.js??ref--6!D:\twice-market-master\frontend\node_modules\cache-loader\dist\cjs.js??ref--1-0!D:\twice-market-master\frontend\node_modules\vue-loader\lib\index.js??vue-loader-options!D:\twice-market-master\frontend\src\components\Header.vue?vue&type=template&id=61dd7a3d&scoped=true
<s> [webpack.Progress] 54% building 375/401 modules 26 active D:\twice-market-master\frontend\node_modules\vue-loader\lib\loaders\pitcher.js??ref--4!D:\twice-market-master\frontend\node_modules\cache-loader\dist\cjs.js??ref--13-0!D:\twice-market-master\frontend\node_modules\babel-loader\lib\index.js!D:\twice-market-master\frontend\node_modules\cache-loader\dist\cjs.js??ref--1-0!D:\twice-market-master\frontend\node_modules\vue-loader\lib\index.js??vue-loader-options!D:\twice-market-master\frontend\src\components\Aside.vue?vue&type=script&lang=js
<s> [webpack.Progress] 55% building 376/401 modules 25 active D:\twice-market-master\frontend\node_modules\cache-loader\dist\cjs.js?{"cacheDirectory":"node_modules/.cache/vue-loader","cacheIdentifier":"23271c7c-vue-loader-template"}!D:\twice-market-master\frontend\node_modules\cache-loader\dist\cjs.js??ref--13-0!D:\twice-market-master\frontend\node_modules\babel-loader\lib\index.js!D:\twice-market-master\frontend\node_modules\vue-loader\lib\loaders\templateLoader.js??ref--6!D:\twice-market-master\frontend\node_modules\cache-loader\dist\cjs.js??ref--1-0!D:\twice-market-master\frontend\node_modules\vue-loader\lib\index.js??vue-loader-options!D:\twice-market-master\frontend\src\components\Header.vue?vue&type=template&id=61dd7a3d&scoped=true
<s> [webpack.Progress] 55% building 376/402 modules 26 active D:\twice-market-master\frontend\node_modules\vue-loader\lib\loaders\pitcher.js??ref--4!D:\twice-market-master\frontend\node_modules\vue-style-loader\index.js??ref--7-oneOf-1-0!D:\twice-market-master\frontend\node_modules\css-loader\dist\cjs.js??ref--7-oneOf-1-1!D:\twice-market-master\frontend\node_modules\postcss-loader\src\index.js??ref--7-oneOf-1-2!D:\twice-market-master\frontend\node_modules\cache-loader\dist\cjs.js??ref--1-0!D:\twice-market-master\frontend\node_modules\vue-loader\lib\index.js??vue-loader-options!D:\twice-market-master\frontend\src\components\Aside.vue?vue&type=style&index=0&id=29a55538&scoped=true&lang=css
<s> [webpack.Progress] 55% building 377/402 modules 25 active D:\twice-market-master\frontend\node_modules\cache-loader\dist\cjs.js?{"cacheDirectory":"node_modules/.cache/vue-loader","cacheIdentifier":"23271c7c-vue-loader-template"}!D:\twice-market-master\frontend\node_modules\cache-loader\dist\cjs.js??ref--13-0!D:\twice-market-master\frontend\node_modules\babel-loader\lib\index.js!D:\twice-market-master\frontend\node_modules\vue-loader\lib\loaders\templateLoader.js??ref--6!D:\twice-market-master\frontend\node_modules\cache-loader\dist\cjs.js??ref--1-0!D:\twice-market-master\frontend\node_modules\vue-loader\lib\index.js??vue-loader-options!D:\twice-market-master\frontend\src\components\Header.vue?vue&type=template&id=61dd7a3d&scoped=true
<s> [webpack.Progress] 55% building 377/403 modules 26 active D:\twice-market-master\frontend\node_modules\cache-loader\dist\cjs.js??ref--13-0!D:\twice-market-master\frontend\node_modules\babel-loader\lib\index.js!D:\twice-market-master\frontend\node_modules\cache-loader\dist\cjs.js??ref--1-0!D:\twice-market-master\frontend\node_modules\vue-loader\lib\index.js??vue-loader-options!D:\twice-market-master\frontend\src\components\Aside.vue?vue&type=script&lang=js
<s> [webpack.Progress] 55% building 377/404 modules 27 active D:\twice-market-master\frontend\node_modules\cache-loader\dist\cjs.js?{"cacheDirectory":"node_modules/.cache/vue-loader","cacheIdentifier":"23271c7c-vue-loader-template"}!D:\twice-market-master\frontend\node_modules\cache-loader\dist\cjs.js??ref--13-0!D:\twice-market-master\frontend\node_modules\babel-loader\lib\index.js!D:\twice-market-master\frontend\node_modules\vue-loader\lib\loaders\templateLoader.js??ref--6!D:\twice-market-master\frontend\node_modules\cache-loader\dist\cjs.js??ref--1-0!D:\twice-market-master\frontend\node_modules\vue-loader\lib\index.js??vue-loader-options!D:\twice-market-master\frontend\src\components\Aside.vue?vue&type=template&id=29a55538&scoped=true
<s> [webpack.Progress] 55% building 377/405 modules 28 active D:\twice-market-master\frontend\node_modules\vue-style-loader\index.js??ref--7-oneOf-1-0!D:\twice-market-master\frontend\node_modules\css-loader\dist\cjs.js??ref--7-oneOf-1-1!D:\twice-market-master\frontend\node_modules\vue-loader\lib\loaders\stylePostLoader.js!D:\twice-market-master\frontend\node_modules\postcss-loader\src\index.js??ref--7-oneOf-1-2!D:\twice-market-master\frontend\node_modules\cache-loader\dist\cjs.js??ref--1-0!D:\twice-market-master\frontend\node_modules\vue-loader\lib\index.js??vue-loader-options!D:\twice-market-master\frontend\src\components\Aside.vue?vue&type=style&index=0&id=29a55538&scoped=true&lang=css
<s> [webpack.Progress] 55% building 378/405 modules 27 active D:\twice-market-master\frontend\node_modules\cache-loader\dist\cjs.js?{"cacheDirectory":"node_modules/.cache/vue-loader","cacheIdentifier":"23271c7c-vue-loader-template"}!D:\twice-market-master\frontend\node_modules\cache-loader\dist\cjs.js??ref--13-0!D:\twice-market-master\frontend\node_modules\babel-loader\lib\index.js!D:\twice-market-master\frontend\node_modules\vue-loader\lib\loaders\templateLoader.js??ref--6!D:\twice-market-master\frontend\node_modules\cache-loader\dist\cjs.js??ref--1-0!D:\twice-market-master\frontend\node_modules\vue-loader\lib\index.js??vue-loader-options!D:\twice-market-master\frontend\src\components\Aside.vue?vue&type=template&id=29a55538&scoped=true
<s> [webpack.Progress] 55% building 378/406 modules 28 active D:\twice-market-master\frontend\node_modules\css-loader\dist\cjs.js??ref--7-oneOf-1-1!D:\twice-market-master\frontend\node_modules\vue-loader\lib\loaders\stylePostLoader.js!D:\twice-market-master\frontend\node_modules\postcss-loader\src\index.js??ref--7-oneOf-1-2!D:\twice-market-master\frontend\node_modules\cache-loader\dist\cjs.js??ref--1-0!D:\twice-market-master\frontend\node_modules\vue-loader\lib\index.js??vue-loader-options!D:\twice-market-master\frontend\src\components\Aside.vue?vue&type=style&index=0&id=29a55538&scoped=true&lang=css
<s> [webpack.Progress] 55% building 379/406 modules 27 active D:\twice-market-master\frontend\node_modules\css-loader\dist\cjs.js??ref--7-oneOf-1-1!D:\twice-market-master\frontend\node_modules\vue-loader\lib\loaders\stylePostLoader.js!D:\twice-market-master\frontend\node_modules\postcss-loader\src\index.js??ref--7-oneOf-1-2!D:\twice-market-master\frontend\node_modules\cache-loader\dist\cjs.js??ref--1-0!D:\twice-market-master\frontend\node_modules\vue-loader\lib\index.js??vue-loader-options!D:\twice-market-master\frontend\src\components\Aside.vue?vue&type=style&index=0&id=29a55538&scoped=true&lang=css
<s> [webpack.Progress] 55% building 380/406 modules 26 active D:\twice-market-master\frontend\node_modules\css-loader\dist\cjs.js??ref--7-oneOf-1-1!D:\twice-market-master\frontend\node_modules\vue-loader\lib\loaders\stylePostLoader.js!D:\twice-market-master\frontend\node_modules\postcss-loader\src\index.js??ref--7-oneOf-1-2!D:\twice-market-master\frontend\node_modules\cache-loader\dist\cjs.js??ref--1-0!D:\twice-market-master\frontend\node_modules\vue-loader\lib\index.js??vue-loader-options!D:\twice-market-master\frontend\src\components\Aside.vue?vue&type=style&index=0&id=29a55538&scoped=true&lang=css
<s> [webpack.Progress] 55% building 381/406 modules 25 active D:\twice-market-master\frontend\node_modules\css-loader\dist\cjs.js??ref--7-oneOf-1-1!D:\twice-market-master\frontend\node_modules\vue-loader\lib\loaders\stylePostLoader.js!D:\twice-market-master\frontend\node_modules\postcss-loader\src\index.js??ref--7-oneOf-1-2!D:\twice-market-master\frontend\node_modules\cache-loader\dist\cjs.js??ref--1-0!D:\twice-market-master\frontend\node_modules\vue-loader\lib\index.js??vue-loader-options!D:\twice-market-master\frontend\src\components\Aside.vue?vue&type=style&index=0&id=29a55538&scoped=true&lang=css
<s> [webpack.Progress] 55% building 382/406 modules 24 active D:\twice-market-master\frontend\node_modules\css-loader\dist\cjs.js??ref--7-oneOf-1-1!D:\twice-market-master\frontend\node_modules\vue-loader\lib\loaders\stylePostLoader.js!D:\twice-market-master\frontend\node_modules\postcss-loader\src\index.js??ref--7-oneOf-1-2!D:\twice-market-master\frontend\node_modules\cache-loader\dist\cjs.js??ref--1-0!D:\twice-market-master\frontend\node_modules\vue-loader\lib\index.js??vue-loader-options!D:\twice-market-master\frontend\src\components\Aside.vue?vue&type=style&index=0&id=29a55538&scoped=true&lang=css
<s> [webpack.Progress] 55% building 382/407 modules 25 active D:\twice-market-master\frontend\node_modules\element-ui\lib\utils\popup\popup-manager.js
<s> [webpack.Progress] 55% building 383/407 modules 24 active D:\twice-market-master\frontend\node_modules\element-ui\lib\utils\popup\popup-manager.js
<s> [webpack.Progress] 56% building 384/407 modules 23 active D:\twice-market-master\frontend\node_modules\element-ui\lib\utils\popup\popup-manager.js
<s> [webpack.Progress] 56% building 384/408 modules 24 active D:\twice-market-master\frontend\node_modules\async-validator\es\index.js
<s> [webpack.Progress] 56% building 385/408 modules 23 active D:\twice-market-master\frontend\node_modules\async-validator\es\index.js
<s> [webpack.Progress] 56% building 385/409 modules 24 active D:\twice-market-master\frontend\node_modules\element-ui\lib\locale\lang\zh-CN.js
<s> [webpack.Progress] 56% building 385/410 modules 25 active D:\twice-market-master\frontend\node_modules\resize-observer-polyfill\dist\ResizeObserver.es.js
<s> [webpack.Progress] 56% building 386/410 modules 24 active D:\twice-market-master\frontend\node_modules\resize-observer-polyfill\dist\ResizeObserver.es.js
<s> [webpack.Progress] 56% building 386/411 modules 25 active D:\twice-market-master\frontend\node_modules\cache-loader\dist\cjs.js??ref--1-0!D:\twice-market-master\frontend\node_modules\vue-loader\lib\index.js??vue-loader-options!D:\twice-market-master\frontend\src\components\loading.vue
<s> [webpack.Progress] 56% building 387/411 modules 24 active D:\twice-market-master\frontend\node_modules\cache-loader\dist\cjs.js??ref--1-0!D:\twice-market-master\frontend\node_modules\vue-loader\lib\index.js??vue-loader-options!D:\twice-market-master\frontend\src\components\loading.vue
<s> [webpack.Progress] 56% building 388/411 modules 23 active D:\twice-market-master\frontend\node_modules\cache-loader\dist\cjs.js??ref--1-0!D:\twice-market-master\frontend\node_modules\vue-loader\lib\index.js??vue-loader-options!D:\twice-market-master\frontend\src\components\loading.vue
<s> [webpack.Progress] 56% building 389/411 modules 22 active D:\twice-market-master\frontend\node_modules\cache-loader\dist\cjs.js??ref--1-0!D:\twice-market-master\frontend\node_modules\vue-loader\lib\index.js??vue-loader-options!D:\twice-market-master\frontend\src\components\loading.vue
<s> [webpack.Progress] 56% building 390/411 modules 21 active D:\twice-market-master\frontend\node_modules\cache-loader\dist\cjs.js??ref--1-0!D:\twice-market-master\frontend\node_modules\vue-loader\lib\index.js??vue-loader-options!D:\twice-market-master\frontend\src\components\loading.vue
<s> [webpack.Progress] 56% building 391/411 modules 20 active D:\twice-market-master\frontend\node_modules\cache-loader\dist\cjs.js??ref--1-0!D:\twice-market-master\frontend\node_modules\vue-loader\lib\index.js??vue-loader-options!D:\twice-market-master\frontend\src\components\loading.vue
<s> [webpack.Progress] 57% building 392/411 modules 19 active D:\twice-market-master\frontend\node_modules\cache-loader\dist\cjs.js??ref--1-0!D:\twice-market-master\frontend\node_modules\vue-loader\lib\index.js??vue-loader-options!D:\twice-market-master\frontend\src\components\loading.vue
<s> [webpack.Progress] 57% building 393/411 modules 18 active D:\twice-market-master\frontend\node_modules\cache-loader\dist\cjs.js??ref--1-0!D:\twice-market-master\frontend\node_modules\vue-loader\lib\index.js??vue-loader-options!D:\twice-market-master\frontend\src\components\loading.vue
<s> [webpack.Progress] 57% building 394/411 modules 17 active D:\twice-market-master\frontend\node_modules\cache-loader\dist\cjs.js??ref--1-0!D:\twice-market-master\frontend\node_modules\vue-loader\lib\index.js??vue-loader-options!D:\twice-market-master\frontend\src\components\loading.vue
<s> [webpack.Progress] 57% building 395/411 modules 16 active D:\twice-market-master\frontend\node_modules\cache-loader\dist\cjs.js??ref--1-0!D:\twice-market-master\frontend\node_modules\vue-loader\lib\index.js??vue-loader-options!D:\twice-market-master\frontend\src\components\loading.vue
<s> [webpack.Progress] 57% building 396/411 modules 15 active D:\twice-market-master\frontend\node_modules\cache-loader\dist\cjs.js??ref--1-0!D:\twice-market-master\frontend\node_modules\vue-loader\lib\index.js??vue-loader-options!D:\twice-market-master\frontend\src\components\loading.vue
<s> [webpack.Progress] 57% building 397/411 modules 14 active D:\twice-market-master\frontend\node_modules\cache-loader\dist\cjs.js??ref--1-0!D:\twice-market-master\frontend\node_modules\vue-loader\lib\index.js??vue-loader-options!D:\twice-market-master\frontend\src\components\loading.vue
<s> [webpack.Progress] 57% building 398/411 modules 13 active D:\twice-market-master\frontend\node_modules\cache-loader\dist\cjs.js??ref--1-0!D:\twice-market-master\frontend\node_modules\vue-loader\lib\index.js??vue-loader-options!D:\twice-market-master\frontend\src\components\loading.vue
<s> [webpack.Progress] 57% building 399/411 modules 12 active D:\twice-market-master\frontend\node_modules\cache-loader\dist\cjs.js??ref--1-0!D:\twice-market-master\frontend\node_modules\vue-loader\lib\index.js??vue-loader-options!D:\twice-market-master\frontend\src\components\loading.vue
<s> [webpack.Progress] 57% building 400/411 modules 11 active D:\twice-market-master\frontend\node_modules\cache-loader\dist\cjs.js??ref--1-0!D:\twice-market-master\frontend\node_modules\vue-loader\lib\index.js??vue-loader-options!D:\twice-market-master\frontend\src\components\loading.vue
<s> [webpack.Progress] 58% building 401/411 modules 10 active D:\twice-market-master\frontend\node_modules\cache-loader\dist\cjs.js??ref--1-0!D:\twice-market-master\frontend\node_modules\vue-loader\lib\index.js??vue-loader-options!D:\twice-market-master\frontend\src\components\loading.vue
<s> [webpack.Progress] 58% building 402/411 modules 9 active D:\twice-market-master\frontend\node_modules\cache-loader\dist\cjs.js??ref--1-0!D:\twice-market-master\frontend\node_modules\vue-loader\lib\index.js??vue-loader-options!D:\twice-market-master\frontend\src\components\loading.vue
<s> [webpack.Progress] 58% building 403/411 modules 8 active D:\twice-market-master\frontend\node_modules\cache-loader\dist\cjs.js??ref--1-0!D:\twice-market-master\frontend\node_modules\vue-loader\lib\index.js??vue-loader-options!D:\twice-market-master\frontend\src\components\loading.vue
<s> [webpack.Progress] 58% building 404/411 modules 7 active D:\twice-market-master\frontend\node_modules\cache-loader\dist\cjs.js??ref--1-0!D:\twice-market-master\frontend\node_modules\vue-loader\lib\index.js??vue-loader-options!D:\twice-market-master\frontend\src\components\loading.vue
<s> [webpack.Progress] 58% building 405/411 modules 6 active D:\twice-market-master\frontend\node_modules\cache-loader\dist\cjs.js??ref--1-0!D:\twice-market-master\frontend\node_modules\vue-loader\lib\index.js??vue-loader-options!D:\twice-market-master\frontend\src\components\loading.vue
<s> [webpack.Progress] 58% building 405/412 modules 7 active D:\twice-market-master\frontend\node_modules\normalize-wheel\src\normalizeWheel.js
<s> [webpack.Progress] 58% building 405/413 modules 8 active D:\twice-market-master\frontend\node_modules\echarts\index.js
<s> [webpack.Progress] 58% building 406/413 modules 7 active D:\twice-market-master\frontend\node_modules\echarts\index.js
<s> [webpack.Progress] 58% building 407/413 modules 6 active D:\twice-market-master\frontend\node_modules\echarts\index.js
<s> [webpack.Progress] 58% building 408/413 modules 5 active D:\twice-market-master\frontend\node_modules\echarts\index.js
<s> [webpack.Progress] 58% building 408/414 modules 6 active D:\twice-market-master\frontend\node_modules\core-js\internals\object-is-prototype-of.js
<s> [webpack.Progress] 58% building 408/415 modules 7 active D:\twice-market-master\frontend\node_modules\core-js\internals\shared.js
<s> [webpack.Progress] 58% building 408/416 modules 8 active D:\twice-market-master\frontend\node_modules\core-js\internals\use-symbol-as-uid.js
<s> [webpack.Progress] 58% building 408/417 modules 9 active D:\twice-market-master\frontend\node_modules\core-js\internals\object-create.js
<s> [webpack.Progress] 58% building 408/418 modules 10 active D:\twice-market-master\frontend\node_modules\core-js\internals\correct-prototype-getter.js
<s> [webpack.Progress] 58% building 408/419 modules 11 active D:\twice-market-master\frontend\node_modules\core-js\internals\shared-key.js
<s> [webpack.Progress] 58% building 408/420 modules 12 active D:\twice-market-master\frontend\node_modules\core-js\internals\object-get-own-property-names.js
<s> [webpack.Progress] 58% building 408/421 modules 13 active D:\twice-market-master\frontend\node_modules\core-js\internals\object-get-own-property-symbols.js
<s> [webpack.Progress] 58% building 408/422 modules 14 active D:\twice-market-master\frontend\node_modules\core-js\internals\inspect-source.js
<s> [webpack.Progress] 58% building 408/423 modules 15 active D:\twice-market-master\frontend\node_modules\core-js\internals\function-name.js
<s> [webpack.Progress] 58% building 408/424 modules 16 active D:\twice-market-master\frontend\node_modules\core-js\internals\indexed-object.js
<s> [webpack.Progress] 58% building 408/425 modules 17 active D:\twice-market-master\frontend\node_modules\core-js\internals\internal-state.js
<s> [webpack.Progress] 58% building 408/426 modules 18 active D:\twice-market-master\frontend\node_modules\core-js\internals\document-create-element.js
<s> [webpack.Progress] 59% building 409/426 modules 17 active D:\twice-market-master\frontend\node_modules\core-js\internals\document-create-element.js
<s> [webpack.Progress] 59% building 409/427 modules 18 active D:\twice-market-master\frontend\node_modules\core-js\internals\math-trunc.js
<s> [webpack.Progress] 59% building 409/428 modules 19 active D:\twice-market-master\frontend\node_modules\core-js\internals\to-primitive.js
<s> [webpack.Progress] 59% building 409/429 modules 20 active D:\twice-market-master\frontend\node_modules\core-js\internals\try-to-string.js
<s> [webpack.Progress] 59% building 409/430 modules 21 active D:\twice-market-master\frontend\node_modules\core-js\internals\get-method.js
<s> [webpack.Progress] 59% building 409/431 modules 22 active D:\twice-market-master\frontend\node_modules\core-js\internals\define-built-ins.js
<s> [webpack.Progress] 59% building 409/432 modules 23 active D:\twice-market-master\frontend\node_modules\core-js\internals\create-iter-result-object.js
<s> [webpack.Progress] 59% building 409/433 modules 24 active D:\twice-market-master\frontend\node_modules\core-js\internals\iterator-close-all.js
<s> [webpack.Progress] 59% building 410/433 modules 23 active D:\twice-market-master\frontend\node_modules\core-js\internals\iterator-close-all.js
<s> [webpack.Progress] 59% building 410/434 modules 24 active D:\twice-market-master\frontend\node_modules\vue-loader\lib\loaders\pitcher.js??ref--4!D:\twice-market-master\frontend\node_modules\cache-loader\dist\cjs.js??ref--13-0!D:\twice-market-master\frontend\node_modules\babel-loader\lib\index.js!D:\twice-market-master\frontend\node_modules\vue-loader\lib\loaders\templateLoader.js??ref--6!D:\twice-market-master\frontend\node_modules\cache-loader\dist\cjs.js??ref--1-0!D:\twice-market-master\frontend\node_modules\vue-loader\lib\index.js??vue-loader-options!D:\twice-market-master\frontend\src\components\loading.vue?vue&type=template&id=24a16d5c&scoped=true
<s> [webpack.Progress] 59% building 411/434 modules 23 active D:\twice-market-master\frontend\node_modules\core-js\internals\iterator-close-all.js
<s> [webpack.Progress] 59% building 411/435 modules 24 active D:\twice-market-master\frontend\node_modules\vue-loader\lib\loaders\pitcher.js??ref--4!D:\twice-market-master\frontend\node_modules\cache-loader\dist\cjs.js??ref--13-0!D:\twice-market-master\frontend\node_modules\babel-loader\lib\index.js!D:\twice-market-master\frontend\node_modules\cache-loader\dist\cjs.js??ref--1-0!D:\twice-market-master\frontend\node_modules\vue-loader\lib\index.js??vue-loader-options!D:\twice-market-master\frontend\src\components\loading.vue?vue&type=script&lang=js
<s> [webpack.Progress] 59% building 412/435 modules 23 active D:\twice-market-master\frontend\node_modules\core-js\internals\iterator-close-all.js
<s> [webpack.Progress] 59% building 412/436 modules 24 active D:\twice-market-master\frontend\node_modules\vue-loader\lib\loaders\pitcher.js??ref--4!D:\twice-market-master\frontend\node_modules\vue-style-loader\index.js??ref--7-oneOf-1-0!D:\twice-market-master\frontend\node_modules\css-loader\dist\cjs.js??ref--7-oneOf-1-1!D:\twice-market-master\frontend\node_modules\postcss-loader\src\index.js??ref--7-oneOf-1-2!D:\twice-market-master\frontend\node_modules\cache-loader\dist\cjs.js??ref--1-0!D:\twice-market-master\frontend\node_modules\vue-loader\lib\index.js??vue-loader-options!D:\twice-market-master\frontend\src\components\loading.vue?vue&type=style&index=0&id=24a16d5c&scoped=true&lang=css
<s> [webpack.Progress] 59% building 413/436 modules 23 active D:\twice-market-master\frontend\node_modules\core-js\internals\iterator-close-all.js
<s> [webpack.Progress] 59% building 413/437 modules 24 active D:\twice-market-master\frontend\node_modules\cache-loader\dist\cjs.js??ref--13-0!D:\twice-market-master\frontend\node_modules\babel-loader\lib\index.js!D:\twice-market-master\frontend\node_modules\cache-loader\dist\cjs.js??ref--1-0!D:\twice-market-master\frontend\node_modules\vue-loader\lib\index.js??vue-loader-options!D:\twice-market-master\frontend\src\components\loading.vue?vue&type=script&lang=js
<s> [webpack.Progress] 59% building 413/438 modules 25 active D:\twice-market-master\frontend\node_modules\cache-loader\dist\cjs.js?{"cacheDirectory":"node_modules/.cache/vue-loader","cacheIdentifier":"23271c7c-vue-loader-template"}!D:\twice-market-master\frontend\node_modules\cache-loader\dist\cjs.js??ref--13-0!D:\twice-market-master\frontend\node_modules\babel-loader\lib\index.js!D:\twice-market-master\frontend\node_modules\vue-loader\lib\loaders\templateLoader.js??ref--6!D:\twice-market-master\frontend\node_modules\cache-loader\dist\cjs.js??ref--1-0!D:\twice-market-master\frontend\node_modules\vue-loader\lib\index.js??vue-loader-options!D:\twice-market-master\frontend\src\components\loading.vue?vue&type=template&id=24a16d5c&scoped=true
<s> [webpack.Progress] 59% building 413/439 modules 26 active D:\twice-market-master\frontend\node_modules\vue-style-loader\index.js??ref--7-oneOf-1-0!D:\twice-market-master\frontend\node_modules\css-loader\dist\cjs.js??ref--7-oneOf-1-1!D:\twice-market-master\frontend\node_modules\vue-loader\lib\loaders\stylePostLoader.js!D:\twice-market-master\frontend\node_modules\postcss-loader\src\index.js??ref--7-oneOf-1-2!D:\twice-market-master\frontend\node_modules\cache-loader\dist\cjs.js??ref--1-0!D:\twice-market-master\frontend\node_modules\vue-loader\lib\index.js??vue-loader-options!D:\twice-market-master\frontend\src\components\loading.vue?vue&type=style&index=0&id=24a16d5c&scoped=true&lang=css
<s> [webpack.Progress] 59% building 414/439 modules 25 active D:\twice-market-master\frontend\node_modules\cache-loader\dist\cjs.js?{"cacheDirectory":"node_modules/.cache/vue-loader","cacheIdentifier":"23271c7c-vue-loader-template"}!D:\twice-market-master\frontend\node_modules\cache-loader\dist\cjs.js??ref--13-0!D:\twice-market-master\frontend\node_modules\babel-loader\lib\index.js!D:\twice-market-master\frontend\node_modules\vue-loader\lib\loaders\templateLoader.js??ref--6!D:\twice-market-master\frontend\node_modules\cache-loader\dist\cjs.js??ref--1-0!D:\twice-market-master\frontend\node_modules\vue-loader\lib\index.js??vue-loader-options!D:\twice-market-master\frontend\src\components\loading.vue?vue&type=template&id=24a16d5c&scoped=true
<s> [webpack.Progress] 59% building 414/440 modules 26 active D:\twice-market-master\frontend\node_modules\css-loader\dist\cjs.js??ref--7-oneOf-1-1!D:\twice-market-master\frontend\node_modules\vue-loader\lib\loaders\stylePostLoader.js!D:\twice-market-master\frontend\node_modules\postcss-loader\src\index.js??ref--7-oneOf-1-2!D:\twice-market-master\frontend\node_modules\cache-loader\dist\cjs.js??ref--1-0!D:\twice-market-master\frontend\node_modules\vue-loader\lib\index.js??vue-loader-options!D:\twice-market-master\frontend\src\components\loading.vue?vue&type=style&index=0&id=24a16d5c&scoped=true&lang=css
<s> [webpack.Progress] 59% building 414/441 modules 27 active D:\twice-market-master\frontend\node_modules\core-js\internals\object-set-prototype-of.js
<s> [webpack.Progress] 59% building 414/442 modules 28 active D:\twice-market-master\frontend\node_modules\core-js\internals\inherit-if-required.js
<s> [webpack.Progress] 59% building 414/443 modules 29 active D:\twice-market-master\frontend\node_modules\core-js\internals\proxy-accessor.js
<s> [webpack.Progress] 59% building 414/444 modules 30 active D:\twice-market-master\frontend\node_modules\core-js\internals\error-stack-install.js
<s> [webpack.Progress] 59% building 414/445 modules 31 active D:\twice-market-master\frontend\node_modules\core-js\internals\install-error-cause.js
<s> [webpack.Progress] 59% building 415/445 modules 30 active D:\twice-market-master\frontend\node_modules\core-js\internals\install-error-cause.js
<s> [webpack.Progress] 59% building 415/446 modules 31 active D:\twice-market-master\frontend\node_modules\core-js\internals\normalize-string-argument.js
<s> [webpack.Progress] 59% building 415/447 modules 32 active D:\twice-market-master\frontend\node_modules\axios\lib\core\enhanceError.js
<s> [webpack.Progress] 59% building 416/447 modules 31 active D:\twice-market-master\frontend\node_modules\axios\lib\core\enhanceError.js
<s> [webpack.Progress] 59% building 416/448 modules 32 active D:\twice-market-master\frontend\node_modules\axios\lib\helpers\normalizeHeaderName.js
<s> [webpack.Progress] 59% building 416/449 modules 33 active D:\twice-market-master\frontend\node_modules\core-js\internals\function-bind-context.js
<s> [webpack.Progress] 59% building 416/450 modules 34 active D:\twice-market-master\frontend\node_modules\core-js\internals\is-array-iterator-method.js
<s> [webpack.Progress] 59% building 416/451 modules 35 active D:\twice-market-master\frontend\node_modules\core-js\internals\get-iterator.js
<s> [webpack.Progress] 59% building 416/452 modules 36 active D:\twice-market-master\frontend\node_modules\core-js\internals\get-iterator-method.js
<s> [webpack.Progress] 60% building 417/452 modules 35 active D:\twice-market-master\frontend\node_modules\core-js\internals\get-iterator-method.js
<s> [webpack.Progress] 60% building 418/452 modules 34 active D:\twice-market-master\frontend\node_modules\core-js\internals\get-iterator-method.js
<s> [webpack.Progress] 60% building 419/452 modules 33 active D:\twice-market-master\frontend\node_modules\core-js\internals\get-iterator-method.js
<s> [webpack.Progress] 60% building 420/452 modules 32 active D:\twice-market-master\frontend\node_modules\core-js\internals\get-iterator-method.js
<s> [webpack.Progress] 60% building 421/452 modules 31 active D:\twice-market-master\frontend\node_modules\core-js\internals\get-iterator-method.js
<s> [webpack.Progress] 60% building 422/452 modules 30 active D:\twice-market-master\frontend\node_modules\core-js\internals\get-iterator-method.js
<s> [webpack.Progress] 60% building 423/452 modules 29 active D:\twice-market-master\frontend\node_modules\core-js\internals\get-iterator-method.js
<s> [webpack.Progress] 60% building 424/452 modules 28 active D:\twice-market-master\frontend\node_modules\core-js\internals\get-iterator-method.js
<s> [webpack.Progress] 61% building 425/452 modules 27 active D:\twice-market-master\frontend\node_modules\core-js\internals\get-iterator-method.js
<s> [webpack.Progress] 61% building 425/453 modules 28 active D:\twice-market-master\frontend\node_modules\axios\lib\core\InterceptorManager.js
<s> [webpack.Progress] 61% building 426/453 modules 27 active D:\twice-market-master\frontend\node_modules\axios\lib\core\InterceptorManager.js
<s> [webpack.Progress] 61% building 426/454 modules 28 active D:\twice-market-master\frontend\node_modules\url\node_modules\qs\lib\utils.js
<s> [webpack.Progress] 61% building 427/454 modules 27 active D:\twice-market-master\frontend\node_modules\url\node_modules\qs\lib\utils.js
<s> [webpack.Progress] 61% building 427/455 modules 28 active D:\twice-market-master\frontend\node_modules\axios\lib\core\dispatchRequest.js
<s> [webpack.Progress] 61% building 428/455 modules 27 active D:\twice-market-master\frontend\node_modules\axios\lib\core\dispatchRequest.js
<s> [webpack.Progress] 61% building 429/455 modules 26 active D:\twice-market-master\frontend\node_modules\axios\lib\core\dispatchRequest.js
<s> [webpack.Progress] 61% building 430/455 modules 25 active D:\twice-market-master\frontend\node_modules\axios\lib\core\dispatchRequest.js
<s> [webpack.Progress] 61% building 430/456 modules 26 active D:\twice-market-master\frontend\node_modules\axios\lib\helpers\buildURL.js
<s> [webpack.Progress] 61% building 430/457 modules 27 active D:\twice-market-master\frontend\node_modules\axios\lib\helpers\validator.js
<s> [webpack.Progress] 61% building 430/458 modules 28 active D:\twice-market-master\frontend\node_modules\node-libs-browser\mock\process.js
<s> [webpack.Progress] 61% building 431/458 modules 27 active D:\twice-market-master\frontend\node_modules\node-libs-browser\mock\process.js
<s> [webpack.Progress] 61% building 431/459 modules 28 active D:\twice-market-master\frontend\node_modules\axios\lib\adapters\xhr.js
<s> [webpack.Progress] 61% building 432/459 modules 27 active D:\twice-market-master\frontend\node_modules\axios\lib\adapters\xhr.js
<s> [webpack.Progress] 61% building 433/459 modules 26 active D:\twice-market-master\frontend\node_modules\axios\lib\adapters\xhr.js
<s> [webpack.Progress] 62% building 434/459 modules 25 active D:\twice-market-master\frontend\node_modules\axios\lib\adapters\xhr.js
<s> [webpack.Progress] 62% building 435/459 modules 24 active D:\twice-market-master\frontend\node_modules\axios\lib\adapters\xhr.js
<s> [webpack.Progress] 62% building 436/459 modules 23 active D:\twice-market-master\frontend\node_modules\axios\lib\adapters\xhr.js
<s> [webpack.Progress] 62% building 437/459 modules 22 active D:\twice-market-master\frontend\node_modules\axios\lib\adapters\xhr.js
<s> [webpack.Progress] 62% building 438/459 modules 21 active D:\twice-market-master\frontend\node_modules\axios\lib\adapters\xhr.js
<s> [webpack.Progress] 62% building 439/459 modules 20 active D:\twice-market-master\frontend\node_modules\axios\lib\adapters\xhr.js
<s> [webpack.Progress] 62% building 440/459 modules 19 active D:\twice-market-master\frontend\node_modules\axios\lib\adapters\xhr.js
<s> [webpack.Progress] 62% building 441/459 modules 18 active D:\twice-market-master\frontend\node_modules\axios\lib\adapters\xhr.js
<s> [webpack.Progress] 63% building 442/459 modules 17 active D:\twice-market-master\frontend\node_modules\axios\lib\adapters\xhr.js
<s> [webpack.Progress] 63% building 443/459 modules 16 active D:\twice-market-master\frontend\node_modules\axios\lib\adapters\xhr.js
<s> [webpack.Progress] 63% building 444/459 modules 15 active D:\twice-market-master\frontend\node_modules\axios\lib\adapters\xhr.js
<s> [webpack.Progress] 63% building 445/459 modules 14 active D:\twice-market-master\frontend\node_modules\axios\lib\adapters\xhr.js
<s> [webpack.Progress] 63% building 446/459 modules 13 active D:\twice-market-master\frontend\node_modules\axios\lib\adapters\xhr.js
<s> [webpack.Progress] 63% building 446/460 modules 14 active D:\twice-market-master\frontend\node_modules\async-validator\es\messages.js
<s> [webpack.Progress] 63% building 447/460 modules 13 active D:\twice-market-master\frontend\node_modules\async-validator\es\messages.js
<s> [webpack.Progress] 63% building 447/461 modules 14 active D:\twice-market-master\frontend\node_modules\async-validator\es\util.js
<s> [webpack.Progress] 63% building 448/461 modules 13 active D:\twice-market-master\frontend\node_modules\async-validator\es\util.js
<s> [webpack.Progress] 63% building 449/461 modules 12 active D:\twice-market-master\frontend\node_modules\async-validator\es\util.js
<s> [webpack.Progress] 64% building 450/461 modules 11 active D:\twice-market-master\frontend\node_modules\async-validator\es\util.js
<s> [webpack.Progress] 64% building 451/461 modules 10 active D:\twice-market-master\frontend\node_modules\async-validator\es\util.js
<s> [webpack.Progress] 64% building 452/461 modules 9 active D:\twice-market-master\frontend\node_modules\async-validator\es\util.js
<s> [webpack.Progress] 64% building 452/462 modules 10 active D:\twice-market-master\frontend\node_modules\echarts\lib\extension.js
<s> [webpack.Progress] 64% building 452/463 modules 11 active D:\twice-market-master\frontend\node_modules\echarts\lib\export\charts.js
<s> [webpack.Progress] 64% building 452/464 modules 12 active D:\twice-market-master\frontend\node_modules\echarts\lib\export\core.js
<s> [webpack.Progress] 64% building 452/465 modules 13 active D:\twice-market-master\frontend\node_modules\echarts\lib\export\renderers.js
<s> [webpack.Progress] 64% building 452/466 modules 14 active D:\twice-market-master\frontend\node_modules\echarts\lib\export\features.js
<s> [webpack.Progress] 64% building 452/467 modules 15 active D:\twice-market-master\frontend\node_modules\echarts\lib\export\components.js
<s> [webpack.Progress] 64% building 453/467 modules 14 active D:\twice-market-master\frontend\node_modules\echarts\lib\export\components.js
<s> [webpack.Progress] 64% building 454/467 modules 13 active D:\twice-market-master\frontend\node_modules\echarts\lib\export\components.js
<s> [webpack.Progress] 64% building 455/467 modules 12 active D:\twice-market-master\frontend\node_modules\echarts\lib\export\components.js
<s> [webpack.Progress] 64% building 456/467 modules 11 active D:\twice-market-master\frontend\node_modules\echarts\lib\export\components.js
<s> [webpack.Progress] 64% building 457/467 modules 10 active D:\twice-market-master\frontend\node_modules\echarts\lib\export\components.js
<s> [webpack.Progress] 64% building 458/467 modules 9 active D:\twice-market-master\frontend\node_modules\echarts\lib\export\components.js
<s> [webpack.Progress] 65% building 459/467 modules 8 active D:\twice-market-master\frontend\node_modules\echarts\lib\export\components.js
<s> [webpack.Progress] 65% building 459/468 modules 9 active D:\twice-market-master\frontend\node_modules\normalize-wheel\src\isEventSupported.js
<s> [webpack.Progress] 65% building 459/469 modules 10 active D:\twice-market-master\frontend\node_modules\normalize-wheel\src\UserAgent_DEPRECATED.js
<s> [webpack.Progress] 65% building 459/470 modules 11 active D:\twice-market-master\frontend\node_modules\async-validator\es\validator\index.js
<s> [webpack.Progress] 65% building 460/470 modules 10 active D:\twice-market-master\frontend\node_modules\async-validator\es\validator\index.js
<s> [webpack.Progress] 65% building 461/470 modules 9 active D:\twice-market-master\frontend\node_modules\async-validator\es\validator\index.js
<s> [webpack.Progress] 65% building 461/471 modules 10 active D:\twice-market-master\frontend\node_modules\deepmerge\dist\cjs.js
<s> [webpack.Progress] 65% building 461/472 modules 11 active D:\twice-market-master\frontend\node_modules\core-js\internals\object-define-properties.js
<s> [webpack.Progress] 65% building 461/473 modules 12 active D:\twice-market-master\frontend\node_modules\core-js\internals\shared-store.js
<s> [webpack.Progress] 65% building 461/474 modules 13 active D:\twice-market-master\frontend\node_modules\core-js\internals\hidden-keys.js
<s> [webpack.Progress] 65% building 461/475 modules 14 active D:\twice-market-master\frontend\node_modules\core-js\internals\enum-bug-keys.js
<s> [webpack.Progress] 65% building 461/476 modules 15 active D:\twice-market-master\frontend\node_modules\core-js\internals\object-keys-internal.js
<s> [webpack.Progress] 65% building 461/477 modules 16 active D:\twice-market-master\frontend\node_modules\core-js\internals\html.js
<s> [webpack.Progress] 65% building 461/478 modules 17 active D:\twice-market-master\frontend\node_modules\core-js\internals\weak-map-basic-detection.js
<s> [webpack.Progress] 65% building 462/478 modules 16 active D:\twice-market-master\frontend\node_modules\core-js\internals\weak-map-basic-detection.js
<s> [webpack.Progress] 65% building 463/478 modules 15 active D:\twice-market-master\frontend\node_modules\core-js\internals\weak-map-basic-detection.js
<s> [webpack.Progress] 65% building 464/478 modules 14 active D:\twice-market-master\frontend\node_modules\core-js\internals\weak-map-basic-detection.js
<s> [webpack.Progress] 65% building 465/478 modules 13 active D:\twice-market-master\frontend\node_modules\core-js\internals\weak-map-basic-detection.js
<s> [webpack.Progress] 65% building 466/478 modules 12 active D:\twice-market-master\frontend\node_modules\core-js\internals\weak-map-basic-detection.js
<s> [webpack.Progress] 66% building 467/478 modules 11 active D:\twice-market-master\frontend\node_modules\core-js\internals\weak-map-basic-detection.js
<s> [webpack.Progress] 66% building 467/479 modules 12 active D:\twice-market-master\frontend\node_modules\core-js\internals\ordinary-to-primitive.js
<s> [webpack.Progress] 66% building 467/480 modules 13 active D:\twice-market-master\frontend\node_modules\core-js\internals\function-uncurry-this-accessor.js
<s> [webpack.Progress] 66% building 467/481 modules 14 active D:\twice-market-master\frontend\node_modules\core-js\internals\a-possible-prototype.js
<s> [webpack.Progress] 66% building 468/481 modules 13 active D:\twice-market-master\frontend\node_modules\core-js\internals\a-possible-prototype.js
<s> [webpack.Progress] 66% building 469/481 modules 12 active D:\twice-market-master\frontend\node_modules\core-js\internals\a-possible-prototype.js
<s> [webpack.Progress] 66% building 469/482 modules 13 active D:\twice-market-master\frontend\node_modules\core-js\internals\error-stack-clear.js
<s> [webpack.Progress] 66% building 470/482 modules 12 active D:\twice-market-master\frontend\node_modules\core-js\internals\error-stack-clear.js
<s> [webpack.Progress] 66% building 470/483 modules 13 active D:\twice-market-master\frontend\node_modules\core-js\internals\error-stack-installable.js
<s> [webpack.Progress] 66% building 470/484 modules 14 active D:\twice-market-master\frontend\node_modules\babel-runtime\helpers\typeof.js
<s> [webpack.Progress] 66% building 470/485 modules 15 active D:\twice-market-master\frontend\node_modules\babel-runtime\helpers\extends.js
<s> [webpack.Progress] 66% building 470/486 modules 16 active D:\twice-market-master\frontend\node_modules\core-js\internals\function-uncurry-this-clause.js
<s> [webpack.Progress] 66% building 470/487 modules 17 active D:\twice-market-master\frontend\node_modules\core-js\internals\iterators.js
<s> [webpack.Progress] 66% building 470/488 modules 18 active D:\twice-market-master\frontend\node_modules\echarts\lib\export\api.js
<s> [webpack.Progress] 66% building 471/488 modules 17 active D:\twice-market-master\frontend\node_modules\echarts\lib\export\api.js
<s> [webpack.Progress] 66% building 472/488 modules 16 active D:\twice-market-master\frontend\node_modules\echarts\lib\export\api.js
<s> [webpack.Progress] 66% building 473/488 modules 15 active D:\twice-market-master\frontend\node_modules\echarts\lib\export\api.js
<s> [webpack.Progress] 66% building 474/488 modules 14 active D:\twice-market-master\frontend\node_modules\echarts\lib\export\api.js
<s> [webpack.Progress] 67% building 475/488 modules 13 active D:\twice-market-master\frontend\node_modules\echarts\lib\export\api.js
<s> [webpack.Progress] 67% building 475/489 modules 14 active D:\twice-market-master\frontend\node_modules\axios\lib\core\transformData.js
<s> [webpack.Progress] 67% building 476/489 modules 13 active D:\twice-market-master\frontend\node_modules\axios\lib\core\transformData.js
<s> [webpack.Progress] 67% building 477/489 modules 12 active D:\twice-market-master\frontend\node_modules\axios\lib\core\transformData.js
<s> [webpack.Progress] 67% building 477/490 modules 13 active D:\twice-market-master\frontend\node_modules\axios\lib\core\settle.js
<s> [webpack.Progress] 67% building 478/490 modules 12 active D:\twice-market-master\frontend\node_modules\axios\lib\core\settle.js
<s> [webpack.Progress] 67% building 478/491 modules 13 active D:\twice-market-master\frontend\node_modules\axios\lib\core\buildFullPath.js
<s> [webpack.Progress] 67% building 478/492 modules 14 active D:\twice-market-master\frontend\node_modules\axios\lib\core\createError.js
<s> [webpack.Progress] 67% building 478/493 modules 15 active D:\twice-market-master\frontend\node_modules\axios\lib\helpers\parseHeaders.js
<s> [webpack.Progress] 67% building 478/494 modules 16 active D:\twice-market-master\frontend\node_modules\axios\lib\helpers\cookies.js
<s> [webpack.Progress] 67% building 478/495 modules 17 active D:\twice-market-master\frontend\node_modules\axios\lib\helpers\isURLSameOrigin.js
<s> [webpack.Progress] 67% building 478/496 modules 18 active D:\twice-market-master\frontend\node_modules\path-browserify\index.js
<s> [webpack.Progress] 67% building 479/496 modules 17 active D:\twice-market-master\frontend\node_modules\path-browserify\index.js
<s> [webpack.Progress] 67% building 479/497 modules 18 active D:\twice-market-master\frontend\node_modules\echarts\lib\view\Chart.js
<s> [webpack.Progress] 67% building 479/498 modules 19 active D:\twice-market-master\frontend\node_modules\echarts\lib\view\Component.js
<s> [webpack.Progress] 67% building 479/499 modules 20 active D:\twice-market-master\frontend\node_modules\echarts\lib\core\echarts.js
<s> [webpack.Progress] 67% building 479/500 modules 21 active D:\twice-market-master\frontend\node_modules\echarts\lib\core\impl.js
<s> [webpack.Progress] 67% building 479/501 modules 22 active D:\twice-market-master\frontend\node_modules\echarts\lib\model\Series.js
<s> [webpack.Progress] 67% building 479/502 modules 23 active D:\twice-market-master\frontend\node_modules\echarts\lib\model\Component.js
<s> [webpack.Progress] 67% building 479/503 modules 24 active D:\twice-market-master\frontend\node_modules\echarts\lib\label\installLabelLayout.js
<s> [webpack.Progress] 67% building 479/504 modules 25 active D:\twice-market-master\frontend\node_modules\echarts\lib\renderer\installSVGRenderer.js
<s> [webpack.Progress] 66% building 479/505 modules 26 active D:\twice-market-master\frontend\node_modules\echarts\lib\renderer\installCanvasRenderer.js
<s> [webpack.Progress] 67% building 480/505 modules 25 active D:\twice-market-master\frontend\node_modules\echarts\lib\renderer\installCanvasRenderer.js
<s> [webpack.Progress] 66% building 480/506 modules 26 active D:\twice-market-master\frontend\node_modules\echarts\lib\animation\universalTransition.js
<s> [webpack.Progress] 67% building 481/506 modules 25 active D:\twice-market-master\frontend\node_modules\echarts\lib\animation\universalTransition.js
<s> [webpack.Progress] 67% building 482/506 modules 24 active D:\twice-market-master\frontend\node_modules\echarts\lib\animation\universalTransition.js
<s> [webpack.Progress] 67% building 483/506 modules 23 active D:\twice-market-master\frontend\node_modules\echarts\lib\animation\universalTransition.js
<s> [webpack.Progress] 67% building 484/506 modules 22 active D:\twice-market-master\frontend\node_modules\echarts\lib\animation\universalTransition.js
<s> [webpack.Progress] 67% building 485/506 modules 21 active D:\twice-market-master\frontend\node_modules\echarts\lib\animation\universalTransition.js
<s> [webpack.Progress] 67% building 486/506 modules 20 active D:\twice-market-master\frontend\node_modules\echarts\lib\animation\universalTransition.js
<s> [webpack.Progress] 67% building 487/506 modules 19 active D:\twice-market-master\frontend\node_modules\echarts\lib\animation\universalTransition.js
<s> [webpack.Progress] 67% building 488/506 modules 18 active D:\twice-market-master\frontend\node_modules\echarts\lib\animation\universalTransition.js
<s> [webpack.Progress] 67% building 488/507 modules 19 active D:\twice-market-master\frontend\node_modules\echarts\lib\component\geo\install.js
<s> [webpack.Progress] 67% building 488/508 modules 20 active D:\twice-market-master\frontend\node_modules\echarts\lib\component\grid\installSimple.js
<s> [webpack.Progress] 67% building 488/509 modules 21 active D:\twice-market-master\frontend\node_modules\echarts\lib\component\grid\install.js
<s> [webpack.Progress] 67% building 488/510 modules 22 active D:\twice-market-master\frontend\node_modules\echarts\lib\component\singleAxis\install.js
<s> [webpack.Progress] 67% building 488/511 modules 23 active D:\twice-market-master\frontend\node_modules\echarts\lib\component\radar\install.js
<s> [webpack.Progress] 67% building 488/512 modules 24 active D:\twice-market-master\frontend\node_modules\echarts\lib\component\polar\install.js
<s> [webpack.Progress] 67% building 488/513 modules 25 active D:\twice-market-master\frontend\node_modules\echarts\lib\component\tooltip\install.js
<s> [webpack.Progress] 66% building 488/514 modules 26 active D:\twice-market-master\frontend\node_modules\echarts\lib\component\graphic\install.js
<s> [webpack.Progress] 66% building 488/515 modules 27 active D:\twice-market-master\frontend\node_modules\echarts\lib\component\parallel\install.js
<s> [webpack.Progress] 66% building 488/516 modules 28 active D:\twice-market-master\frontend\node_modules\echarts\lib\component\calendar\install.js
<s> [webpack.Progress] 66% building 488/517 modules 29 active D:\twice-market-master\frontend\node_modules\echarts\lib\component\toolbox\install.js
<s> [webpack.Progress] 66% building 488/518 modules 30 active D:\twice-market-master\frontend\node_modules\echarts\lib\component\axisPointer\install.js
<s> [webpack.Progress] 66% building 488/519 modules 31 active D:\twice-market-master\frontend\node_modules\echarts\lib\component\brush\install.js
<s> [webpack.Progress] 66% building 488/520 modules 32 active D:\twice-market-master\frontend\node_modules\echarts\lib\component\marker\installMarkLine.js
<s> [webpack.Progress] 66% building 488/521 modules 33 active D:\twice-market-master\frontend\node_modules\echarts\lib\component\marker\installMarkPoint.js
<s> [webpack.Progress] 66% building 488/522 modules 34 active D:\twice-market-master\frontend\node_modules\echarts\lib\component\marker\installMarkArea.js
<s> [webpack.Progress] 65% building 488/523 modules 35 active D:\twice-market-master\frontend\node_modules\echarts\lib\component\title\install.js
<s> [webpack.Progress] 65% building 488/524 modules 36 active D:\twice-market-master\frontend\node_modules\echarts\lib\component\visualMap\install.js
<s> [webpack.Progress] 65% building 488/525 modules 37 active D:\twice-market-master\frontend\node_modules\echarts\lib\component\visualMap\installVisualMapContinuous.js
<s> [webpack.Progress] 65% building 488/526 modules 38 active D:\twice-market-master\frontend\node_modules\echarts\lib\component\visualMap\installVisualMapPiecewise.js
<s> [webpack.Progress] 65% building 488/527 modules 39 active D:\twice-market-master\frontend\node_modules\echarts\lib\component\timeline\install.js
<s> [webpack.Progress] 65% building 488/528 modules 40 active D:\twice-market-master\frontend\node_modules\echarts\lib\component\legend\install.js
<s> [webpack.Progress] 65% building 488/529 modules 41 active D:\twice-market-master\frontend\node_modules\echarts\lib\component\legend\installLegendScroll.js
<s> [webpack.Progress] 65% building 488/530 modules 42 active D:\twice-market-master\frontend\node_modules\echarts\lib\component\legend\installLegendPlain.js
<s> [webpack.Progress] 65% building 488/531 modules 43 active D:\twice-market-master\frontend\node_modules\echarts\lib\component\aria\install.js
<s> [webpack.Progress] 65% building 488/532 modules 44 active D:\twice-market-master\frontend\node_modules\echarts\lib\component\dataset\install.js
<s> [webpack.Progress] 64% building 488/533 modules 45 active D:\twice-market-master\frontend\node_modules\echarts\lib\component\transform\install.js
<s> [webpack.Progress] 64% building 488/534 modules 46 active D:\twice-market-master\frontend\node_modules\echarts\lib\component\dataZoom\installDataZoomInside.js
<s> [webpack.Progress] 64% building 488/535 modules 47 active D:\twice-market-master\frontend\node_modules\echarts\lib\component\dataZoom\install.js
<s> [webpack.Progress] 64% building 488/536 modules 48 active D:\twice-market-master\frontend\node_modules\echarts\lib\component\dataZoom\installDataZoomSlider.js
<s> [webpack.Progress] 64% building 489/536 modules 47 active D:\twice-market-master\frontend\node_modules\echarts\lib\component\dataZoom\installDataZoomSlider.js
<s> [webpack.Progress] 64% building 489/537 modules 48 active D:\twice-market-master\frontend\node_modules\echarts\lib\chart\line\install.js
<s> [webpack.Progress] 64% building 489/538 modules 49 active D:\twice-market-master\frontend\node_modules\echarts\lib\chart\bar\installPictorialBar.js
<s> [webpack.Progress] 64% building 489/539 modules 50 active D:\twice-market-master\frontend\node_modules\echarts\lib\chart\bar\install.js
<s> [webpack.Progress] 64% building 489/540 modules 51 active D:\twice-market-master\frontend\node_modules\echarts\lib\chart\radar\install.js
<s> [webpack.Progress] 64% building 489/541 modules 52 active D:\twice-market-master\frontend\node_modules\echarts\lib\chart\scatter\install.js
<s> [webpack.Progress] 64% building 489/542 modules 53 active D:\twice-market-master\frontend\node_modules\echarts\lib\chart\pie\install.js
<s> [webpack.Progress] 64% building 489/543 modules 54 active D:\twice-market-master\frontend\node_modules\echarts\lib\chart\tree\install.js
<s> [webpack.Progress] 63% building 489/544 modules 55 active D:\twice-market-master\frontend\node_modules\echarts\lib\chart\map\install.js
<s> [webpack.Progress] 63% building 489/545 modules 56 active D:\twice-market-master\frontend\node_modules\echarts\lib\chart\treemap\install.js
<s> [webpack.Progress] 63% building 489/546 modules 57 active D:\twice-market-master\frontend\node_modules\echarts\lib\chart\gauge\install.js
<s> [webpack.Progress] 63% building 489/547 modules 58 active D:\twice-market-master\frontend\node_modules\echarts\lib\chart\funnel\install.js
<s> [webpack.Progress] 63% building 489/548 modules 59 active D:\twice-market-master\frontend\node_modules\echarts\lib\chart\graph\install.js
<s> [webpack.Progress] 63% building 489/549 modules 60 active D:\twice-market-master\frontend\node_modules\echarts\lib\chart\parallel\install.js
<s> [webpack.Progress] 63% building 489/550 modules 61 active D:\twice-market-master\frontend\node_modules\echarts\lib\chart\boxplot\install.js
<s> [webpack.Progress] 63% building 489/551 modules 62 active D:\twice-market-master\frontend\node_modules\echarts\lib\chart\sankey\install.js
<s> [webpack.Progress] 63% building 489/552 modules 63 active D:\twice-market-master\frontend\node_modules\echarts\lib\chart\effectScatter\install.js
<s> [webpack.Progress] 63% building 489/553 modules 64 active D:\twice-market-master\frontend\node_modules\echarts\lib\chart\heatmap\install.js
<s> [webpack.Progress] 62% building 489/554 modules 65 active D:\twice-market-master\frontend\node_modules\echarts\lib\chart\lines\install.js
<s> [webpack.Progress] 62% building 489/555 modules 66 active D:\twice-market-master\frontend\node_modules\echarts\lib\chart\candlestick\install.js
<s> [webpack.Progress] 62% building 489/556 modules 67 active D:\twice-market-master\frontend\node_modules\echarts\lib\chart\themeRiver\install.js
<s> [webpack.Progress] 62% building 489/557 modules 68 active D:\twice-market-master\frontend\node_modules\echarts\lib\chart\sunburst\install.js
<s> [webpack.Progress] 62% building 489/558 modules 69 active D:\twice-market-master\frontend\node_modules\echarts\lib\chart\custom\install.js
<s> [webpack.Progress] 62% building 490/558 modules 68 active D:\twice-market-master\frontend\node_modules\echarts\lib\chart\custom\install.js
<s> [webpack.Progress] 62% building 490/559 modules 69 active D:\twice-market-master\frontend\node_modules\side-channel\index.js
<s> [webpack.Progress] 62% building 491/559 modules 68 active D:\twice-market-master\frontend\node_modules\side-channel\index.js
<s> [webpack.Progress] 62% building 492/559 modules 67 active D:\twice-market-master\frontend\node_modules\side-channel\index.js
<s> [webpack.Progress] 62% building 493/559 modules 66 active D:\twice-market-master\frontend\node_modules\side-channel\index.js
<s> [webpack.Progress] 63% building 494/559 modules 65 active D:\twice-market-master\frontend\node_modules\side-channel\index.js
<s> [webpack.Progress] 63% building 495/559 modules 64 active D:\twice-market-master\frontend\node_modules\side-channel\index.js
<s> [webpack.Progress] 63% building 496/559 modules 63 active D:\twice-market-master\frontend\node_modules\side-channel\index.js
<s> [webpack.Progress] 63% building 496/560 modules 64 active D:\twice-market-master\frontend\node_modules\normalize-wheel\src\ExecutionEnvironment.js
<s> [webpack.Progress] 63% building 496/561 modules 65 active D:\twice-market-master\frontend\node_modules\async-validator\es\validator\string.js
<s> [webpack.Progress] 63% building 497/561 modules 64 active D:\twice-market-master\frontend\node_modules\async-validator\es\validator\string.js
<s> [webpack.Progress] 63% building 498/561 modules 63 active D:\twice-market-master\frontend\node_modules\async-validator\es\validator\string.js
<s> [webpack.Progress] 63% building 499/561 modules 62 active D:\twice-market-master\frontend\node_modules\async-validator\es\validator\string.js
<s> [webpack.Progress] 63% building 499/562 modules 63 active D:\twice-market-master\frontend\node_modules\async-validator\es\validator\required.js
<s> [webpack.Progress] 63% building 500/562 modules 62 active D:\twice-market-master\frontend\node_modules\async-validator\es\validator\required.js
<s> [webpack.Progress] 63% building 501/562 modules 61 active D:\twice-market-master\frontend\node_modules\async-validator\es\validator\required.js
<s> [webpack.Progress] 63% building 502/562 modules 60 active D:\twice-market-master\frontend\node_modules\async-validator\es\validator\required.js
<s> [webpack.Progress] 63% building 502/563 modules 61 active D:\twice-market-master\frontend\node_modules\async-validator\es\validator\method.js
<s> [webpack.Progress] 63% building 503/563 modules 60 active D:\twice-market-master\frontend\node_modules\async-validator\es\validator\method.js
<s> [webpack.Progress] 63% building 504/563 modules 59 active D:\twice-market-master\frontend\node_modules\async-validator\es\validator\method.js
<s> [webpack.Progress] 63% building 505/563 modules 58 active D:\twice-market-master\frontend\node_modules\async-validator\es\validator\method.js
<s> [webpack.Progress] 63% building 505/564 modules 59 active D:\twice-market-master\frontend\node_modules\async-validator\es\validator\type.js
<s> [webpack.Progress] 63% building 506/564 modules 58 active D:\twice-market-master\frontend\node_modules\async-validator\es\validator\type.js
<s> [webpack.Progress] 63% building 506/565 modules 59 active D:\twice-market-master\frontend\node_modules\zrender\lib\zrender.js
<s> [webpack.Progress] 63% building 506/566 modules 60 active D:\twice-market-master\frontend\node_modules\zrender\lib\core\util.js
<s> [webpack.Progress] 63% building 506/567 modules 61 active D:\twice-market-master\frontend\node_modules\echarts\lib\model\Model.js
<s> [webpack.Progress] 63% building 506/568 modules 62 active D:\twice-market-master\frontend\node_modules\zrender\lib\core\env.js
<s> [webpack.Progress] 63% building 506/569 modules 63 active D:\twice-market-master\frontend\node_modules\async-validator\es\validator\date.js
<s> [webpack.Progress] 63% building 506/570 modules 64 active D:\twice-market-master\frontend\node_modules\async-validator\es\validator\pattern.js
<s> [webpack.Progress] 63% building 506/571 modules 65 active D:\twice-market-master\frontend\node_modules\core-js\internals\object-keys.js
<s> [webpack.Progress] 63% building 506/572 modules 66 active D:\twice-market-master\frontend\node_modules\async-validator\es\validator\enum.js
<s> [webpack.Progress] 62% building 506/573 modules 67 active D:\twice-market-master\frontend\node_modules\async-validator\es\validator\array.js
<s> [webpack.Progress] 62% building 506/574 modules 68 active D:\twice-market-master\frontend\node_modules\async-validator\es\validator\object.js
<s> [webpack.Progress] 62% building 506/575 modules 69 active D:\twice-market-master\frontend\node_modules\async-validator\es\validator\float.js
<s> [webpack.Progress] 62% building 506/576 modules 70 active D:\twice-market-master\frontend\node_modules\core-js\internals\array-includes.js
<s> [webpack.Progress] 62% building 506/577 modules 71 active D:\twice-market-master\frontend\node_modules\async-validator\es\validator\integer.js
<s> [webpack.Progress] 62% building 507/577 modules 70 active D:\twice-market-master\frontend\node_modules\async-validator\es\validator\integer.js
<s> [webpack.Progress] 62% building 508/577 modules 69 active D:\twice-market-master\frontend\node_modules\async-validator\es\validator\integer.js
<s> [webpack.Progress] 62% building 509/577 modules 68 active D:\twice-market-master\frontend\node_modules\async-validator\es\validator\integer.js
<s> [webpack.Progress] 63% building 510/577 modules 67 active D:\twice-market-master\frontend\node_modules\async-validator\es\validator\integer.js
<s> [webpack.Progress] 63% building 511/577 modules 66 active D:\twice-market-master\frontend\node_modules\async-validator\es\validator\integer.js
<s> [webpack.Progress] 63% building 512/577 modules 65 active D:\twice-market-master\frontend\node_modules\async-validator\es\validator\integer.js
<s> [webpack.Progress] 63% building 513/577 modules 64 active D:\twice-market-master\frontend\node_modules\async-validator\es\validator\integer.js
<s> [webpack.Progress] 63% building 514/577 modules 63 active D:\twice-market-master\frontend\node_modules\async-validator\es\validator\integer.js
<s> [webpack.Progress] 63% building 515/577 modules 62 active D:\twice-market-master\frontend\node_modules\async-validator\es\validator\integer.js
<s> [webpack.Progress] 63% building 516/577 modules 61 active D:\twice-market-master\frontend\node_modules\async-validator\es\validator\integer.js
<s> [webpack.Progress] 63% building 517/577 modules 60 active D:\twice-market-master\frontend\node_modules\async-validator\es\validator\integer.js
<s> [webpack.Progress] 63% building 518/577 modules 59 active D:\twice-market-master\frontend\node_modules\async-validator\es\validator\integer.js
<s> [webpack.Progress] 63% building 519/577 modules 58 active D:\twice-market-master\frontend\node_modules\async-validator\es\validator\integer.js
<s> [webpack.Progress] 64% building 520/577 modules 57 active D:\twice-market-master\frontend\node_modules\async-validator\es\validator\integer.js
<s> [webpack.Progress] 64% building 521/577 modules 56 active D:\twice-market-master\frontend\node_modules\async-validator\es\validator\integer.js
<s> [webpack.Progress] 64% building 522/577 modules 55 active D:\twice-market-master\frontend\node_modules\async-validator\es\validator\integer.js
<s> [webpack.Progress] 64% building 523/577 modules 54 active D:\twice-market-master\frontend\node_modules\async-validator\es\validator\integer.js
<s> [webpack.Progress] 64% building 524/577 modules 53 active D:\twice-market-master\frontend\node_modules\async-validator\es\validator\integer.js
<s> [webpack.Progress] 64% building 525/577 modules 52 active D:\twice-market-master\frontend\node_modules\async-validator\es\validator\integer.js
<s> [webpack.Progress] 64% building 526/577 modules 51 active D:\twice-market-master\frontend\node_modules\async-validator\es\validator\integer.js
<s> [webpack.Progress] 64% building 527/577 modules 50 active D:\twice-market-master\frontend\node_modules\async-validator\es\validator\integer.js
<s> [webpack.Progress] 64% building 528/577 modules 49 active D:\twice-market-master\frontend\node_modules\async-validator\es\validator\integer.js
<s> [webpack.Progress] 65% building 529/577 modules 48 active D:\twice-market-master\frontend\node_modules\async-validator\es\validator\integer.js
<s> [webpack.Progress] 65% building 530/577 modules 47 active D:\twice-market-master\frontend\node_modules\async-validator\es\validator\integer.js
<s> [webpack.Progress] 65% building 531/577 modules 46 active D:\twice-market-master\frontend\node_modules\async-validator\es\validator\integer.js
<s> [webpack.Progress] 65% building 532/577 modules 45 active D:\twice-market-master\frontend\node_modules\async-validator\es\validator\integer.js
<s> [webpack.Progress] 65% building 533/577 modules 44 active D:\twice-market-master\frontend\node_modules\async-validator\es\validator\integer.js
<s> [webpack.Progress] 65% building 534/577 modules 43 active D:\twice-market-master\frontend\node_modules\async-validator\es\validator\integer.js
<s> [webpack.Progress] 65% building 535/577 modules 42 active D:\twice-market-master\frontend\node_modules\async-validator\es\validator\integer.js
<s> [webpack.Progress] 65% building 536/577 modules 41 active D:\twice-market-master\frontend\node_modules\async-validator\es\validator\integer.js
<s> [webpack.Progress] 65% building 537/577 modules 40 active D:\twice-market-master\frontend\node_modules\async-validator\es\validator\integer.js
<s> [webpack.Progress] 65% building 538/577 modules 39 active D:\twice-market-master\frontend\node_modules\async-validator\es\validator\integer.js
<s> [webpack.Progress] 66% building 539/577 modules 38 active D:\twice-market-master\frontend\node_modules\async-validator\es\validator\integer.js
<s> [webpack.Progress] 66% building 540/577 modules 37 active D:\twice-market-master\frontend\node_modules\async-validator\es\validator\integer.js
<s> [webpack.Progress] 66% building 541/577 modules 36 active D:\twice-market-master\frontend\node_modules\async-validator\es\validator\integer.js
<s> [webpack.Progress] 66% building 542/577 modules 35 active D:\twice-market-master\frontend\node_modules\async-validator\es\validator\integer.js
<s> [webpack.Progress] 66% building 543/577 modules 34 active D:\twice-market-master\frontend\node_modules\async-validator\es\validator\integer.js
<s> [webpack.Progress] 66% building 544/577 modules 33 active D:\twice-market-master\frontend\node_modules\async-validator\es\validator\integer.js
<s> [webpack.Progress] 66% building 545/577 modules 32 active D:\twice-market-master\frontend\node_modules\async-validator\es\validator\integer.js
<s> [webpack.Progress] 66% building 546/577 modules 31 active D:\twice-market-master\frontend\node_modules\async-validator\es\validator\integer.js
<s> [webpack.Progress] 66% building 547/577 modules 30 active D:\twice-market-master\frontend\node_modules\async-validator\es\validator\integer.js
<s> [webpack.Progress] 66% building 548/577 modules 29 active D:\twice-market-master\frontend\node_modules\async-validator\es\validator\integer.js
<s> [webpack.Progress] 67% building 549/577 modules 28 active D:\twice-market-master\frontend\node_modules\async-validator\es\validator\integer.js
<s> [webpack.Progress] 67% building 550/577 modules 27 active D:\twice-market-master\frontend\node_modules\async-validator\es\validator\integer.js
<s> [webpack.Progress] 67% building 551/577 modules 26 active D:\twice-market-master\frontend\node_modules\async-validator\es\validator\integer.js
<s> [webpack.Progress] 67% building 552/577 modules 25 active D:\twice-market-master\frontend\node_modules\async-validator\es\validator\integer.js
<s> [webpack.Progress] 67% building 553/577 modules 24 active D:\twice-market-master\frontend\node_modules\async-validator\es\validator\integer.js
<s> [webpack.Progress] 67% building 554/577 modules 23 active D:\twice-market-master\frontend\node_modules\async-validator\es\validator\integer.js
<s> [webpack.Progress] 67% building 555/577 modules 22 active D:\twice-market-master\frontend\node_modules\async-validator\es\validator\integer.js
<s> [webpack.Progress] 67% building 556/577 modules 21 active D:\twice-market-master\frontend\node_modules\async-validator\es\validator\integer.js
<s> [webpack.Progress] 67% building 557/577 modules 20 active D:\twice-market-master\frontend\node_modules\async-validator\es\validator\integer.js
<s> [webpack.Progress] 68% building 558/577 modules 19 active D:\twice-market-master\frontend\node_modules\async-validator\es\validator\integer.js
<s> [webpack.Progress] 67% building 558/578 modules 20 active D:\twice-market-master\frontend\node_modules\zrender\lib\core\platform.js
<s> [webpack.Progress] 67% building 558/579 modules 21 active D:\twice-market-master\frontend\node_modules\async-validator\es\validator\regexp.js
<s> [webpack.Progress] 67% building 559/579 modules 20 active D:\twice-market-master\frontend\node_modules\async-validator\es\validator\regexp.js
<s> [webpack.Progress] 67% building 559/580 modules 21 active D:\twice-market-master\frontend\node_modules\echarts\lib\data\SeriesData.js
<s> [webpack.Progress] 67% building 559/581 modules 22 active D:\twice-market-master\frontend\node_modules\echarts\lib\coord\Axis.js
<s> [webpack.Progress] 67% building 559/582 modules 23 active D:\twice-market-master\frontend\node_modules\zrender\lib\canvas\graphic.js
<s> [webpack.Progress] 67% building 559/583 modules 24 active D:\twice-market-master\frontend\node_modules\zrender\lib\canvas\Painter.js
<s> [webpack.Progress] 67% building 559/584 modules 25 active D:\twice-market-master\frontend\node_modules\async-validator\es\validator\number.js
<s> [webpack.Progress] 67% building 559/585 modules 26 active D:\twice-market-master\frontend\node_modules\async-validator\es\validator\boolean.js
<s> [webpack.Progress] 67% building 559/586 modules 27 active D:\twice-market-master\frontend\node_modules\echarts\lib\export\api\time.js
<s> [webpack.Progress] 67% building 559/587 modules 28 active D:\twice-market-master\frontend\node_modules\echarts\lib\export\api\util.js
<s> [webpack.Progress] 67% building 559/588 modules 29 active D:\twice-market-master\frontend\node_modules\echarts\lib\export\api\format.js
<s> [webpack.Progress] 66% building 559/589 modules 30 active D:\twice-market-master\frontend\node_modules\echarts\lib\export\api\graphic.js
<s> [webpack.Progress] 66% building 559/590 modules 31 active D:\twice-market-master\frontend\node_modules\echarts\lib\export\api\number.js
<s> [webpack.Progress] 66% building 560/590 modules 30 active D:\twice-market-master\frontend\node_modules\echarts\lib\export\api\number.js
<s> [webpack.Progress] 67% building 561/590 modules 29 active D:\twice-market-master\frontend\node_modules\echarts\lib\export\api\number.js
<s> [webpack.Progress] 66% building 561/591 modules 30 active D:\twice-market-master\frontend\node_modules\core-js\internals\is-possible-prototype.js
<s> [webpack.Progress] 67% building 562/591 modules 29 active D:\twice-market-master\frontend\node_modules\core-js\internals\is-possible-prototype.js
<s> [webpack.Progress] 67% building 563/591 modules 28 active D:\twice-market-master\frontend\node_modules\core-js\internals\is-possible-prototype.js
<s> [webpack.Progress] 67% building 563/592 modules 29 active D:\twice-market-master\frontend\node_modules\echarts\lib\animation\basicTransition.js
<s> [webpack.Progress] 67% building 564/592 modules 28 active D:\twice-market-master\frontend\node_modules\echarts\lib\animation\basicTransition.js
<s> [webpack.Progress] 67% building 564/593 modules 29 active D:\twice-market-master\frontend\node_modules\echarts\lib\coord\geo\parseGeoJson.js
<s> [webpack.Progress] 67% building 565/593 modules 28 active D:\twice-market-master\frontend\node_modules\echarts\lib\coord\geo\parseGeoJson.js
<s> [webpack.Progress] 67% building 566/593 modules 27 active D:\twice-market-master\frontend\node_modules\echarts\lib\coord\geo\parseGeoJson.js
<s> [webpack.Progress] 67% building 566/594 modules 28 active D:\twice-market-master\frontend\node_modules\zrender\lib\graphic\Group.js
<s> [webpack.Progress] 67% building 566/595 modules 29 active D:\twice-market-master\frontend\node_modules\zrender\lib\graphic\Displayable.js
<s> [webpack.Progress] 67% building 567/595 modules 28 active D:\twice-market-master\frontend\node_modules\zrender\lib\graphic\Displayable.js
<s> [webpack.Progress] 67% building 568/595 modules 27 active D:\twice-market-master\frontend\node_modules\zrender\lib\graphic\Displayable.js
<s> [webpack.Progress] 67% building 568/596 modules 28 active D:\twice-market-master\frontend\node_modules\echarts\lib\util\log.js
<s> [webpack.Progress] 67% building 568/597 modules 29 active D:\twice-market-master\frontend\node_modules\echarts\lib\util\model.js
<s> [webpack.Progress] 66% building 568/598 modules 30 active D:\twice-market-master\frontend\node_modules\zrender\lib\svg\Painter.js
<s> [webpack.Progress] 66% building 568/599 modules 31 active D:\twice-market-master\frontend\node_modules\echarts\lib\coord\geo\GeoModel.js
<s> [webpack.Progress] 66% building 568/600 modules 32 active D:\twice-market-master\frontend\node_modules\echarts\lib\component\marker\checkMarkerInSeries.js
<s> [webpack.Progress] 66% building 568/601 modules 33 active D:\twice-market-master\frontend\node_modules\echarts\lib\component\brush\preprocessor.js
<s> [webpack.Progress] 66% building 568/602 modules 34 active D:\twice-market-master\frontend\node_modules\echarts\lib\component\marker\MarkAreaView.js
<s> [webpack.Progress] 66% building 568/603 modules 35 active D:\twice-market-master\frontend\node_modules\echarts\lib\component\timeline\SliderTimelineModel.js
<s> [webpack.Progress] 66% building 568/604 modules 36 active D:\twice-market-master\frontend\node_modules\echarts\lib\component\visualMap\installCommon.js
<s> [webpack.Progress] 66% building 568/605 modules 37 active D:\twice-market-master\frontend\node_modules\echarts\lib\component\visualMap\ContinuousModel.js
<s> [webpack.Progress] 66% building 568/606 modules 38 active D:\twice-market-master\frontend\node_modules\echarts\lib\component\visualMap\PiecewiseModel.js
<s> [webpack.Progress] 66% building 568/607 modules 39 active D:\twice-market-master\frontend\node_modules\echarts\lib\component\legend\scrollableLegendAction.js
<s> [webpack.Progress] 66% building 568/608 modules 40 active D:\twice-market-master\frontend\node_modules\echarts\lib\component\dataZoom\SliderZoomModel.js
<s> [webpack.Progress] 65% building 568/609 modules 41 active D:\twice-market-master\frontend\node_modules\echarts\lib\component\transform\filterTransform.js
<s> [webpack.Progress] 65% building 568/610 modules 42 active D:\twice-market-master\frontend\node_modules\echarts\lib\component\dataZoom\InsideZoomModel.js
<s> [webpack.Progress] 65% building 568/611 modules 43 active D:\twice-market-master\frontend\node_modules\echarts\lib\component\dataZoom\installCommon.js
<s> [webpack.Progress] 65% building 568/612 modules 44 active D:\twice-market-master\frontend\node_modules\echarts\lib\component\legend\LegendModel.js
<s> [webpack.Progress] 65% building 568/613 modules 45 active D:\twice-market-master\frontend\node_modules\echarts\lib\chart\line\LineSeries.js
<s> [webpack.Progress] 65% building 568/614 modules 46 active D:\twice-market-master\frontend\node_modules\echarts\lib\chart\radar\RadarSeries.js
<s> [webpack.Progress] 65% building 568/615 modules 47 active D:\twice-market-master\frontend\node_modules\echarts\lib\chart\bar\PictorialBarView.js
<s> [webpack.Progress] 65% building 568/616 modules 48 active D:\twice-market-master\frontend\node_modules\echarts\lib\chart\tree\TreeView.js
<s> [webpack.Progress] 65% building 568/617 modules 49 active D:\twice-market-master\frontend\node_modules\echarts\lib\chart\funnel\FunnelView.js
<s> [webpack.Progress] 65% building 568/618 modules 50 active D:\twice-market-master\frontend\node_modules\echarts\lib\chart\graph\categoryFilter.js
<s> [webpack.Progress] 65% building 568/619 modules 51 active D:\twice-market-master\frontend\node_modules\echarts\lib\chart\boxplot\BoxplotSeries.js
<s> [webpack.Progress] 64% building 568/620 modules 52 active D:\twice-market-master\frontend\node_modules\echarts\lib\chart\treemap\treemapAction.js
<s> [webpack.Progress] 64% building 568/621 modules 53 active D:\twice-market-master\frontend\node_modules\echarts\lib\chart\gauge\GaugeView.js
<s> [webpack.Progress] 64% building 568/622 modules 54 active D:\twice-market-master\frontend\node_modules\echarts\lib\chart\sankey\SankeyView.js
<s> [webpack.Progress] 64% building 569/622 modules 53 active D:\twice-market-master\frontend\node_modules\echarts\lib\chart\sankey\SankeyView.js
<s> [webpack.Progress] 64% building 570/622 modules 52 active D:\twice-market-master\frontend\node_modules\echarts\lib\chart\sankey\SankeyView.js
<s> [webpack.Progress] 64% building 570/623 modules 53 active D:\twice-market-master\frontend\node_modules\echarts\lib\chart\parallel\parallelVisual.js
<s> [webpack.Progress] 64% building 571/623 modules 52 active D:\twice-market-master\frontend\node_modules\echarts\lib\chart\parallel\parallelVisual.js
<s> [webpack.Progress] 64% building 571/624 modules 53 active D:\twice-market-master\frontend\node_modules\echarts\lib\chart\lines\LinesView.js
<s> [webpack.Progress] 64% building 572/624 modules 52 active D:\twice-market-master\frontend\node_modules\echarts\lib\chart\lines\LinesView.js
<s> [webpack.Progress] 64% building 572/625 modules 53 active D:\twice-market-master\frontend\node_modules\echarts\lib\chart\candlestick\CandlestickView.js
<s> [webpack.Progress] 64% building 572/626 modules 54 active D:\twice-market-master\frontend\node_modules\echarts\lib\chart\heatmap\HeatmapView.js
<s> [webpack.Progress] 64% building 572/627 modules 55 active D:\twice-market-master\frontend\node_modules\echarts\lib\chart\effectScatter\EffectScatterView.js
<s> [webpack.Progress] 64% building 572/628 modules 56 active D:\twice-market-master\frontend\node_modules\echarts\lib\chart\sunburst\SunburstView.js
<s> [webpack.Progress] 64% building 573/628 modules 55 active D:\twice-market-master\frontend\node_modules\echarts\lib\chart\sunburst\SunburstView.js
<s> [webpack.Progress] 64% building 574/628 modules 54 active D:\twice-market-master\frontend\node_modules\echarts\lib\chart\sunburst\SunburstView.js
<s> [webpack.Progress] 64% building 575/628 modules 53 active D:\twice-market-master\frontend\node_modules\echarts\lib\chart\sunburst\SunburstView.js
<s> [webpack.Progress] 64% building 575/629 modules 54 active D:\twice-market-master\frontend\node_modules\echarts\lib\chart\themeRiver\ThemeRiverView.js
<s> [webpack.Progress] 64% building 575/630 modules 55 active D:\twice-market-master\frontend\node_modules\echarts\lib\chart\custom\CustomSeries.js
<s> [webpack.Progress] 64% building 576/630 modules 54 active D:\twice-market-master\frontend\node_modules\echarts\lib\chart\custom\CustomSeries.js
<s> [webpack.Progress] 64% building 577/630 modules 53 active D:\twice-market-master\frontend\node_modules\echarts\lib\chart\custom\CustomSeries.js
<s> [webpack.Progress] 64% building 577/631 modules 54 active D:\twice-market-master\frontend\node_modules\babel-runtime\core-js\symbol.js
<s> [webpack.Progress] 64% building 577/632 modules 55 active D:\twice-market-master\frontend\node_modules\babel-runtime\core-js\symbol\iterator.js
<s> [webpack.Progress] 64% building 577/633 modules 56 active D:\twice-market-master\frontend\node_modules\babel-runtime\core-js\object\assign.js
<s> [webpack.Progress] 64% building 577/634 modules 57 active D:\twice-market-master\frontend\node_modules\axios\lib\helpers\isAbsoluteURL.js
<s> [webpack.Progress] 64% building 577/635 modules 58 active D:\twice-market-master\frontend\node_modules\axios\lib\helpers\combineURLs.js
<s> [webpack.Progress] 64% building 578/635 modules 57 active D:\twice-market-master\frontend\node_modules\axios\lib\helpers\combineURLs.js
<s> [webpack.Progress] 64% building 579/635 modules 56 active D:\twice-market-master\frontend\node_modules\axios\lib\helpers\combineURLs.js
<s> [webpack.Progress] 64% building 580/635 modules 55 active D:\twice-market-master\frontend\node_modules\axios\lib\helpers\combineURLs.js
<s> [webpack.Progress] 64% building 581/635 modules 54 active D:\twice-market-master\frontend\node_modules\axios\lib\helpers\combineURLs.js
<s> [webpack.Progress] 64% building 582/635 modules 53 active D:\twice-market-master\frontend\node_modules\axios\lib\helpers\combineURLs.js
<s> [webpack.Progress] 65% building 583/635 modules 52 active D:\twice-market-master\frontend\node_modules\axios\lib\helpers\combineURLs.js
<s> [webpack.Progress] 65% building 584/635 modules 51 active D:\twice-market-master\frontend\node_modules\axios\lib\helpers\combineURLs.js
<s> [webpack.Progress] 65% building 585/635 modules 50 active D:\twice-market-master\frontend\node_modules\axios\lib\helpers\combineURLs.js
<s> [webpack.Progress] 65% building 585/636 modules 51 active D:\twice-market-master\frontend\node_modules\echarts\lib\coord\parallel\parallelPreprocessor.js
<s> [webpack.Progress] 65% building 585/637 modules 52 active D:\twice-market-master\frontend\node_modules\echarts\lib\coord\radar\RadarModel.js
<s> [webpack.Progress] 65% building 585/638 modules 53 active D:\twice-market-master\frontend\node_modules\echarts\lib\component\axis\AxisView.js
<s> [webpack.Progress] 64% building 585/639 modules 54 active D:\twice-market-master\frontend\node_modules\echarts\lib\component\axis\CartesianAxisView.js
<s> [webpack.Progress] 64% building 585/640 modules 55 active D:\twice-market-master\frontend\node_modules\echarts\lib\coord\calendar\CalendarModel.js
<s> [webpack.Progress] 64% building 585/641 modules 56 active D:\twice-market-master\frontend\node_modules\echarts\lib\visual\aria.js
<s> [webpack.Progress] 64% building 585/642 modules 57 active D:\twice-market-master\frontend\node_modules\echarts\lib\component\toolbox\feature\DataZoom.js
<s> [webpack.Progress] 64% building 586/642 modules 56 active D:\twice-market-master\frontend\node_modules\echarts\lib\component\toolbox\feature\DataZoom.js
<s> [webpack.Progress] 64% building 587/642 modules 55 active D:\twice-market-master\frontend\node_modules\echarts\lib\component\toolbox\feature\DataZoom.js
<s> [webpack.Progress] 64% building 588/642 modules 54 active D:\twice-market-master\frontend\node_modules\echarts\lib\component\toolbox\feature\DataZoom.js
<s> [webpack.Progress] 65% building 589/642 modules 53 active D:\twice-market-master\frontend\node_modules\echarts\lib\component\toolbox\feature\DataZoom.js
<s> [webpack.Progress] 64% building 589/643 modules 54 active D:\twice-market-master\frontend\node_modules\echarts\lib\legacy\dataSelectAction.js
<s> [webpack.Progress] 64% building 589/644 modules 55 active D:\twice-market-master\frontend\node_modules\echarts\lib\layout\points.js
<s> [webpack.Progress] 64% building 590/644 modules 54 active D:\twice-market-master\frontend\node_modules\echarts\lib\layout\points.js
<s> [webpack.Progress] 65% building 591/644 modules 53 active D:\twice-market-master\frontend\node_modules\echarts\lib\layout\points.js
<s> [webpack.Progress] 64% building 591/645 modules 54 active D:\twice-market-master\frontend\node_modules\zrender\lib\config.js
<s> [webpack.Progress] 65% building 592/645 modules 53 active D:\twice-market-master\frontend\node_modules\zrender\lib\config.js
<s> [webpack.Progress] 65% building 593/645 modules 52 active D:\twice-market-master\frontend\node_modules\zrender\lib\config.js
<s> [webpack.Progress] 65% building 594/645 modules 51 active D:\twice-market-master\frontend\node_modules\zrender\lib\config.js
<s> [webpack.Progress] 65% building 595/645 modules 50 active D:\twice-market-master\frontend\node_modules\zrender\lib\config.js
<s> [webpack.Progress] 65% building 596/645 modules 49 active D:\twice-market-master\frontend\node_modules\zrender\lib\config.js
<s> [webpack.Progress] 65% building 597/645 modules 48 active D:\twice-market-master\frontend\node_modules\zrender\lib\config.js
<s> [webpack.Progress] 65% building 598/645 modules 47 active D:\twice-market-master\frontend\node_modules\zrender\lib\config.js
<s> [webpack.Progress] 65% building 599/645 modules 46 active D:\twice-market-master\frontend\node_modules\zrender\lib\config.js
<s> [webpack.Progress] 65% building 600/645 modules 45 active D:\twice-market-master\frontend\node_modules\zrender\lib\config.js
<s> [webpack.Progress] 65% building 601/645 modules 44 active D:\twice-market-master\frontend\node_modules\zrender\lib\config.js
<s> [webpack.Progress] 65% building 602/645 modules 43 active D:\twice-market-master\frontend\node_modules\zrender\lib\config.js
<s> [webpack.Progress] 66% building 603/645 modules 42 active D:\twice-market-master\frontend\node_modules\zrender\lib\config.js
<s> [webpack.Progress] 66% building 604/645 modules 41 active D:\twice-market-master\frontend\node_modules\zrender\lib\config.js
<s> [webpack.Progress] 66% building 605/645 modules 40 active D:\twice-market-master\frontend\node_modules\zrender\lib\config.js
<s> [webpack.Progress] 66% building 606/645 modules 39 active D:\twice-market-master\frontend\node_modules\zrender\lib\config.js
<s> [webpack.Progress] 66% building 607/645 modules 38 active D:\twice-market-master\frontend\node_modules\zrender\lib\config.js
<s> [webpack.Progress] 66% building 608/645 modules 37 active D:\twice-market-master\frontend\node_modules\zrender\lib\config.js
<s> [webpack.Progress] 66% building 609/645 modules 36 active D:\twice-market-master\frontend\node_modules\zrender\lib\config.js
<s> [webpack.Progress] 66% building 610/645 modules 35 active D:\twice-market-master\frontend\node_modules\zrender\lib\config.js
<s> [webpack.Progress] 66% building 611/645 modules 34 active D:\twice-market-master\frontend\node_modules\zrender\lib\config.js
<s> [webpack.Progress] 66% building 612/645 modules 33 active D:\twice-market-master\frontend\node_modules\zrender\lib\config.js
<s> [webpack.Progress] 67% building 613/645 modules 32 active D:\twice-market-master\frontend\node_modules\zrender\lib\config.js
<s> [webpack.Progress] 67% building 614/645 modules 31 active D:\twice-market-master\frontend\node_modules\zrender\lib\config.js
<s> [webpack.Progress] 67% building 615/645 modules 30 active D:\twice-market-master\frontend\node_modules\zrender\lib\config.js
<s> [webpack.Progress] 67% building 616/645 modules 29 active D:\twice-market-master\frontend\node_modules\zrender\lib\config.js
<s> [webpack.Progress] 67% building 617/645 modules 28 active D:\twice-market-master\frontend\node_modules\zrender\lib\config.js
<s> [webpack.Progress] 67% building 618/645 modules 27 active D:\twice-market-master\frontend\node_modules\zrender\lib\config.js
<s> [webpack.Progress] 67% building 619/645 modules 26 active D:\twice-market-master\frontend\node_modules\zrender\lib\config.js
<s> [webpack.Progress] 67% building 620/645 modules 25 active D:\twice-market-master\frontend\node_modules\zrender\lib\config.js
<s> [webpack.Progress] 67% building 621/645 modules 24 active D:\twice-market-master\frontend\node_modules\zrender\lib\config.js
<s> [webpack.Progress] 67% building 622/645 modules 23 active D:\twice-market-master\frontend\node_modules\zrender\lib\config.js
<s> [webpack.Progress] 67% building 623/645 modules 22 active D:\twice-market-master\frontend\node_modules\zrender\lib\config.js
<s> [webpack.Progress] 68% building 624/645 modules 21 active D:\twice-market-master\frontend\node_modules\zrender\lib\config.js
<s> [webpack.Progress] 68% building 625/645 modules 20 active D:\twice-market-master\frontend\node_modules\zrender\lib\config.js
<s> [webpack.Progress] 68% building 626/645 modules 19 active D:\twice-market-master\frontend\node_modules\zrender\lib\config.js
<s> [webpack.Progress] 68% building 627/645 modules 18 active D:\twice-market-master\frontend\node_modules\zrender\lib\config.js
<s> [webpack.Progress] 68% building 628/645 modules 17 active D:\twice-market-master\frontend\node_modules\zrender\lib\config.js
<s> [webpack.Progress] 68% building 629/645 modules 16 active D:\twice-market-master\frontend\node_modules\zrender\lib\config.js
<s> [webpack.Progress] 68% building 630/645 modules 15 active D:\twice-market-master\frontend\node_modules\zrender\lib\config.js
<s> [webpack.Progress] 68% building 630/646 modules 16 active D:\twice-market-master\frontend\node_modules\echarts\lib\util\clazz.js
<s> [webpack.Progress] 68% building 631/646 modules 15 active D:\twice-market-master\frontend\node_modules\echarts\lib\util\clazz.js
<s> [webpack.Progress] 68% building 632/646 modules 14 active D:\twice-market-master\frontend\node_modules\echarts\lib\util\clazz.js
<s> [webpack.Progress] 68% building 632/647 modules 15 active D:\twice-market-master\frontend\node_modules\zrender\lib\dom\HandlerProxy.js
<s> [webpack.Progress] 68% building 632/648 modules 16 active D:\twice-market-master\frontend\node_modules\zrender\lib\tool\color.js
<s> [webpack.Progress] 68% building 633/648 modules 15 active D:\twice-market-master\frontend\node_modules\zrender\lib\tool\color.js
<s> [webpack.Progress] 68% building 634/648 modules 14 active D:\twice-market-master\frontend\node_modules\zrender\lib\tool\color.js
<s> [webpack.Progress] 68% building 634/649 modules 15 active D:\twice-market-master\frontend\node_modules\zrender\lib\animation\Animation.js
<s> [webpack.Progress] 68% building 634/650 modules 16 active D:\twice-market-master\frontend\node_modules\zrender\lib\graphic\constants.js
<s> [webpack.Progress] 68% building 635/650 modules 15 active D:\twice-market-master\frontend\node_modules\zrender\lib\graphic\constants.js
<s> [webpack.Progress] 68% building 635/651 modules 16 active D:\twice-market-master\frontend\node_modules\echarts\lib\model\mixin\itemStyle.js
<s> [webpack.Progress] 68% building 635/652 modules 17 active D:\twice-market-master\frontend\node_modules\echarts\lib\model\mixin\lineStyle.js
<s> [webpack.Progress] 68% building 635/653 modules 18 active D:\twice-market-master\frontend\node_modules\echarts\lib\model\mixin\textStyle.js
<s> [webpack.Progress] 68% building 635/654 modules 19 active D:\twice-market-master\frontend\node_modules\echarts\lib\model\mixin\areaStyle.js
<s> [webpack.Progress] 68% building 635/655 modules 20 active D:\twice-market-master\frontend\node_modules\echarts\lib\util\number.js
<s> [webpack.Progress] 68% building 635/656 modules 21 active D:\twice-market-master\frontend\node_modules\echarts\lib\util\graphic.js
<s> [webpack.Progress] 67% building 635/657 modules 22 active D:\twice-market-master\frontend\node_modules\echarts\lib\util\format.js
<s> [webpack.Progress] 67% building 635/658 modules 23 active D:\twice-market-master\frontend\node_modules\echarts\lib\util\time.js
<s> [webpack.Progress] 67% building 635/659 modules 24 active D:\twice-market-master\frontend\node_modules\zrender\lib\canvas\helper.js
<s> [webpack.Progress] 67% building 635/660 modules 25 active D:\twice-market-master\frontend\node_modules\zrender\lib\animation\requestAnimationFrame.js
<s> [webpack.Progress] 67% building 635/661 modules 26 active D:\twice-market-master\frontend\node_modules\zrender\lib\canvas\dashStyle.js
<s> [webpack.Progress] 67% building 635/662 modules 27 active D:\twice-market-master\frontend\node_modules\zrender\lib\canvas\Layer.js
<s> [webpack.Progress] 67% building 636/662 modules 26 active D:\twice-market-master\frontend\node_modules\zrender\lib\canvas\Layer.js
<s> [webpack.Progress] 67% building 637/662 modules 25 active D:\twice-market-master\frontend\node_modules\zrender\lib\canvas\Layer.js
<s> [webpack.Progress] 67% building 638/662 modules 24 active D:\twice-market-master\frontend\node_modules\zrender\lib\canvas\Layer.js
<s> [webpack.Progress] 67% building 639/662 modules 23 active D:\twice-market-master\frontend\node_modules\zrender\lib\canvas\Layer.js
<s> [webpack.Progress] 68% building 640/662 modules 22 active D:\twice-market-master\frontend\node_modules\zrender\lib\canvas\Layer.js
<s> [webpack.Progress] 68% building 641/662 modules 21 active D:\twice-market-master\frontend\node_modules\zrender\lib\canvas\Layer.js
<s> [webpack.Progress] 68% building 642/662 modules 20 active D:\twice-market-master\frontend\node_modules\zrender\lib\canvas\Layer.js
<s> [webpack.Progress] 68% building 643/662 modules 19 active D:\twice-market-master\frontend\node_modules\zrender\lib\canvas\Layer.js
<s> [webpack.Progress] 68% building 644/662 modules 18 active D:\twice-market-master\frontend\node_modules\zrender\lib\canvas\Layer.js
<s> [webpack.Progress] 68% building 644/663 modules 19 active D:\twice-market-master\frontend\node_modules\zrender\lib\graphic\TSpan.js
<s> [webpack.Progress] 68% building 645/663 modules 18 active D:\twice-market-master\frontend\node_modules\zrender\lib\graphic\TSpan.js
<s> [webpack.Progress] 68% building 645/664 modules 19 active D:\twice-market-master\frontend\node_modules\zrender\lib\svg\graphic.js
<s> [webpack.Progress] 68% building 645/665 modules 20 active D:\twice-market-master\frontend\node_modules\echarts\lib\component\visualMap\visualMapAction.js
<s> [webpack.Progress] 68% building 645/666 modules 21 active D:\twice-market-master\frontend\node_modules\echarts\lib\util\component.js
<s> [webpack.Progress] 68% building 645/667 modules 22 active D:\twice-market-master\frontend\node_modules\echarts\lib\util\conditionalExpression.js
<s> [webpack.Progress] 67% building 645/668 modules 23 active D:\twice-market-master\frontend\node_modules\echarts\lib\component\dataZoom\dataZoomProcessor.js
<s> [webpack.Progress] 67% building 645/669 modules 24 active D:\twice-market-master\frontend\node_modules\zrender\lib\core\PathProxy.js
<s> [webpack.Progress] 67% building 645/670 modules 25 active D:\twice-market-master\frontend\node_modules\core-js\internals\to-absolute-index.js
<s> [webpack.Progress] 67% building 645/671 modules 26 active D:\twice-market-master\frontend\node_modules\echarts\lib\data\DataDiffer.js
<s> [webpack.Progress] 67% building 645/672 modules 27 active D:\twice-market-master\frontend\node_modules\echarts\lib\label\labelStyle.js
<s> [webpack.Progress] 67% building 645/673 modules 28 active D:\twice-market-master\frontend\node_modules\echarts\lib\util\states.js
<s> [webpack.Progress] 67% building 645/674 modules 29 active D:\twice-market-master\frontend\node_modules\echarts\lib\chart\line\poly.js
<s> [webpack.Progress] 67% building 645/675 modules 30 active D:\twice-market-master\frontend\node_modules\echarts\lib\coord\CoordinateSystem.js
<s> [webpack.Progress] 67% building 646/675 modules 29 active D:\twice-market-master\frontend\node_modules\echarts\lib\coord\CoordinateSystem.js
<s> [webpack.Progress] 67% building 646/676 modules 30 active D:\twice-market-master\frontend\node_modules\echarts\lib\chart\heatmap\HeatmapLayer.js
<s> [webpack.Progress] 67% building 646/677 modules 31 active D:\twice-market-master\frontend\node_modules\echarts\lib\chart\sunburst\sunburstAction.js
<s> [webpack.Progress] 67% building 646/678 modules 32 active D:\twice-market-master\frontend\node_modules\async-validator\es\rule\index.js
<s> [webpack.Progress] 67% building 647/678 modules 31 active D:\twice-market-master\frontend\node_modules\async-validator\es\rule\index.js
<s> [webpack.Progress] 67% building 648/678 modules 30 active D:\twice-market-master\frontend\node_modules\async-validator\es\rule\index.js
<s> [webpack.Progress] 67% building 649/678 modules 29 active D:\twice-market-master\frontend\node_modules\async-validator\es\rule\index.js
<s> [webpack.Progress] 67% building 650/678 modules 28 active D:\twice-market-master\frontend\node_modules\async-validator\es\rule\index.js
<s> [webpack.Progress] 67% building 651/678 modules 27 active D:\twice-market-master\frontend\node_modules\async-validator\es\rule\index.js
<s> [webpack.Progress] 67% building 652/678 modules 26 active D:\twice-market-master\frontend\node_modules\async-validator\es\rule\index.js
<s> [webpack.Progress] 67% building 653/678 modules 25 active D:\twice-market-master\frontend\node_modules\async-validator\es\rule\index.js
<s> [webpack.Progress] 67% building 654/678 modules 24 active D:\twice-market-master\frontend\node_modules\async-validator\es\rule\index.js
<s> [webpack.Progress] 67% building 655/678 modules 23 active D:\twice-market-master\frontend\node_modules\async-validator\es\rule\index.js
<s> [webpack.Progress] 68% building 656/678 modules 22 active D:\twice-market-master\frontend\node_modules\async-validator\es\rule\index.js
<s> [webpack.Progress] 68% building 657/678 modules 21 active D:\twice-market-master\frontend\node_modules\async-validator\es\rule\index.js
<s> [webpack.Progress] 68% building 658/678 modules 20 active D:\twice-market-master\frontend\node_modules\async-validator\es\rule\index.js
<s> [webpack.Progress] 68% building 658/679 modules 21 active D:\twice-market-master\frontend\node_modules\echarts\lib\chart\helper\treeHelper.js
<s> [webpack.Progress] 68% building 658/680 modules 22 active D:\twice-market-master\frontend\node_modules\echarts\lib\chart\helper\createSeriesData.js
<s> [webpack.Progress] 68% building 659/680 modules 21 active D:\twice-market-master\frontend\node_modules\echarts\lib\chart\helper\createSeriesData.js
<s> [webpack.Progress] 68% building 660/680 modules 20 active D:\twice-market-master\frontend\node_modules\echarts\lib\chart\helper\createSeriesData.js
<s> [webpack.Progress] 68% building 660/681 modules 21 active D:\twice-market-master\frontend\node_modules\es-errors\type.js
<s> [webpack.Progress] 68% building 660/682 modules 22 active D:\twice-market-master\frontend\node_modules\echarts\lib\util\vendor.js
<s> [webpack.Progress] 68% building 661/682 modules 21 active D:\twice-market-master\frontend\node_modules\echarts\lib\util\vendor.js
<s> [webpack.Progress] 68% building 662/682 modules 20 active D:\twice-market-master\frontend\node_modules\echarts\lib\util\vendor.js
<s> [webpack.Progress] 68% building 662/683 modules 21 active D:\twice-market-master\frontend\node_modules\echarts\lib\chart\helper\createRenderPlanner.js
<s> [webpack.Progress] 68% building 662/684 modules 22 active D:\twice-market-master\frontend\node_modules\echarts\lib\model\internalComponentCreator.js
<s> [webpack.Progress] 67% building 662/685 modules 23 active D:\twice-market-master\frontend\node_modules\echarts\lib\component\toolbox\featureManager.js
<s> [webpack.Progress] 68% building 663/685 modules 22 active D:\twice-market-master\frontend\node_modules\echarts\lib\component\toolbox\featureManager.js
<s> [webpack.Progress] 67% building 663/686 modules 23 active D:\twice-market-master\frontend\node_modules\echarts\lib\component\dataZoom\history.js
<s> [webpack.Progress] 68% building 664/686 modules 22 active D:\twice-market-master\frontend\node_modules\echarts\lib\component\dataZoom\history.js
<s> [webpack.Progress] 68% building 665/686 modules 21 active D:\twice-market-master\frontend\node_modules\echarts\lib\component\dataZoom\history.js
<s> [webpack.Progress] 68% building 666/686 modules 20 active D:\twice-market-master\frontend\node_modules\echarts\lib\component\dataZoom\history.js
<s> [webpack.Progress] 68% building 667/686 modules 19 active D:\twice-market-master\frontend\node_modules\echarts\lib\component\dataZoom\history.js
<s> [webpack.Progress] 68% building 668/686 modules 18 active D:\twice-market-master\frontend\node_modules\echarts\lib\component\dataZoom\history.js
<s> [webpack.Progress] 68% building 669/686 modules 17 active D:\twice-market-master\frontend\node_modules\echarts\lib\component\dataZoom\history.js
<s> [webpack.Progress] 68% building 669/687 modules 18 active D:\twice-market-master\frontend\node_modules\echarts\lib\model\mixin\palette.js
<s> [webpack.Progress] 68% building 669/688 modules 19 active D:\twice-market-master\frontend\node_modules\echarts\lib\util\layout.js
<s> [webpack.Progress] 68% building 670/688 modules 18 active D:\twice-market-master\frontend\node_modules\echarts\lib\util\layout.js
<s> [webpack.Progress] 68% building 670/689 modules 19 active D:\twice-market-master\frontend\node_modules\echarts\lib\component\axis\AxisBuilder.js
<s> [webpack.Progress] 68% building 670/690 modules 20 active D:\twice-market-master\frontend\node_modules\echarts\lib\component\axisPointer\modelHelper.js
<s> [webpack.Progress] 68% building 670/691 modules 21 active D:\twice-market-master\frontend\node_modules\echarts\lib\component\axis\axisSplitHelper.js
<s> [webpack.Progress] 68% building 670/692 modules 22 active D:\twice-market-master\frontend\node_modules\echarts\lib\chart\sunburst\SunburstPiece.js
<s> [webpack.Progress] 68% building 670/693 modules 23 active D:\twice-market-master\frontend\node_modules\echarts\lib\coord\axisModelCommonMixin.js
<s> [webpack.Progress] 67% building 670/694 modules 24 active D:\twice-market-master\frontend\node_modules\echarts\lib\coord\axisDefault.js
<s> [webpack.Progress] 68% building 671/694 modules 23 active D:\twice-market-master\frontend\node_modules\echarts\lib\coord\axisDefault.js
<s> [webpack.Progress] 67% building 671/695 modules 24 active D:\twice-market-master\frontend\node_modules\zrender\lib\animation\Animator.js
<s> [webpack.Progress] 67% building 671/696 modules 25 active D:\twice-market-master\frontend\node_modules\zrender\lib\core\LRU.js
<s> [webpack.Progress] 67% building 672/696 modules 24 active D:\twice-market-master\frontend\node_modules\zrender\lib\core\LRU.js
<s> [webpack.Progress] 67% building 672/697 modules 25 active D:\twice-market-master\frontend\node_modules\echarts\lib\model\mixin\makeStyleMapper.js
<s> [webpack.Progress] 67% building 673/697 modules 24 active D:\twice-market-master\frontend\node_modules\echarts\lib\model\mixin\makeStyleMapper.js
<s> [webpack.Progress] 67% building 673/698 modules 25 active D:\twice-market-master\frontend\node_modules\zrender\lib\graphic\Text.js
<s> [webpack.Progress] 67% building 674/698 modules 24 active D:\twice-market-master\frontend\node_modules\zrender\lib\graphic\Text.js
<s> [webpack.Progress] 67% building 674/699 modules 25 active D:\twice-market-master\frontend\node_modules\echarts\lib\data\helper\dataStackHelper.js
<s> [webpack.Progress] 67% building 674/700 modules 26 active D:\twice-market-master\frontend\node_modules\zrender\lib\tool\path.js
<s> [webpack.Progress] 67% building 675/700 modules 25 active D:\twice-market-master\frontend\node_modules\zrender\lib\tool\path.js
<s> [webpack.Progress] 67% building 675/701 modules 26 active D:\twice-market-master\frontend\node_modules\echarts\lib\util\innerStore.js
<s> [webpack.Progress] 67% building 676/701 modules 25 active D:\twice-market-master\frontend\node_modules\echarts\lib\util\innerStore.js
<s> [webpack.Progress] 67% building 677/701 modules 24 active D:\twice-market-master\frontend\node_modules\echarts\lib\util\innerStore.js
<s> [webpack.Progress] 68% building 678/701 modules 23 active D:\twice-market-master\frontend\node_modules\echarts\lib\util\innerStore.js
<s> [webpack.Progress] 67% building 678/702 modules 24 active D:\twice-market-master\frontend\node_modules\echarts\lib\legacy\getTextRect.js
<s> [webpack.Progress] 67% building 678/703 modules 25 active D:\twice-market-master\frontend\node_modules\echarts\lib\core\locale.js
<s> [webpack.Progress] 67% building 678/704 modules 26 active D:\twice-market-master\frontend\node_modules\zrender\lib\core\dom.js
<s> [webpack.Progress] 67% building 678/705 modules 27 active D:\twice-market-master\frontend\node_modules\echarts\lib\component\helper\sliderMove.js
<s> [webpack.Progress] 67% building 678/706 modules 28 active D:\twice-market-master\frontend\node_modules\echarts\lib\component\helper\BrushTargetManager.js
<s> [webpack.Progress] 67% building 678/707 modules 29 active D:\twice-market-master\frontend\node_modules\echarts\lib\component\helper\BrushController.js
<s> [webpack.Progress] 67% building 679/707 modules 28 active D:\twice-market-master\frontend\node_modules\echarts\lib\component\helper\BrushController.js
<s> [webpack.Progress] 67% building 680/707 modules 27 active D:\twice-market-master\frontend\node_modules\echarts\lib\component\helper\BrushController.js
<s> [webpack.Progress] 67% building 680/708 modules 28 active D:\twice-market-master\frontend\node_modules\echarts\lib\scale\helper.js
<s> [webpack.Progress] 67% building 680/709 modules 29 active D:\twice-market-master\frontend\node_modules\echarts\lib\coord\cartesian\cartesianAxisHelper.js
<s> [webpack.Progress] 67% building 681/709 modules 28 active D:\twice-market-master\frontend\node_modules\echarts\lib\coord\cartesian\cartesianAxisHelper.js
<s> [webpack.Progress] 67% building 682/709 modules 27 active D:\twice-market-master\frontend\node_modules\echarts\lib\coord\cartesian\cartesianAxisHelper.js
<s> [webpack.Progress] 67% building 682/710 modules 28 active D:\twice-market-master\frontend\node_modules\echarts\lib\data\helper\dataValueHelper.js
<s> [webpack.Progress] 67% building 682/711 modules 29 active D:\twice-market-master\frontend\node_modules\zrender\lib\svg\helper.js
<s> [webpack.Progress] 67% building 682/712 modules 30 active D:\twice-market-master\frontend\node_modules\zrender\lib\svg\cssEmphasis.js
<s> [webpack.Progress] 67% building 683/712 modules 29 active D:\twice-market-master\frontend\node_modules\zrender\lib\svg\cssEmphasis.js
<s> [webpack.Progress] 67% building 683/713 modules 30 active D:\twice-market-master\frontend\node_modules\echarts\lib\component\dataZoom\AxisProxy.js
<s> [webpack.Progress] 67% building 684/713 modules 29 active D:\twice-market-master\frontend\node_modules\echarts\lib\component\dataZoom\AxisProxy.js
<s> [webpack.Progress] 67% building 685/713 modules 28 active D:\twice-market-master\frontend\node_modules\echarts\lib\component\dataZoom\AxisProxy.js
<s> [webpack.Progress] 67% building 685/714 modules 29 active D:\twice-market-master\frontend\node_modules\zrender\lib\core\vector.js
<s> [webpack.Progress] 67% building 685/715 modules 30 active D:\twice-market-master\frontend\node_modules\zrender\lib\core\curve.js
<s> [webpack.Progress] 67% building 685/716 modules 31 active D:\twice-market-master\frontend\node_modules\zrender\lib\graphic\helper\parseText.js
<s> [webpack.Progress] 67% building 685/717 modules 32 active D:\twice-market-master\frontend\node_modules\zrender\lib\graphic\helper\subPixelOptimize.js
<s> [webpack.Progress] 67% building 686/717 modules 31 active D:\twice-market-master\frontend\node_modules\zrender\lib\graphic\helper\subPixelOptimize.js
<s> [webpack.Progress] 67% building 686/718 modules 32 active D:\twice-market-master\frontend\node_modules\zrender\lib\core\bbox.js
<s> [webpack.Progress] 67% building 686/719 modules 33 active D:\twice-market-master\frontend\node_modules\zrender\lib\core\BoundingRect.js
<s> [webpack.Progress] 67% building 686/720 modules 34 active D:\twice-market-master\frontend\node_modules\zrender\lib\graphic\Path.js
<s> [webpack.Progress] 67% building 686/721 modules 35 active D:\twice-market-master\frontend\node_modules\echarts\lib\component\dataZoom\helper.js
<s> [webpack.Progress] 67% building 686/722 modules 36 active D:\twice-market-master\frontend\node_modules\zrender\lib\svg\cssAnimation.js
<s> [webpack.Progress] 67% building 687/722 modules 35 active D:\twice-market-master\frontend\node_modules\zrender\lib\svg\cssAnimation.js
<s> [webpack.Progress] 67% building 688/722 modules 34 active D:\twice-market-master\frontend\node_modules\zrender\lib\svg\cssAnimation.js
<s> [webpack.Progress] 67% building 689/722 modules 33 active D:\twice-market-master\frontend\node_modules\zrender\lib\svg\cssAnimation.js
<s> [webpack.Progress] 67% building 690/722 modules 32 active D:\twice-market-master\frontend\node_modules\zrender\lib\svg\cssAnimation.js
<s> [webpack.Progress] 67% building 691/722 modules 31 active D:\twice-market-master\frontend\node_modules\zrender\lib\svg\cssAnimation.js
<s> [webpack.Progress] 67% building 692/722 modules 30 active D:\twice-market-master\frontend\node_modules\zrender\lib\svg\cssAnimation.js
<s> [webpack.Progress] 67% building 693/722 modules 29 active D:\twice-market-master\frontend\node_modules\zrender\lib\svg\cssAnimation.js
<s> [webpack.Progress] 67% building 694/722 modules 28 active D:\twice-market-master\frontend\node_modules\zrender\lib\svg\cssAnimation.js
<s> [webpack.Progress] 67% building 695/722 modules 27 active D:\twice-market-master\frontend\node_modules\zrender\lib\svg\cssAnimation.js
<s> [webpack.Progress] 67% building 696/722 modules 26 active D:\twice-market-master\frontend\node_modules\zrender\lib\svg\cssAnimation.js
<s> [webpack.Progress] 67% building 697/722 modules 25 active D:\twice-market-master\frontend\node_modules\zrender\lib\svg\cssAnimation.js
<s> [webpack.Progress] 68% building 698/722 modules 24 active D:\twice-market-master\frontend\node_modules\zrender\lib\svg\cssAnimation.js
<s> [webpack.Progress] 68% building 699/722 modules 23 active D:\twice-market-master\frontend\node_modules\zrender\lib\svg\cssAnimation.js
<s> [webpack.Progress] 68% building 700/722 modules 22 active D:\twice-market-master\frontend\node_modules\zrender\lib\svg\cssAnimation.js
<s> [webpack.Progress] 68% building 701/722 modules 21 active D:\twice-market-master\frontend\node_modules\zrender\lib\svg\cssAnimation.js
<s> [webpack.Progress] 68% building 702/722 modules 20 active D:\twice-market-master\frontend\node_modules\zrender\lib\svg\cssAnimation.js
<s> [webpack.Progress] 68% building 703/722 modules 19 active D:\twice-market-master\frontend\node_modules\zrender\lib\svg\cssAnimation.js
<s> [webpack.Progress] 68% building 703/723 modules 20 active D:\twice-market-master\frontend\node_modules\echarts\lib\data\helper\sourceHelper.js
<s> [webpack.Progress] 68% building 703/724 modules 21 active D:\twice-market-master\frontend\node_modules\echarts\lib\util\types.js
<s> [webpack.Progress] 68% building 704/724 modules 20 active D:\twice-market-master\frontend\node_modules\echarts\lib\util\types.js
<s> [webpack.Progress] 68% building 704/725 modules 21 active D:\twice-market-master\frontend\node_modules\tslib\tslib.es6.js
<s> [webpack.Progress] 68% building 705/725 modules 20 active D:\twice-market-master\frontend\node_modules\tslib\tslib.es6.js
<s> [webpack.Progress] 68% building 705/726 modules 21 active D:\twice-market-master\frontend\node_modules\echarts\lib\data\Source.js
<s> [webpack.Progress] 68% building 706/726 modules 20 active D:\twice-market-master\frontend\node_modules\echarts\lib\data\Source.js
<s> [webpack.Progress] 68% building 707/726 modules 19 active D:\twice-market-master\frontend\node_modules\echarts\lib\data\Source.js
<s> [webpack.Progress] 68% building 707/727 modules 20 active D:\twice-market-master\frontend\node_modules\echarts\lib\model\referHelper.js
<s> [webpack.Progress] 68% building 707/728 modules 21 active D:\twice-market-master\frontend\node_modules\echarts\lib\core\CoordinateSystem.js
<s> [webpack.Progress] 68% building 707/729 modules 22 active D:\twice-market-master\frontend\node_modules\echarts\lib\data\helper\dimensionHelper.js
<s> [webpack.Progress] 68% building 707/730 modules 23 active D:\twice-market-master\frontend\node_modules\echarts\lib\data\helper\createDimensions.js
<s> [webpack.Progress] 68% building 708/730 modules 22 active D:\twice-market-master\frontend\node_modules\echarts\lib\data\helper\createDimensions.js
<s> [webpack.Progress] 68% building 709/730 modules 21 active D:\twice-market-master\frontend\node_modules\echarts\lib\data\helper\createDimensions.js
<s> [webpack.Progress] 68% building 710/730 modules 20 active D:\twice-market-master\frontend\node_modules\echarts\lib\data\helper\createDimensions.js
<s> [webpack.Progress] 68% building 711/730 modules 19 active D:\twice-market-master\frontend\node_modules\echarts\lib\data\helper\createDimensions.js
<s> [webpack.Progress] 68% building 712/730 modules 18 active D:\twice-market-master\frontend\node_modules\echarts\lib\data\helper\createDimensions.js
<s> [webpack.Progress] 68% building 713/730 modules 17 active D:\twice-market-master\frontend\node_modules\echarts\lib\data\helper\createDimensions.js
<s> [webpack.Progress] 68% building 713/731 modules 18 active D:\twice-market-master\frontend\node_modules\zrender\lib\graphic\helper\image.js
<s> [webpack.Progress] 68% building 713/732 modules 19 active D:\twice-market-master\frontend\node_modules\zrender\lib\svg\core.js
<s> [webpack.Progress] 68% building 714/732 modules 18 active D:\twice-market-master\frontend\node_modules\zrender\lib\svg\core.js
<s> [webpack.Progress] 68% building 715/732 modules 17 active D:\twice-market-master\frontend\node_modules\zrender\lib\svg\core.js
<s> [webpack.Progress] 68% building 715/733 modules 18 active D:\twice-market-master\frontend\node_modules\echarts\lib\label\labelLayoutHelper.js
<s> [webpack.Progress] 68% building 715/734 modules 19 active D:\twice-market-master\frontend\node_modules\echarts\lib\util\decal.js
<s> [webpack.Progress] 68% building 716/734 modules 18 active D:\twice-market-master\frontend\node_modules\echarts\lib\util\decal.js
<s> [webpack.Progress] 68% building 716/735 modules 19 active D:\twice-market-master\frontend\node_modules\echarts\lib\coord\axisHelper.js
<s> [webpack.Progress] 68% building 716/736 modules 20 active D:\twice-market-master\frontend\node_modules\echarts\lib\chart\helper\sectorHelper.js
<s> [webpack.Progress] 68% building 716/737 modules 21 active D:\twice-market-master\frontend\node_modules\zrender\lib\animation\Clip.js
<s> [webpack.Progress] 68% building 717/737 modules 20 active D:\twice-market-master\frontend\node_modules\zrender\lib\animation\Clip.js
<s> [webpack.Progress] 68% building 718/737 modules 19 active D:\twice-market-master\frontend\node_modules\zrender\lib\animation\Clip.js
<s> [webpack.Progress] 68% building 718/738 modules 20 active D:\twice-market-master\frontend\node_modules\zrender\lib\animation\cubicEasing.js
<s> [webpack.Progress] 68% building 719/738 modules 19 active D:\twice-market-master\frontend\node_modules\zrender\lib\animation\cubicEasing.js
<s> [webpack.Progress] 68% building 720/738 modules 18 active D:\twice-market-master\frontend\node_modules\zrender\lib\animation\cubicEasing.js
<s> [webpack.Progress] 68% building 721/738 modules 17 active D:\twice-market-master\frontend\node_modules\zrender\lib\animation\cubicEasing.js
<s> [webpack.Progress] 68% building 722/738 modules 16 active D:\twice-market-master\frontend\node_modules\zrender\lib\animation\cubicEasing.js
<s> [webpack.Progress] 68% building 722/739 modules 17 active D:\twice-market-master\frontend\node_modules\zrender\lib\tool\transformPath.js
<s> [webpack.Progress] 68% building 722/740 modules 18 active D:\twice-market-master\frontend\node_modules\echarts\lib\data\helper\SeriesDataSchema.js
<s> [webpack.Progress] 68% building 722/741 modules 19 active D:\twice-market-master\frontend\node_modules\async-validator\es\rule\required.js
<s> [webpack.Progress] 68% building 722/742 modules 20 active D:\twice-market-master\frontend\node_modules\async-validator\es\rule\pattern.js
<s> [webpack.Progress] 68% building 722/743 modules 21 active D:\twice-market-master\frontend\node_modules\zrender\lib\animation\easing.js
<s> [webpack.Progress] 68% building 722/744 modules 22 active D:\twice-market-master\frontend\node_modules\zrender\lib\core\fourPointsTransform.js
<s> [webpack.Progress] 68% building 722/745 modules 23 active D:\twice-market-master\frontend\node_modules\zrender\lib\graphic\Image.js
<s> [webpack.Progress] 68% building 722/746 modules 24 active D:\twice-market-master\frontend\node_modules\zrender\lib\core\Eventful.js
<s> [webpack.Progress] 67% building 722/747 modules 25 active D:\twice-market-master\frontend\node_modules\zrender\lib\svg\SVGPathRebuilder.js
<s> [webpack.Progress] 67% building 722/748 modules 26 active D:\twice-market-master\frontend\node_modules\echarts\lib\util\symbol.js
<s> [webpack.Progress] 67% building 722/749 modules 27 active D:\twice-market-master\frontend\node_modules\zrender\lib\svg\mapStyleToAttrs.js
<s> [webpack.Progress] 67% building 722/750 modules 28 active D:\twice-market-master\frontend\node_modules\zrender\lib\graphic\RadialGradient.js
<s> [webpack.Progress] 67% building 722/751 modules 29 active D:\twice-market-master\frontend\node_modules\zrender\lib\graphic\IncrementalDisplayable.js
<s> [webpack.Progress] 67% building 722/752 modules 30 active D:\twice-market-master\frontend\node_modules\zrender\lib\core\matrix.js
<s> [webpack.Progress] 67% building 722/753 modules 31 active D:\twice-market-master\frontend\node_modules\zrender\lib\core\Point.js
<s> [webpack.Progress] 67% building 722/754 modules 32 active D:\twice-market-master\frontend\node_modules\zrender\lib\graphic\CompoundPath.js
<s> [webpack.Progress] 67% building 722/755 modules 33 active D:\twice-market-master\frontend\node_modules\echarts\lib\chart\helper\EffectSymbol.js
<s> [webpack.Progress] 67% building 722/756 modules 34 active D:\twice-market-master\frontend\node_modules\zrender\lib\core\OrientedBoundingRect.js
<s> [webpack.Progress] 67% building 722/757 modules 35 active D:\twice-market-master\frontend\node_modules\zrender\lib\graphic\LinearGradient.js
<s> [webpack.Progress] 67% building 722/758 modules 36 active D:\twice-market-master\frontend\node_modules\zrender\lib\core\Transformable.js
<s> [webpack.Progress] 67% building 722/759 modules 37 active D:\twice-market-master\frontend\node_modules\echarts\lib\chart\helper\SymbolDraw.js
<s> [webpack.Progress] 67% building 722/760 modules 38 active D:\twice-market-master\frontend\node_modules\zrender\lib\core\event.js
<s> [webpack.Progress] 66% building 722/761 modules 39 active D:\twice-market-master\frontend\node_modules\echarts\lib\chart\candlestick\candlestickVisual.js
<s> [webpack.Progress] 66% building 722/762 modules 40 active D:\twice-market-master\frontend\node_modules\echarts\lib\chart\lines\linesLayout.js
<s> [webpack.Progress] 66% building 722/763 modules 41 active D:\twice-market-master\frontend\node_modules\echarts\lib\chart\helper\createClipPathFromCoordSys.js
<s> [webpack.Progress] 66% building 722/764 modules 42 active D:\twice-market-master\frontend\node_modules\echarts\lib\chart\helper\EffectPolyline.js
<s> [webpack.Progress] 66% building 722/765 modules 43 active D:\twice-market-master\frontend\node_modules\echarts\lib\chart\helper\LargeLineDraw.js
<s> [webpack.Progress] 66% building 722/766 modules 44 active D:\twice-market-master\frontend\node_modules\echarts\lib\chart\helper\Line.js
<s> [webpack.Progress] 66% building 722/767 modules 45 active D:\twice-market-master\frontend\node_modules\echarts\lib\chart\helper\Polyline.js
<s> [webpack.Progress] 66% building 722/768 modules 46 active D:\twice-market-master\frontend\node_modules\echarts\lib\chart\helper\EffectLine.js
<s> [webpack.Progress] 66% building 722/769 modules 47 active D:\twice-market-master\frontend\node_modules\echarts\lib\chart\helper\LineDraw.js
<s> [webpack.Progress] 66% building 722/770 modules 48 active D:\twice-market-master\frontend\node_modules\async-validator\es\rule\enum.js
<s> [webpack.Progress] 66% building 722/771 modules 49 active D:\twice-market-master\frontend\node_modules\side-channel-map\index.js
<s> [webpack.Progress] 66% building 722/772 modules 50 active D:\twice-market-master\frontend\node_modules\echarts\lib\component\helper\brushHelper.js
<s> [webpack.Progress] 66% building 722/773 modules 51 active D:\twice-market-master\frontend\node_modules\side-channel-weakmap\index.js
<s> [webpack.Progress] 65% building 722/774 modules 52 active D:\twice-market-master\frontend\node_modules\side-channel-list\index.js
<s> [webpack.Progress] 65% building 722/775 modules 53 active D:\twice-market-master\frontend\node_modules\echarts\lib\component\helper\interactionMutex.js
<s> [webpack.Progress] 65% building 722/776 modules 54 active D:\twice-market-master\frontend\node_modules\object-inspect\index.js
<s> [webpack.Progress] 65% building 722/777 modules 55 active D:\twice-market-master\frontend\node_modules\zrender\lib\contain\util.js
<s> [webpack.Progress] 65% building 722/778 modules 56 active D:\twice-market-master\frontend\node_modules\zrender\lib\contain\text.js
<s> [webpack.Progress] 65% building 723/778 modules 55 active D:\twice-market-master\frontend\node_modules\zrender\lib\contain\text.js
<s> [webpack.Progress] 65% building 724/778 modules 54 active D:\twice-market-master\frontend\node_modules\zrender\lib\contain\text.js
<s> [webpack.Progress] 65% building 725/778 modules 53 active D:\twice-market-master\frontend\node_modules\zrender\lib\contain\text.js
<s> [webpack.Progress] 65% building 725/779 modules 54 active D:\twice-market-master\frontend\node_modules\zrender\lib\svg\cssClassId.js
<s> [webpack.Progress] 65% building 725/780 modules 55 active D:\twice-market-master\frontend\node_modules\echarts\lib\coord\scaleRawExtentInfo.js
<s> [webpack.Progress] 65% building 726/780 modules 54 active D:\twice-market-master\frontend\node_modules\echarts\lib\coord\scaleRawExtentInfo.js
<s> [webpack.Progress] 65% building 727/780 modules 53 active D:\twice-market-master\frontend\node_modules\echarts\lib\coord\scaleRawExtentInfo.js
<s> [webpack.Progress] 65% building 728/780 modules 52 active D:\twice-market-master\frontend\node_modules\echarts\lib\coord\scaleRawExtentInfo.js
<s> [webpack.Progress] 66% building 729/780 modules 51 active D:\twice-market-master\frontend\node_modules\echarts\lib\coord\scaleRawExtentInfo.js
<s> [webpack.Progress] 66% building 730/780 modules 50 active D:\twice-market-master\frontend\node_modules\echarts\lib\coord\scaleRawExtentInfo.js
<s> [webpack.Progress] 66% building 730/781 modules 51 active D:\twice-market-master\frontend\node_modules\async-validator\es\rule\range.js
<s> [webpack.Progress] 66% building 730/782 modules 52 active D:\twice-market-master\frontend\node_modules\echarts\lib\i18n\langZH.js
<s> [webpack.Progress] 65% building 730/783 modules 53 active D:\twice-market-master\frontend\node_modules\echarts\lib\i18n\langEN.js
<s> [webpack.Progress] 65% building 730/784 modules 54 active D:\twice-market-master\frontend\node_modules\echarts\lib\chart\gauge\PointerPath.js
<s> [webpack.Progress] 65% building 730/785 modules 55 active D:\twice-market-master\frontend\node_modules\echarts\lib\chart\helper\whiskerBoxCommon.js
<s> [webpack.Progress] 65% building 730/786 modules 56 active D:\twice-market-master\frontend\node_modules\echarts\lib\label\labelGuideHelper.js
<s> [webpack.Progress] 65% building 730/787 modules 57 active D:\twice-market-master\frontend\node_modules\zrender\lib\graphic\shape\Rect.js
<s> [webpack.Progress] 65% building 730/788 modules 58 active D:\twice-market-master\frontend\node_modules\zrender\lib\graphic\shape\Arc.js
<s> [webpack.Progress] 65% building 730/789 modules 59 active D:\twice-market-master\frontend\node_modules\zrender\lib\graphic\shape\Line.js
<s> [webpack.Progress] 65% building 730/790 modules 60 active D:\twice-market-master\frontend\node_modules\zrender\lib\graphic\shape\BezierCurve.js
<s> [webpack.Progress] 65% building 730/791 modules 61 active D:\twice-market-master\frontend\node_modules\zrender\lib\graphic\shape\Polygon.js
<s> [webpack.Progress] 65% building 730/792 modules 62 active D:\twice-market-master\frontend\node_modules\zrender\lib\graphic\shape\Polyline.js
<s> [webpack.Progress] 65% building 730/793 modules 63 active D:\twice-market-master\frontend\node_modules\zrender\lib\graphic\shape\Ring.js
<s> [webpack.Progress] 65% building 730/794 modules 64 active D:\twice-market-master\frontend\node_modules\zrender\lib\graphic\shape\Ellipse.js
<s> [webpack.Progress] 65% building 730/795 modules 65 active D:\twice-market-master\frontend\node_modules\zrender\lib\graphic\shape\Sector.js
<s> [webpack.Progress] 65% building 730/796 modules 66 active D:\twice-market-master\frontend\node_modules\zrender\lib\graphic\shape\Circle.js
<s> [webpack.Progress] 64% building 730/797 modules 67 active D:\twice-market-master\frontend\node_modules\async-validator\es\rule\type.js
<s> [webpack.Progress] 64% building 730/798 modules 68 active D:\twice-market-master\frontend\node_modules\zrender\lib\contain\path.js
<s> [webpack.Progress] 64% building 730/799 modules 69 active D:\twice-market-master\frontend\node_modules\async-validator\es\rule\whitespace.js
<s> [webpack.Progress] 64% building 731/799 modules 68 active D:\twice-market-master\frontend\node_modules\async-validator\es\rule\whitespace.js
<s> [webpack.Progress] 64% building 732/799 modules 67 active D:\twice-market-master\frontend\node_modules\async-validator\es\rule\whitespace.js
<s> [webpack.Progress] 65% building 733/799 modules 66 active D:\twice-market-master\frontend\node_modules\async-validator\es\rule\whitespace.js
<s> [webpack.Progress] 65% building 734/799 modules 65 active D:\twice-market-master\frontend\node_modules\async-validator\es\rule\whitespace.js
<s> [webpack.Progress] 65% building 735/799 modules 64 active D:\twice-market-master\frontend\node_modules\async-validator\es\rule\whitespace.js
<s> [webpack.Progress] 65% building 736/799 modules 63 active D:\twice-market-master\frontend\node_modules\async-validator\es\rule\whitespace.js
<s> [webpack.Progress] 65% building 737/799 modules 62 active D:\twice-market-master\frontend\node_modules\async-validator\es\rule\whitespace.js
<s> [webpack.Progress] 65% building 738/799 modules 61 active D:\twice-market-master\frontend\node_modules\async-validator\es\rule\whitespace.js
<s> [webpack.Progress] 65% building 738/800 modules 62 active D:\twice-market-master\frontend\node_modules\echarts\lib\coord\View.js
<s> [webpack.Progress] 65% building 738/801 modules 63 active D:\twice-market-master\frontend\node_modules\echarts\lib\component\helper\cursorHelper.js
<s> [webpack.Progress] 65% building 738/802 modules 64 active D:\twice-market-master\frontend\node_modules\echarts\lib\component\helper\RoamController.js
<s> [webpack.Progress] 65% building 738/803 modules 65 active D:\twice-market-master\frontend\node_modules\echarts\lib\chart\tree\layoutHelper.js
<s> [webpack.Progress] 65% building 738/804 modules 66 active D:\twice-market-master\frontend\node_modules\echarts\lib\component\helper\roamHelper.js
<s> [webpack.Progress] 65% building 738/805 modules 67 active D:\twice-market-master\frontend\node_modules\echarts\lib\visual\LegendVisualProvider.js
<s> [webpack.Progress] 64% building 738/806 modules 68 active D:\twice-market-master\frontend\node_modules\echarts\lib\component\tooltip\tooltipMarkup.js
<s> [webpack.Progress] 64% building 738/807 modules 69 active D:\twice-market-master\frontend\node_modules\echarts\lib\chart\helper\Symbol.js
<s> [webpack.Progress] 64% building 738/808 modules 70 active D:\twice-market-master\frontend\node_modules\echarts\lib\chart\helper\createSeriesDataSimply.js
<s> [webpack.Progress] 64% building 738/809 modules 71 active D:\twice-market-master\frontend\node_modules\echarts\lib\component\dataZoom\dataZoomAction.js
<s> [webpack.Progress] 64% building 738/810 modules 72 active D:\twice-market-master\frontend\node_modules\echarts\lib\chart\helper\labelHelper.js
<s> [webpack.Progress] 64% building 738/811 modules 73 active D:\twice-market-master\frontend\node_modules\echarts\lib\component\dataZoom\DataZoomModel.js
<s> [webpack.Progress] 64% building 739/811 modules 72 active D:\twice-market-master\frontend\node_modules\echarts\lib\component\dataZoom\DataZoomModel.js
<s> [webpack.Progress] 64% building 740/811 modules 71 active D:\twice-market-master\frontend\node_modules\echarts\lib\component\dataZoom\DataZoomModel.js
<s> [webpack.Progress] 64% building 740/812 modules 72 active D:\twice-market-master\frontend\node_modules\echarts\lib\util\shape\sausage.js
<s> [webpack.Progress] 64% building 741/812 modules 71 active D:\twice-market-master\frontend\node_modules\echarts\lib\util\shape\sausage.js
<s> [webpack.Progress] 64% building 741/813 modules 72 active D:\twice-market-master\frontend\node_modules\echarts\lib\visual\VisualMapping.js
<s> [webpack.Progress] 64% building 741/814 modules 73 active D:\twice-market-master\frontend\node_modules\echarts\lib\visual\visualDefault.js
<s> [webpack.Progress] 64% building 741/815 modules 74 active D:\twice-market-master\frontend\node_modules\echarts\lib\model\mixin\dataFormat.js
<s> [webpack.Progress] 64% building 741/816 modules 75 active D:\twice-market-master\frontend\node_modules\echarts\lib\component\visualMap\VisualMapModel.js
<s> [webpack.Progress] 64% building 742/816 modules 74 active D:\twice-market-master\frontend\node_modules\echarts\lib\component\visualMap\VisualMapModel.js
<s> [webpack.Progress] 64% building 743/816 modules 73 active D:\twice-market-master\frontend\node_modules\echarts\lib\component\visualMap\VisualMapModel.js
<s> [webpack.Progress] 64% building 744/816 modules 72 active D:\twice-market-master\frontend\node_modules\echarts\lib\component\visualMap\VisualMapModel.js
<s> [webpack.Progress] 64% building 745/816 modules 71 active D:\twice-market-master\frontend\node_modules\echarts\lib\component\visualMap\VisualMapModel.js
<s> [webpack.Progress] 64% building 746/816 modules 70 active D:\twice-market-master\frontend\node_modules\echarts\lib\component\visualMap\VisualMapModel.js
<s> [webpack.Progress] 64% building 746/817 modules 71 active D:\twice-market-master\frontend\node_modules\echarts\lib\component\timeline\TimelineModel.js
<s> [webpack.Progress] 64% building 747/817 modules 70 active D:\twice-market-master\frontend\node_modules\echarts\lib\component\timeline\TimelineModel.js
<s> [webpack.Progress] 64% building 748/817 modules 69 active D:\twice-market-master\frontend\node_modules\echarts\lib\component\timeline\TimelineModel.js
<s> [webpack.Progress] 65% building 749/817 modules 68 active D:\twice-market-master\frontend\node_modules\echarts\lib\component\timeline\TimelineModel.js
<s> [webpack.Progress] 65% building 750/817 modules 67 active D:\twice-market-master\frontend\node_modules\echarts\lib\component\timeline\TimelineModel.js
<s> [webpack.Progress] 65% building 751/817 modules 66 active D:\twice-market-master\frontend\node_modules\echarts\lib\component\timeline\TimelineModel.js
<s> [webpack.Progress] 65% building 752/817 modules 65 active D:\twice-market-master\frontend\node_modules\echarts\lib\component\timeline\TimelineModel.js
<s> [webpack.Progress] 65% building 753/817 modules 64 active D:\twice-market-master\frontend\node_modules\echarts\lib\component\timeline\TimelineModel.js
<s> [webpack.Progress] 65% building 754/817 modules 63 active D:\twice-market-master\frontend\node_modules\echarts\lib\component\timeline\TimelineModel.js
<s> [webpack.Progress] 65% building 755/817 modules 62 active D:\twice-market-master\frontend\node_modules\echarts\lib\component\timeline\TimelineModel.js
<s> [webpack.Progress] 65% building 756/817 modules 61 active D:\twice-market-master\frontend\node_modules\echarts\lib\component\timeline\TimelineModel.js
<s> [webpack.Progress] 65% building 757/817 modules 60 active D:\twice-market-master\frontend\node_modules\echarts\lib\component\timeline\TimelineModel.js
<s> [webpack.Progress] 65% building 758/817 modules 59 active D:\twice-market-master\frontend\node_modules\echarts\lib\component\timeline\TimelineModel.js
<s> [webpack.Progress] 65% building 759/817 modules 58 active D:\twice-market-master\frontend\node_modules\echarts\lib\component\timeline\TimelineModel.js
<s> [webpack.Progress] 65% building 760/817 modules 57 active D:\twice-market-master\frontend\node_modules\echarts\lib\component\timeline\TimelineModel.js
<s> [webpack.Progress] 65% building 761/817 modules 56 active D:\twice-market-master\frontend\node_modules\echarts\lib\component\timeline\TimelineModel.js
<s> [webpack.Progress] 65% building 762/817 modules 55 active D:\twice-market-master\frontend\node_modules\echarts\lib\component\timeline\TimelineModel.js
<s> [webpack.Progress] 66% building 763/817 modules 54 active D:\twice-market-master\frontend\node_modules\echarts\lib\component\timeline\TimelineModel.js
<s> [webpack.Progress] 66% building 764/817 modules 53 active D:\twice-market-master\frontend\node_modules\echarts\lib\component\timeline\TimelineModel.js
<s> [webpack.Progress] 66% building 765/817 modules 52 active D:\twice-market-master\frontend\node_modules\echarts\lib\component\timeline\TimelineModel.js
<s> [webpack.Progress] 66% building 766/817 modules 51 active D:\twice-market-master\frontend\node_modules\echarts\lib\component\timeline\TimelineModel.js
<s> [webpack.Progress] 66% building 767/817 modules 50 active D:\twice-market-master\frontend\node_modules\echarts\lib\component\timeline\TimelineModel.js
<s> [webpack.Progress] 66% building 768/817 modules 49 active D:\twice-market-master\frontend\node_modules\echarts\lib\component\timeline\TimelineModel.js
<s> [webpack.Progress] 66% building 769/817 modules 48 active D:\twice-market-master\frontend\node_modules\echarts\lib\component\timeline\TimelineModel.js
<s> [webpack.Progress] 66% building 770/817 modules 47 active D:\twice-market-master\frontend\node_modules\echarts\lib\component\timeline\TimelineModel.js
<s> [webpack.Progress] 66% building 771/817 modules 46 active D:\twice-market-master\frontend\node_modules\echarts\lib\component\timeline\TimelineModel.js
<s> [webpack.Progress] 66% building 771/818 modules 47 active D:\twice-market-master\frontend\node_modules\echarts\lib\component\visualMap\preprocessor.js
<s> [webpack.Progress] 66% building 771/819 modules 48 active D:\twice-market-master\frontend\node_modules\echarts\lib\visual\helper.js
<s> [webpack.Progress] 66% building 771/820 modules 49 active D:\twice-market-master\frontend\node_modules\echarts\lib\component\marker\MarkerModel.js
<s> [webpack.Progress] 66% building 771/821 modules 50 active D:\twice-market-master\frontend\node_modules\echarts\lib\component\visualMap\visualEncoding.js
<s> [webpack.Progress] 66% building 772/821 modules 49 active D:\twice-market-master\frontend\node_modules\echarts\lib\component\visualMap\visualEncoding.js
<s> [webpack.Progress] 66% building 772/822 modules 50 active D:\twice-market-master\frontend\node_modules\echarts\lib\component\marker\MarkerView.js
<s> [webpack.Progress] 66% building 773/822 modules 49 active D:\twice-market-master\frontend\node_modules\echarts\lib\component\marker\MarkerView.js
<s> [webpack.Progress] 66% building 774/822 modules 48 active D:\twice-market-master\frontend\node_modules\echarts\lib\component\marker\MarkerView.js
<s> [webpack.Progress] 66% building 775/822 modules 47 active D:\twice-market-master\frontend\node_modules\echarts\lib\component\marker\MarkerView.js
<s> [webpack.Progress] 66% building 776/822 modules 46 active D:\twice-market-master\frontend\node_modules\echarts\lib\component\marker\MarkerView.js
<s> [webpack.Progress] 66% building 777/822 modules 45 active D:\twice-market-master\frontend\node_modules\echarts\lib\component\marker\MarkerView.js
<s> [webpack.Progress] 66% building 777/823 modules 46 active D:\twice-market-master\frontend\node_modules\echarts\lib\data\DataStore.js
<s> [webpack.Progress] 66% building 778/823 modules 45 active D:\twice-market-master\frontend\node_modules\echarts\lib\data\DataStore.js
<s> [webpack.Progress] 66% building 779/823 modules 44 active D:\twice-market-master\frontend\node_modules\echarts\lib\data\DataStore.js
<s> [webpack.Progress] 66% building 779/824 modules 45 active D:\twice-market-master\frontend\node_modules\babel-runtime\node_modules\core-js\library\fn\symbol\iterator.js
<s> [webpack.Progress] 66% building 779/825 modules 46 active D:\twice-market-master\frontend\node_modules\babel-runtime\node_modules\core-js\library\fn\object\assign.js
<s> [webpack.Progress] 66% building 779/826 modules 47 active D:\twice-market-master\frontend\node_modules\echarts\lib\data\SeriesDimensionDefine.js
<s> [webpack.Progress] 66% building 780/826 modules 46 active D:\twice-market-master\frontend\node_modules\echarts\lib\data\SeriesDimensionDefine.js
<s> [webpack.Progress] 66% building 780/827 modules 47 active D:\twice-market-master\frontend\node_modules\echarts\lib\component\marker\markerHelper.js
<s> [webpack.Progress] 66% building 780/828 modules 48 active D:\twice-market-master\frontend\node_modules\echarts\lib\coord\geo\geoCreator.js
<s> [webpack.Progress] 66% building 780/829 modules 49 active D:\twice-market-master\frontend\node_modules\echarts\lib\coord\geo\geoSourceManager.js
<s> [webpack.Progress] 66% building 781/829 modules 48 active D:\twice-market-master\frontend\node_modules\echarts\lib\coord\geo\geoSourceManager.js
<s> [webpack.Progress] 66% building 782/829 modules 47 active D:\twice-market-master\frontend\node_modules\echarts\lib\coord\geo\geoSourceManager.js
<s> [webpack.Progress] 66% building 782/830 modules 48 active D:\twice-market-master\frontend\node_modules\zrender\lib\core\WeakMap.js
<s> [webpack.Progress] 66% building 782/831 modules 49 active D:\twice-market-master\frontend\node_modules\echarts\lib\scale\Log.js
<s> [webpack.Progress] 66% building 783/831 modules 48 active D:\twice-market-master\frontend\node_modules\echarts\lib\scale\Log.js
<s> [webpack.Progress] 66% building 784/831 modules 47 active D:\twice-market-master\frontend\node_modules\echarts\lib\scale\Log.js
<s> [webpack.Progress] 66% building 784/832 modules 48 active D:\twice-market-master\frontend\node_modules\echarts\lib\scale\Time.js
<s> [webpack.Progress] 66% building 784/833 modules 49 active D:\twice-market-master\frontend\node_modules\echarts\lib\scale\Scale.js
<s> [webpack.Progress] 66% building 784/834 modules 50 active D:\twice-market-master\frontend\node_modules\echarts\lib\layout\barGrid.js
<s> [webpack.Progress] 66% building 785/834 modules 49 active D:\twice-market-master\frontend\node_modules\echarts\lib\layout\barGrid.js
<s> [webpack.Progress] 66% building 786/834 modules 48 active D:\twice-market-master\frontend\node_modules\echarts\lib\layout\barGrid.js
<s> [webpack.Progress] 66% building 787/834 modules 47 active D:\twice-market-master\frontend\node_modules\echarts\lib\layout\barGrid.js
<s> [webpack.Progress] 66% building 788/834 modules 46 active D:\twice-market-master\frontend\node_modules\echarts\lib\layout\barGrid.js
<s> [webpack.Progress] 66% building 789/834 modules 45 active D:\twice-market-master\frontend\node_modules\echarts\lib\layout\barGrid.js
<s> [webpack.Progress] 66% building 790/834 modules 44 active D:\twice-market-master\frontend\node_modules\echarts\lib\layout\barGrid.js
<s> [webpack.Progress] 66% building 791/834 modules 43 active D:\twice-market-master\frontend\node_modules\echarts\lib\layout\barGrid.js
<s> [webpack.Progress] 66% building 792/834 modules 42 active D:\twice-market-master\frontend\node_modules\echarts\lib\layout\barGrid.js
<s> [webpack.Progress] 67% building 793/834 modules 41 active D:\twice-market-master\frontend\node_modules\echarts\lib\layout\barGrid.js
<s> [webpack.Progress] 67% building 794/834 modules 40 active D:\twice-market-master\frontend\node_modules\echarts\lib\layout\barGrid.js
<s> [webpack.Progress] 67% building 795/834 modules 39 active D:\twice-market-master\frontend\node_modules\echarts\lib\layout\barGrid.js
<s> [webpack.Progress] 67% building 796/834 modules 38 active D:\twice-market-master\frontend\node_modules\echarts\lib\layout\barGrid.js
<s> [webpack.Progress] 67% building 796/835 modules 39 active D:\twice-market-master\frontend\node_modules\buffer\index.js
<s> [webpack.Progress] 67% building 797/835 modules 38 active D:\twice-market-master\frontend\node_modules\buffer\index.js
<s> [webpack.Progress] 67% building 798/835 modules 37 active D:\twice-market-master\frontend\node_modules\buffer\index.js
<s> [webpack.Progress] 67% building 799/835 modules 36 active D:\twice-market-master\frontend\node_modules\buffer\index.js
<s> [webpack.Progress] 67% building 799/836 modules 37 active D:\twice-market-master\frontend\node_modules\echarts\lib\scale\Interval.js
<s> [webpack.Progress] 67% building 799/837 modules 38 active D:\twice-market-master\frontend\node_modules\echarts\lib\scale\Ordinal.js
<s> [webpack.Progress] 67% building 799/838 modules 39 active D:\twice-market-master\frontend\node_modules\zrender\lib\svg\patch.js
<s> [webpack.Progress] 67% building 799/839 modules 40 active D:\twice-market-master\frontend\node_modules\zrender\lib\Element.js
<s> [webpack.Progress] 67% building 799/840 modules 41 active D:\twice-market-master\frontend\node_modules\echarts\lib\coord\geo\Region.js
<s> [webpack.Progress] 67% building 799/841 modules 42 active D:\twice-market-master\frontend\node_modules\zrender\lib\Storage.js
<s> [webpack.Progress] 66% building 799/842 modules 43 active D:\twice-market-master\frontend\node_modules\echarts\lib\coord\axisTickLabelBuilder.js
<s> [webpack.Progress] 66% building 799/843 modules 44 active D:\twice-market-master\frontend\node_modules\echarts\lib\data\helper\dataProvider.js
<s> [webpack.Progress] 66% building 799/844 modules 45 active D:\twice-market-master\frontend\node_modules\zrender\lib\Handler.js
<s> [webpack.Progress] 66% building 799/845 modules 46 active D:\twice-market-master\frontend\node_modules\echarts\lib\chart\custom\CustomView.js
<s> [webpack.Progress] 66% building 799/846 modules 47 active D:\twice-market-master\frontend\node_modules\echarts\lib\chart\sunburst\sunburstVisual.js
<s> [webpack.Progress] 66% building 800/846 modules 46 active D:\twice-market-master\frontend\node_modules\echarts\lib\chart\sunburst\sunburstVisual.js
<s> [webpack.Progress] 66% building 801/846 modules 45 active D:\twice-market-master\frontend\node_modules\echarts\lib\chart\sunburst\sunburstVisual.js
<s> [webpack.Progress] 66% building 802/846 modules 44 active D:\twice-market-master\frontend\node_modules\echarts\lib\chart\sunburst\sunburstVisual.js
<s> [webpack.Progress] 66% building 803/846 modules 43 active D:\twice-market-master\frontend\node_modules\echarts\lib\chart\sunburst\sunburstVisual.js
<s> [webpack.Progress] 66% building 803/847 modules 44 active D:\twice-market-master\frontend\node_modules\echarts\lib\chart\candlestick\candlestickLayout.js
<s> [webpack.Progress] 66% building 803/848 modules 45 active D:\twice-market-master\frontend\node_modules\echarts\lib\chart\themeRiver\themeRiverLayout.js
<s> [webpack.Progress] 66% building 804/848 modules 44 active D:\twice-market-master\frontend\node_modules\echarts\lib\chart\themeRiver\themeRiverLayout.js
<s> [webpack.Progress] 66% building 804/849 modules 45 active D:\twice-market-master\frontend\node_modules\zrender\lib\graphic\Gradient.js
<s> [webpack.Progress] 66% building 804/850 modules 46 active D:\twice-market-master\frontend\node_modules\echarts\lib\chart\candlestick\CandlestickSeries.js
<s> [webpack.Progress] 66% building 804/851 modules 47 active D:\twice-market-master\frontend\node_modules\echarts\lib\chart\sunburst\SunburstSeries.js
<s> [webpack.Progress] 66% building 805/851 modules 46 active D:\twice-market-master\frontend\node_modules\echarts\lib\chart\sunburst\SunburstSeries.js
<s> [webpack.Progress] 66% building 806/851 modules 45 active D:\twice-market-master\frontend\node_modules\echarts\lib\chart\sunburst\SunburstSeries.js
<s> [webpack.Progress] 66% building 806/852 modules 46 active D:\twice-market-master\frontend\node_modules\echarts\lib\chart\candlestick\preprocessor.js
<s> [webpack.Progress] 66% building 807/852 modules 45 active D:\twice-market-master\frontend\node_modules\echarts\lib\chart\candlestick\preprocessor.js
<s> [webpack.Progress] 66% building 808/852 modules 44 active D:\twice-market-master\frontend\node_modules\echarts\lib\chart\candlestick\preprocessor.js
<s> [webpack.Progress] 66% building 808/853 modules 45 active D:\twice-market-master\frontend\node_modules\echarts\lib\chart\sunburst\sunburstLayout.js
<s> [webpack.Progress] 66% building 808/854 modules 46 active D:\twice-market-master\frontend\node_modules\echarts\lib\chart\themeRiver\ThemeRiverSeries.js
<s> [webpack.Progress] 66% building 808/855 modules 47 active D:\twice-market-master\frontend\node_modules\echarts\lib\chart\effectScatter\EffectScatterSeries.js
<s> [webpack.Progress] 66% building 809/855 modules 46 active D:\twice-market-master\frontend\node_modules\echarts\lib\chart\effectScatter\EffectScatterSeries.js
<s> [webpack.Progress] 66% building 809/856 modules 47 active D:\twice-market-master\frontend\node_modules\echarts\lib\chart\helper\LinePath.js
<s> [webpack.Progress] 66% building 809/857 modules 48 active D:\twice-market-master\frontend\node_modules\echarts\lib\chart\lines\linesVisual.js
<s> [webpack.Progress] 66% building 809/858 modules 49 active D:\twice-market-master\frontend\node_modules\zrender\lib\contain\quadratic.js
<s> [webpack.Progress] 66% building 809/859 modules 50 active D:\twice-market-master\frontend\node_modules\echarts\lib\chart\lines\LinesSeries.js
<s> [webpack.Progress] 66% building 809/860 modules 51 active D:\twice-market-master\frontend\node_modules\echarts\lib\chart\heatmap\HeatmapSeries.js
<s> [webpack.Progress] 66% building 810/860 modules 50 active D:\twice-market-master\frontend\node_modules\echarts\lib\chart\heatmap\HeatmapSeries.js
<s> [webpack.Progress] 66% building 810/861 modules 51 active D:\twice-market-master\frontend\node_modules\zrender\lib\contain\line.js
<s> [webpack.Progress] 66% building 810/862 modules 52 active D:\twice-market-master\frontend\node_modules\echarts\lib\chart\sankey\sankeyVisual.js
<s> [webpack.Progress] 66% building 811/862 modules 51 active D:\twice-market-master\frontend\node_modules\echarts\lib\chart\sankey\sankeyVisual.js
<s> [webpack.Progress] 66% building 811/863 modules 52 active D:\twice-market-master\frontend\node_modules\echarts\lib\chart\sankey\sankeyLayout.js
<s> [webpack.Progress] 66% building 812/863 modules 51 active D:\twice-market-master\frontend\node_modules\echarts\lib\chart\sankey\sankeyLayout.js
<s> [webpack.Progress] 66% building 813/863 modules 50 active D:\twice-market-master\frontend\node_modules\echarts\lib\chart\sankey\sankeyLayout.js
<s> [webpack.Progress] 66% building 814/863 modules 49 active D:\twice-market-master\frontend\node_modules\echarts\lib\chart\sankey\sankeyLayout.js
<s> [webpack.Progress] 66% building 815/863 modules 48 active D:\twice-market-master\frontend\node_modules\echarts\lib\chart\sankey\sankeyLayout.js
<s> [webpack.Progress] 66% building 816/863 modules 47 active D:\twice-market-master\frontend\node_modules\echarts\lib\chart\sankey\sankeyLayout.js
<s> [webpack.Progress] 66% building 817/863 modules 46 active D:\twice-market-master\frontend\node_modules\echarts\lib\chart\sankey\sankeyLayout.js
<s> [webpack.Progress] 66% building 817/864 modules 47 active D:\twice-market-master\frontend\node_modules\echarts\lib\chart\sankey\SankeySeries.js
<s> [webpack.Progress] 66% building 818/864 modules 46 active D:\twice-market-master\frontend\node_modules\echarts\lib\chart\sankey\SankeySeries.js
<s> [webpack.Progress] 66% building 819/864 modules 45 active D:\twice-market-master\frontend\node_modules\echarts\lib\chart\sankey\SankeySeries.js
<s> [webpack.Progress] 66% building 820/864 modules 44 active D:\twice-market-master\frontend\node_modules\echarts\lib\chart\sankey\SankeySeries.js
<s> [webpack.Progress] 67% building 821/864 modules 43 active D:\twice-market-master\frontend\node_modules\echarts\lib\chart\sankey\SankeySeries.js
<s> [webpack.Progress] 67% building 822/864 modules 42 active D:\twice-market-master\frontend\node_modules\echarts\lib\chart\sankey\SankeySeries.js
<s> [webpack.Progress] 67% building 822/865 modules 43 active D:\twice-market-master\frontend\node_modules\echarts\lib\chart\boxplot\boxplotTransform.js
<s> [webpack.Progress] 66% building 822/866 modules 44 active D:\twice-market-master\frontend\node_modules\echarts\lib\chart\boxplot\boxplotLayout.js
<s> [webpack.Progress] 66% building 822/867 modules 45 active D:\twice-market-master\frontend\node_modules\echarts\lib\chart\boxplot\BoxplotView.js
<s> [webpack.Progress] 66% building 822/868 modules 46 active D:\twice-market-master\frontend\node_modules\echarts\lib\chart\parallel\ParallelSeries.js
<s> [webpack.Progress] 66% building 823/868 modules 45 active D:\twice-market-master\frontend\node_modules\echarts\lib\chart\parallel\ParallelSeries.js
<s> [webpack.Progress] 66% building 823/869 modules 46 active D:\twice-market-master\frontend\node_modules\echarts\lib\chart\parallel\ParallelView.js
<s> [webpack.Progress] 66% building 823/870 modules 47 active D:\twice-market-master\frontend\node_modules\echarts\lib\chart\graph\GraphView.js
<s> [webpack.Progress] 66% building 823/871 modules 48 active D:\twice-market-master\frontend\node_modules\echarts\lib\chart\graph\GraphSeries.js
<s> [webpack.Progress] 66% building 823/872 modules 49 active D:\twice-market-master\frontend\node_modules\echarts\lib\chart\graph\createView.js
<s> [webpack.Progress] 66% building 823/873 modules 50 active D:\twice-market-master\frontend\node_modules\echarts\lib\chart\graph\circularLayout.js
<s> [webpack.Progress] 66% building 823/874 modules 51 active D:\twice-market-master\frontend\node_modules\echarts\lib\chart\graph\forceLayout.js
<s> [webpack.Progress] 66% building 823/875 modules 52 active D:\twice-market-master\frontend\node_modules\zrender\lib\graphic\helper\roundRect.js
<s> [webpack.Progress] 66% building 824/875 modules 51 active D:\twice-market-master\frontend\node_modules\zrender\lib\graphic\helper\roundRect.js
<s> [webpack.Progress] 66% building 825/875 modules 50 active D:\twice-market-master\frontend\node_modules\zrender\lib\graphic\helper\roundRect.js
<s> [webpack.Progress] 66% building 826/875 modules 49 active D:\twice-market-master\frontend\node_modules\zrender\lib\graphic\helper\roundRect.js
<s> [webpack.Progress] 66% building 826/876 modules 50 active D:\twice-market-master\frontend\node_modules\echarts\lib\processor\dataFilter.js
<s> [webpack.Progress] 66% building 826/877 modules 51 active D:\twice-market-master\frontend\node_modules\zrender\lib\graphic\helper\roundSector.js
<s> [webpack.Progress] 66% building 826/878 modules 52 active D:\twice-market-master\frontend\node_modules\zrender\lib\contain\windingLine.js
<s> [webpack.Progress] 66% building 827/878 modules 51 active D:\twice-market-master\frontend\node_modules\zrender\lib\contain\windingLine.js
<s> [webpack.Progress] 66% building 828/878 modules 50 active D:\twice-market-master\frontend\node_modules\zrender\lib\contain\windingLine.js
<s> [webpack.Progress] 66% building 829/878 modules 49 active D:\twice-market-master\frontend\node_modules\zrender\lib\contain\windingLine.js
<s> [webpack.Progress] 66% building 829/879 modules 50 active ignored D:\twice-market-master\frontend\node_modules\object-inspect ./util.inspect
<s> [webpack.Progress] 66% building 830/879 modules 49 active D:\twice-market-master\frontend\node_modules\zrender\lib\contain\windingLine.js
<s> [webpack.Progress] 66% building 831/879 modules 48 active D:\twice-market-master\frontend\node_modules\zrender\lib\contain\windingLine.js
<s> [webpack.Progress] 66% building 832/879 modules 47 active D:\twice-market-master\frontend\node_modules\zrender\lib\contain\windingLine.js
<s> [webpack.Progress] 66% building 833/879 modules 46 active D:\twice-market-master\frontend\node_modules\zrender\lib\contain\windingLine.js
<s> [webpack.Progress] 66% building 834/879 modules 45 active D:\twice-market-master\frontend\node_modules\zrender\lib\contain\windingLine.js
<s> [webpack.Progress] 66% building 835/879 modules 44 active D:\twice-market-master\frontend\node_modules\zrender\lib\contain\windingLine.js
<s> [webpack.Progress] 66% building 835/880 modules 45 active D:\twice-market-master\frontend\node_modules\zrender\lib\contain\cubic.js
<s> [webpack.Progress] 66% building 835/881 modules 46 active D:\twice-market-master\frontend\node_modules\zrender\lib\contain\arc.js
<s> [webpack.Progress] 66% building 835/882 modules 47 active D:\twice-market-master\frontend\node_modules\zrender\lib\graphic\helper\poly.js
<s> [webpack.Progress] 66% building 835/883 modules 48 active D:\twice-market-master\frontend\node_modules\echarts\lib\chart\graph\simpleLayout.js
<s> [webpack.Progress] 66% building 835/884 modules 49 active D:\twice-market-master\frontend\node_modules\echarts\lib\chart\gauge\GaugeSeries.js
<s> [webpack.Progress] 66% building 835/885 modules 50 active D:\twice-market-master\frontend\node_modules\echarts\lib\chart\graph\edgeVisual.js
<s> [webpack.Progress] 66% building 835/886 modules 51 active D:\twice-market-master\frontend\node_modules\echarts\lib\chart\graph\categoryVisual.js
<s> [webpack.Progress] 66% building 836/886 modules 50 active D:\twice-market-master\frontend\node_modules\echarts\lib\chart\graph\categoryVisual.js
<s> [webpack.Progress] 66% building 836/887 modules 51 active D:\twice-market-master\frontend\node_modules\echarts\lib\chart\funnel\FunnelSeries.js
<s> [webpack.Progress] 66% building 836/888 modules 52 active D:\twice-market-master\frontend\node_modules\echarts\lib\chart\funnel\funnelLayout.js
<s> [webpack.Progress] 66% building 836/889 modules 53 active D:\twice-market-master\frontend\node_modules\echarts\lib\chart\treemap\treemapLayout.js
<s> [webpack.Progress] 66% building 836/890 modules 54 active D:\twice-market-master\frontend\node_modules\echarts\lib\chart\treemap\TreemapView.js
<s> [webpack.Progress] 66% building 836/891 modules 55 active D:\twice-market-master\frontend\node_modules\echarts\lib\chart\treemap\treemapVisual.js
<s> [webpack.Progress] 66% building 836/892 modules 56 active D:\twice-market-master\frontend\node_modules\echarts\lib\chart\treemap\TreemapSeries.js
<s> [webpack.Progress] 66% building 836/893 modules 57 active D:\twice-market-master\frontend\node_modules\echarts\lib\chart\map\mapSymbolLayout.js
<s> [webpack.Progress] 66% building 836/894 modules 58 active D:\twice-market-master\frontend\node_modules\echarts\lib\chart\map\mapDataStatistic.js
<s> [webpack.Progress] 66% building 836/895 modules 59 active D:\twice-market-master\frontend\node_modules\echarts\lib\chart\radar\RadarView.js
<s> [webpack.Progress] 65% building 836/896 modules 60 active D:\twice-market-master\frontend\node_modules\echarts\lib\chart\radar\backwardCompat.js
<s> [webpack.Progress] 65% building 836/897 modules 61 active D:\twice-market-master\frontend\node_modules\echarts\lib\chart\map\MapSeries.js
<s> [webpack.Progress] 65% building 836/898 modules 62 active D:\twice-market-master\frontend\node_modules\echarts\lib\chart\map\MapView.js
<s> [webpack.Progress] 65% building 836/899 modules 63 active D:\twice-market-master\frontend\node_modules\echarts\lib\chart\tree\treeAction.js
<s> [webpack.Progress] 65% building 836/900 modules 64 active D:\twice-market-master\frontend\node_modules\echarts\lib\chart\radar\radarLayout.js
<s> [webpack.Progress] 65% building 836/901 modules 65 active D:\twice-market-master\frontend\node_modules\echarts\lib\chart\tree\treeVisual.js
<s> [webpack.Progress] 65% building 837/901 modules 64 active D:\twice-market-master\frontend\node_modules\echarts\lib\chart\tree\treeVisual.js
<s> [webpack.Progress] 65% building 838/901 modules 63 active D:\twice-market-master\frontend\node_modules\echarts\lib\chart\tree\treeVisual.js
<s> [webpack.Progress] 65% building 839/901 modules 62 active D:\twice-market-master\frontend\node_modules\echarts\lib\chart\tree\treeVisual.js
<s> [webpack.Progress] 65% building 839/902 modules 63 active D:\twice-market-master\frontend\node_modules\echarts\lib\action\roamHelper.js
<s> [webpack.Progress] 65% building 839/903 modules 64 active D:\twice-market-master\frontend\node_modules\echarts\lib\chart\tree\TreeSeries.js
<s> [webpack.Progress] 65% building 839/904 modules 65 active D:\twice-market-master\frontend\node_modules\echarts\lib\chart\tree\treeLayout.js
<s> [webpack.Progress] 65% building 839/905 modules 66 active D:\twice-market-master\frontend\node_modules\echarts\lib\processor\negativeDataFilter.js
<s> [webpack.Progress] 65% building 840/905 modules 65 active D:\twice-market-master\frontend\node_modules\echarts\lib\processor\negativeDataFilter.js
<s> [webpack.Progress] 65% building 840/906 modules 66 active D:\twice-market-master\frontend\node_modules\echarts\lib\visual\visualSolution.js
<s> [webpack.Progress] 65% building 841/906 modules 65 active D:\twice-market-master\frontend\node_modules\echarts\lib\visual\visualSolution.js
<s> [webpack.Progress] 65% building 842/906 modules 64 active D:\twice-market-master\frontend\node_modules\echarts\lib\visual\visualSolution.js
<s> [webpack.Progress] 65% building 843/906 modules 63 active D:\twice-market-master\frontend\node_modules\echarts\lib\visual\visualSolution.js
<s> [webpack.Progress] 65% building 844/906 modules 62 active D:\twice-market-master\frontend\node_modules\echarts\lib\visual\visualSolution.js
<s> [webpack.Progress] 65% building 845/906 modules 61 active D:\twice-market-master\frontend\node_modules\echarts\lib\visual\visualSolution.js
<s> [webpack.Progress] 66% building 846/906 modules 60 active D:\twice-market-master\frontend\node_modules\echarts\lib\visual\visualSolution.js
<s> [webpack.Progress] 66% building 847/906 modules 59 active D:\twice-market-master\frontend\node_modules\echarts\lib\visual\visualSolution.js
<s> [webpack.Progress] 66% building 848/906 modules 58 active D:\twice-market-master\frontend\node_modules\echarts\lib\visual\visualSolution.js
<s> [webpack.Progress] 66% building 849/906 modules 57 active D:\twice-market-master\frontend\node_modules\echarts\lib\visual\visualSolution.js
<s> [webpack.Progress] 66% building 849/907 modules 58 active D:\twice-market-master\frontend\node_modules\echarts\lib\chart\pie\PieSeries.js
<s> [webpack.Progress] 66% building 850/907 modules 57 active D:\twice-market-master\frontend\node_modules\echarts\lib\chart\pie\PieSeries.js
<s> [webpack.Progress] 66% building 851/907 modules 56 active D:\twice-market-master\frontend\node_modules\echarts\lib\chart\pie\PieSeries.js
<s> [webpack.Progress] 66% building 852/907 modules 55 active D:\twice-market-master\frontend\node_modules\echarts\lib\chart\pie\PieSeries.js
<s> [webpack.Progress] 66% building 853/907 modules 54 active D:\twice-market-master\frontend\node_modules\echarts\lib\chart\pie\PieSeries.js
<s> [webpack.Progress] 66% building 854/907 modules 53 active D:\twice-market-master\frontend\node_modules\echarts\lib\chart\pie\PieSeries.js
<s> [webpack.Progress] 66% building 855/907 modules 52 active D:\twice-market-master\frontend\node_modules\echarts\lib\chart\pie\PieSeries.js
<s> [webpack.Progress] 66% building 856/907 modules 51 active D:\twice-market-master\frontend\node_modules\echarts\lib\chart\pie\PieSeries.js
<s> [webpack.Progress] 66% building 857/907 modules 50 active D:\twice-market-master\frontend\node_modules\echarts\lib\chart\pie\PieSeries.js
<s> [webpack.Progress] 66% building 858/907 modules 49 active D:\twice-market-master\frontend\node_modules\echarts\lib\chart\pie\PieSeries.js
<s> [webpack.Progress] 66% building 859/907 modules 48 active D:\twice-market-master\frontend\node_modules\echarts\lib\chart\pie\PieSeries.js
<s> [webpack.Progress] 66% building 860/907 modules 47 active D:\twice-market-master\frontend\node_modules\echarts\lib\chart\pie\PieSeries.js
<s> [webpack.Progress] 66% building 861/907 modules 46 active D:\twice-market-master\frontend\node_modules\echarts\lib\chart\pie\PieSeries.js
<s> [webpack.Progress] 67% building 862/907 modules 45 active D:\twice-market-master\frontend\node_modules\echarts\lib\chart\pie\PieSeries.js
<s> [webpack.Progress] 67% building 863/907 modules 44 active D:\twice-market-master\frontend\node_modules\echarts\lib\chart\pie\PieSeries.js
<s> [webpack.Progress] 67% building 863/908 modules 45 active D:\twice-market-master\frontend\node_modules\echarts\lib\chart\pie\PieView.js
<s> [webpack.Progress] 67% building 864/908 modules 44 active D:\twice-market-master\frontend\node_modules\echarts\lib\chart\pie\PieView.js
<s> [webpack.Progress] 67% building 864/909 modules 45 active D:\twice-market-master\frontend\node_modules\echarts\lib\chart\scatter\ScatterView.js
<s> [webpack.Progress] 66% building 864/910 modules 46 active D:\twice-market-master\frontend\node_modules\echarts\lib\chart\pie\pieLayout.js
<s> [webpack.Progress] 66% building 864/911 modules 47 active D:\twice-market-master\frontend\node_modules\echarts\lib\chart\scatter\ScatterSeries.js
<s> [webpack.Progress] 66% building 864/912 modules 48 active D:\twice-market-master\frontend\node_modules\echarts\lib\chart\bar\BarView.js
<s> [webpack.Progress] 66% building 864/913 modules 49 active D:\twice-market-master\frontend\node_modules\echarts\lib\chart\bar\BarSeries.js
<s> [webpack.Progress] 66% building 865/913 modules 48 active D:\twice-market-master\frontend\node_modules\echarts\lib\chart\bar\BarSeries.js
<s> [webpack.Progress] 66% building 866/913 modules 47 active D:\twice-market-master\frontend\node_modules\echarts\lib\chart\bar\BarSeries.js
<s> [webpack.Progress] 66% building 867/913 modules 46 active D:\twice-market-master\frontend\node_modules\echarts\lib\chart\bar\BarSeries.js
<s> [webpack.Progress] 66% building 867/914 modules 47 active D:\twice-market-master\frontend\node_modules\echarts\lib\processor\dataSample.js
<s> [webpack.Progress] 66% building 868/914 modules 46 active D:\twice-market-master\frontend\node_modules\echarts\lib\processor\dataSample.js
<s> [webpack.Progress] 67% building 869/914 modules 45 active D:\twice-market-master\frontend\node_modules\echarts\lib\processor\dataSample.js
<s> [webpack.Progress] 66% building 869/915 modules 46 active D:\twice-market-master\frontend\node_modules\echarts\lib\chart\bar\PictorialBarSeries.js
<s> [webpack.Progress] 66% building 869/916 modules 47 active D:\twice-market-master\frontend\node_modules\echarts\lib\coord\geo\GeoJSONResource.js
<s> [webpack.Progress] 66% building 869/917 modules 48 active D:\twice-market-master\frontend\node_modules\echarts\lib\coord\geo\Geo.js
<s> [webpack.Progress] 66% building 869/918 modules 49 active D:\twice-market-master\frontend\node_modules\echarts\lib\coord\geo\GeoSVGResource.js
<s> [webpack.Progress] 66% building 870/918 modules 48 active D:\twice-market-master\frontend\node_modules\echarts\lib\coord\geo\GeoSVGResource.js
<s> [webpack.Progress] 66% building 871/918 modules 47 active D:\twice-market-master\frontend\node_modules\echarts\lib\coord\geo\GeoSVGResource.js
<s> [webpack.Progress] 66% building 872/918 modules 46 active D:\twice-market-master\frontend\node_modules\echarts\lib\coord\geo\GeoSVGResource.js
<s> [webpack.Progress] 67% building 873/918 modules 45 active D:\twice-market-master\frontend\node_modules\echarts\lib\coord\geo\GeoSVGResource.js
<s> [webpack.Progress] 67% building 874/918 modules 44 active D:\twice-market-master\frontend\node_modules\echarts\lib\coord\geo\GeoSVGResource.js
<s> [webpack.Progress] 67% building 875/918 modules 43 active D:\twice-market-master\frontend\node_modules\echarts\lib\coord\geo\GeoSVGResource.js
<s> [webpack.Progress] 67% building 876/918 modules 42 active D:\twice-market-master\frontend\node_modules\echarts\lib\coord\geo\GeoSVGResource.js
<s> [webpack.Progress] 67% building 876/919 modules 43 active D:\twice-market-master\frontend\node_modules\echarts\lib\chart\line\LineView.js
<s> [webpack.Progress] 67% building 877/919 modules 42 active D:\twice-market-master\frontend\node_modules\echarts\lib\chart\line\LineView.js
<s> [webpack.Progress] 67% building 878/919 modules 41 active D:\twice-market-master\frontend\node_modules\echarts\lib\chart\line\LineView.js
<s> [webpack.Progress] 67% building 879/919 modules 40 active D:\twice-market-master\frontend\node_modules\echarts\lib\chart\line\LineView.js
<s> [webpack.Progress] 67% building 879/920 modules 41 active D:\twice-market-master\frontend\node_modules\echarts\lib\data\OrdinalMeta.js
<s> [webpack.Progress] 67% building 879/921 modules 42 active D:\twice-market-master\frontend\node_modules\zrender\lib\svg\domapi.js
<s> [webpack.Progress] 67% building 879/922 modules 43 active D:\twice-market-master\frontend\node_modules\echarts\lib\component\dataZoom\InsideZoomView.js
<s> [webpack.Progress] 67% building 879/923 modules 44 active D:\twice-market-master\frontend\node_modules\echarts\lib\component\dataZoom\roams.js
<s> [webpack.Progress] 67% building 880/923 modules 43 active D:\twice-market-master\frontend\node_modules\echarts\lib\component\dataZoom\roams.js
<s> [webpack.Progress] 67% building 881/923 modules 42 active D:\twice-market-master\frontend\node_modules\echarts\lib\component\dataZoom\roams.js
<s> [webpack.Progress] 67% building 882/923 modules 41 active D:\twice-market-master\frontend\node_modules\echarts\lib\component\dataZoom\roams.js
<s> [webpack.Progress] 67% building 882/924 modules 42 active D:\twice-market-master\frontend\node_modules\echarts\lib\component\aria\preprocessor.js
<s> [webpack.Progress] 67% building 883/924 modules 41 active D:\twice-market-master\frontend\node_modules\echarts\lib\component\aria\preprocessor.js
<s> [webpack.Progress] 67% building 884/924 modules 40 active D:\twice-market-master\frontend\node_modules\echarts\lib\component\aria\preprocessor.js
<s> [webpack.Progress] 67% building 885/924 modules 39 active D:\twice-market-master\frontend\node_modules\echarts\lib\component\aria\preprocessor.js
<s> [webpack.Progress] 67% building 885/925 modules 40 active D:\twice-market-master\frontend\node_modules\echarts\lib\component\dataZoom\SliderZoomView.js
<s> [webpack.Progress] 67% building 885/926 modules 41 active D:\twice-market-master\frontend\node_modules\echarts\lib\data\helper\sourceManager.js
<s> [webpack.Progress] 67% building 886/926 modules 40 active D:\twice-market-master\frontend\node_modules\echarts\lib\data\helper\sourceManager.js
<s> [webpack.Progress] 67% building 886/927 modules 41 active D:\twice-market-master\frontend\node_modules\echarts\lib\component\legend\legendAction.js
<s> [webpack.Progress] 67% building 886/928 modules 42 active D:\twice-market-master\frontend\node_modules\zrender\lib\contain\polygon.js
<s> [webpack.Progress] 67% building 886/929 modules 43 active D:\twice-market-master\frontend\node_modules\zrender\lib\core\timsort.js
<s> [webpack.Progress] 67% building 886/930 modules 44 active D:\twice-market-master\frontend\node_modules\zrender\lib\core\GestureMgr.js
<s> [webpack.Progress] 67% building 886/931 modules 45 active D:\twice-market-master\frontend\node_modules\echarts\lib\component\legend\legendFilter.js
<s> [webpack.Progress] 67% building 887/931 modules 44 active D:\twice-market-master\frontend\node_modules\echarts\lib\component\legend\legendFilter.js
<s> [webpack.Progress] 67% building 887/932 modules 45 active D:\twice-market-master\frontend\node_modules\echarts\lib\animation\customGraphicKeyframeAnimation.js
<s> [webpack.Progress] 67% building 887/933 modules 46 active D:\twice-market-master\frontend\node_modules\echarts\lib\animation\customGraphicTransition.js
<s> [webpack.Progress] 66% building 887/934 modules 47 active D:\twice-market-master\frontend\node_modules\echarts\lib\coord\calendar\prepareCustom.js
<s> [webpack.Progress] 67% building 888/934 modules 46 active D:\twice-market-master\frontend\node_modules\echarts\lib\coord\calendar\prepareCustom.js
<s> [webpack.Progress] 66% building 888/935 modules 47 active D:\twice-market-master\frontend\node_modules\echarts\lib\util\styleCompat.js
<s> [webpack.Progress] 67% building 889/935 modules 46 active D:\twice-market-master\frontend\node_modules\echarts\lib\util\styleCompat.js
<s> [webpack.Progress] 67% building 890/935 modules 45 active D:\twice-market-master\frontend\node_modules\echarts\lib\util\styleCompat.js
<s> [webpack.Progress] 67% building 891/935 modules 44 active D:\twice-market-master\frontend\node_modules\echarts\lib\util\styleCompat.js
<s> [webpack.Progress] 67% building 891/936 modules 45 active D:\twice-market-master\frontend\node_modules\echarts\lib\chart\helper\enableAriaDecalForTree.js
<s> [webpack.Progress] 67% building 892/936 modules 44 active D:\twice-market-master\frontend\node_modules\echarts\lib\chart\helper\enableAriaDecalForTree.js
<s> [webpack.Progress] 67% building 893/936 modules 43 active D:\twice-market-master\frontend\node_modules\echarts\lib\chart\helper\enableAriaDecalForTree.js
<s> [webpack.Progress] 67% building 893/937 modules 44 active D:\twice-market-master\frontend\node_modules\echarts\lib\coord\geo\prepareCustom.js
<s> [webpack.Progress] 67% building 893/938 modules 45 active D:\twice-market-master\frontend\node_modules\echarts\lib\data\Tree.js
<s> [webpack.Progress] 67% building 893/939 modules 46 active D:\twice-market-master\frontend\node_modules\echarts\lib\coord\cartesian\prepareCustom.js
<s> [webpack.Progress] 67% building 894/939 modules 45 active D:\twice-market-master\frontend\node_modules\echarts\lib\coord\cartesian\prepareCustom.js
<s> [webpack.Progress] 67% building 894/940 modules 46 active D:\twice-market-master\frontend\node_modules\echarts\lib\component\visualMap\PiecewiseView.js
<s> [webpack.Progress] 67% building 895/940 modules 45 active D:\twice-market-master\frontend\node_modules\echarts\lib\component\visualMap\PiecewiseView.js
<s> [webpack.Progress] 67% building 896/940 modules 44 active D:\twice-market-master\frontend\node_modules\echarts\lib\component\visualMap\PiecewiseView.js
<s> [webpack.Progress] 67% building 896/941 modules 45 active D:\twice-market-master\frontend\node_modules\echarts\lib\component\transform\sortTransform.js
<s> [webpack.Progress] 67% building 897/941 modules 44 active D:\twice-market-master\frontend\node_modules\echarts\lib\component\transform\sortTransform.js
<s> [webpack.Progress] 67% building 897/942 modules 45 active D:\twice-market-master\frontend\node_modules\echarts\lib\component\legend\LegendView.js
<s> [webpack.Progress] 67% building 897/943 modules 46 active D:\twice-market-master\frontend\node_modules\echarts\lib\component\legend\ScrollableLegendView.js
<s> [webpack.Progress] 67% building 897/944 modules 47 active D:\twice-market-master\frontend\node_modules\echarts\lib\component\timeline\preprocessor.js
<s> [webpack.Progress] 67% building 898/944 modules 46 active D:\twice-market-master\frontend\node_modules\echarts\lib\component\timeline\preprocessor.js
<s> [webpack.Progress] 67% building 899/944 modules 45 active D:\twice-market-master\frontend\node_modules\echarts\lib\component\timeline\preprocessor.js
<s> [webpack.Progress] 67% building 900/944 modules 44 active D:\twice-market-master\frontend\node_modules\echarts\lib\component\timeline\preprocessor.js
<s> [webpack.Progress] 67% building 901/944 modules 43 active D:\twice-market-master\frontend\node_modules\echarts\lib\component\timeline\preprocessor.js
<s> [webpack.Progress] 67% building 901/945 modules 44 active D:\twice-market-master\frontend\node_modules\echarts\lib\component\legend\ScrollableLegendModel.js
<s> [webpack.Progress] 67% building 901/946 modules 45 active D:\twice-market-master\frontend\node_modules\echarts\lib\component\timeline\timelineAction.js
<s> [webpack.Progress] 67% building 902/946 modules 44 active D:\twice-market-master\frontend\node_modules\echarts\lib\component\timeline\timelineAction.js
<s> [webpack.Progress] 67% building 903/946 modules 43 active D:\twice-market-master\frontend\node_modules\echarts\lib\component\timeline\timelineAction.js
<s> [webpack.Progress] 67% building 904/946 modules 42 active D:\twice-market-master\frontend\node_modules\echarts\lib\component\timeline\timelineAction.js
<s> [webpack.Progress] 67% building 905/946 modules 41 active D:\twice-market-master\frontend\node_modules\echarts\lib\component\timeline\timelineAction.js
<s> [webpack.Progress] 67% building 905/947 modules 42 active D:\twice-market-master\frontend\node_modules\echarts\lib\component\timeline\SliderTimelineView.js
<s> [webpack.Progress] 67% building 906/947 modules 41 active D:\twice-market-master\frontend\node_modules\echarts\lib\component\timeline\SliderTimelineView.js
<s> [webpack.Progress] 67% building 907/947 modules 40 active D:\twice-market-master\frontend\node_modules\echarts\lib\component\timeline\SliderTimelineView.js
<s> [webpack.Progress] 67% building 907/948 modules 41 active D:\twice-market-master\frontend\node_modules\babel-runtime\node_modules\core-js\library\fn\symbol\index.js
<s> [webpack.Progress] 67% building 907/949 modules 42 active D:\twice-market-master\frontend\node_modules\echarts\lib\chart\helper\createGraphFromNodeEdge.js
<s> [webpack.Progress] 67% building 908/949 modules 41 active D:\twice-market-master\frontend\node_modules\echarts\lib\chart\helper\createGraphFromNodeEdge.js
<s> [webpack.Progress] 67% building 908/950 modules 42 active D:\twice-market-master\frontend\node_modules\echarts\lib\chart\boxplot\prepareBoxplotData.js
<s> [webpack.Progress] 67% building 908/951 modules 43 active D:\twice-market-master\frontend\node_modules\echarts\lib\component\visualMap\ContinuousView.js
<s> [webpack.Progress] 67% building 908/952 modules 44 active D:\twice-market-master\frontend\node_modules\echarts\lib\component\marker\MarkAreaModel.js
<s> [webpack.Progress] 67% building 909/952 modules 43 active D:\twice-market-master\frontend\node_modules\echarts\lib\component\marker\MarkAreaModel.js
<s> [webpack.Progress] 67% building 910/952 modules 42 active D:\twice-market-master\frontend\node_modules\echarts\lib\component\marker\MarkAreaModel.js
<s> [webpack.Progress] 67% building 911/952 modules 41 active D:\twice-market-master\frontend\node_modules\echarts\lib\component\marker\MarkAreaModel.js
<s> [webpack.Progress] 67% building 911/953 modules 42 active D:\twice-market-master\frontend\node_modules\echarts\lib\chart\graph\circularLayoutHelper.js
<s> [webpack.Progress] 67% building 911/954 modules 43 active D:\twice-market-master\frontend\node_modules\echarts\lib\chart\helper\multipleGraphEdgeHelper.js
<s> [webpack.Progress] 67% building 911/955 modules 44 active D:\twice-market-master\frontend\node_modules\echarts\lib\chart\graph\simpleLayoutHelper.js
<s> [webpack.Progress] 67% building 911/956 modules 45 active D:\twice-market-master\frontend\node_modules\echarts\lib\chart\graph\forceHelper.js
<s> [webpack.Progress] 67% building 912/956 modules 44 active D:\twice-market-master\frontend\node_modules\echarts\lib\chart\graph\forceHelper.js
<s> [webpack.Progress] 67% building 912/957 modules 45 active D:\twice-market-master\frontend\node_modules\echarts\lib\coord\polar\prepareCustom.js
<s> [webpack.Progress] 67% building 912/958 modules 46 active D:\twice-market-master\frontend\node_modules\echarts\lib\coord\single\prepareCustom.js
<s> [webpack.Progress] 67% building 913/958 modules 45 active D:\twice-market-master\frontend\node_modules\echarts\lib\coord\single\prepareCustom.js
<s> [webpack.Progress] 67% building 913/959 modules 46 active D:\twice-market-master\frontend\node_modules\zrender\lib\mixin\Draggable.js
<s> [webpack.Progress] 67% building 914/959 modules 45 active D:\twice-market-master\frontend\node_modules\zrender\lib\mixin\Draggable.js
<s> [webpack.Progress] 67% building 914/960 modules 46 active D:\twice-market-master\frontend\node_modules\echarts\lib\chart\graph\graphHelper.js
<s> [webpack.Progress] 67% building 915/960 modules 45 active D:\twice-market-master\frontend\node_modules\echarts\lib\chart\graph\graphHelper.js
<s> [webpack.Progress] 67% building 916/960 modules 44 active D:\twice-market-master\frontend\node_modules\echarts\lib\chart\graph\graphHelper.js
<s> [webpack.Progress] 67% building 917/960 modules 43 active D:\twice-market-master\frontend\node_modules\echarts\lib\chart\graph\graphHelper.js
<s> [webpack.Progress] 67% building 918/960 modules 42 active D:\twice-market-master\frontend\node_modules\echarts\lib\chart\graph\graphHelper.js
<s> [webpack.Progress] 67% building 918/961 modules 43 active D:\twice-market-master\frontend\node_modules\echarts\lib\component\tooltip\seriesFormatTooltip.js
<s> [webpack.Progress] 67% building 918/962 modules 44 active D:\twice-market-master\frontend\node_modules\echarts\lib\chart\graph\adjustEdge.js
<s> [webpack.Progress] 67% building 918/963 modules 45 active D:\twice-market-master\frontend\node_modules\echarts\lib\component\marker\MarkPointView.js
<s> [webpack.Progress] 67% building 918/964 modules 46 active D:\twice-market-master\frontend\node_modules\zrender\lib\graphic\helper\smoothBezier.js
<s> [webpack.Progress] 67% building 919/964 modules 45 active D:\twice-market-master\frontend\node_modules\zrender\lib\graphic\helper\smoothBezier.js
<s> [webpack.Progress] 67% building 919/965 modules 46 active D:\twice-market-master\frontend\node_modules\echarts\lib\component\graphic\GraphicView.js
<s> [webpack.Progress] 67% building 919/966 modules 47 active D:\twice-market-master\frontend\node_modules\echarts\lib\component\marker\MarkPointModel.js
<s> [webpack.Progress] 67% building 919/967 modules 48 active D:\twice-market-master\frontend\node_modules\echarts\lib\component\graphic\GraphicModel.js
<s> [webpack.Progress] 66% building 919/968 modules 49 active D:\twice-market-master\frontend\node_modules\echarts\lib\component\toolbox\feature\Brush.js
<s> [webpack.Progress] 66% building 919/969 modules 50 active D:\twice-market-master\frontend\node_modules\echarts\lib\component\brush\visualEncoding.js
<s> [webpack.Progress] 66% building 919/970 modules 51 active D:\twice-market-master\frontend\node_modules\echarts\lib\chart\treemap\Breadcrumb.js
<s> [webpack.Progress] 66% building 919/971 modules 52 active D:\twice-market-master\frontend\node_modules\echarts\lib\util\animation.js
<s> [webpack.Progress] 66% building 919/972 modules 53 active D:\twice-market-master\frontend\node_modules\echarts\lib\component\brush\BrushModel.js
<s> [webpack.Progress] 66% building 919/973 modules 54 active D:\twice-market-master\frontend\node_modules\echarts\lib\component\brush\BrushView.js
<s> [webpack.Progress] 66% building 919/974 modules 55 active D:\twice-market-master\frontend\node_modules\echarts\lib\component\marker\MarkLineView.js
<s> [webpack.Progress] 66% building 919/975 modules 56 active D:\twice-market-master\frontend\node_modules\echarts\lib\component\marker\MarkLineModel.js
<s> [webpack.Progress] 66% building 919/976 modules 57 active D:\twice-market-master\frontend\node_modules\echarts\lib\component\toolbox\feature\Restore.js
<s> [webpack.Progress] 66% building 919/977 modules 58 active D:\twice-market-master\frontend\node_modules\echarts\lib\component\helper\MapDraw.js
<s> [webpack.Progress] 66% building 919/978 modules 59 active D:\twice-market-master\frontend\node_modules\echarts\lib\component\toolbox\feature\DataView.js
<s> [webpack.Progress] 66% building 919/979 modules 60 active D:\twice-market-master\frontend\node_modules\echarts\lib\component\toolbox\feature\MagicType.js
<s> [webpack.Progress] 66% building 919/980 modules 61 active D:\twice-market-master\frontend\node_modules\echarts\lib\component\toolbox\feature\SaveAsImage.js
<s> [webpack.Progress] 66% building 920/980 modules 60 active D:\twice-market-master\frontend\node_modules\echarts\lib\component\toolbox\feature\SaveAsImage.js
<s> [webpack.Progress] 66% building 921/980 modules 59 active D:\twice-market-master\frontend\node_modules\echarts\lib\component\toolbox\feature\SaveAsImage.js
<s> [webpack.Progress] 66% building 922/980 modules 58 active D:\twice-market-master\frontend\node_modules\echarts\lib\component\toolbox\feature\SaveAsImage.js
<s> [webpack.Progress] 66% building 923/980 modules 57 active D:\twice-market-master\frontend\node_modules\echarts\lib\component\toolbox\feature\SaveAsImage.js
<s> [webpack.Progress] 66% building 923/981 modules 58 active D:\twice-market-master\frontend\node_modules\echarts\lib\chart\tree\traversalHelper.js
<s> [webpack.Progress] 66% building 924/981 modules 57 active D:\twice-market-master\frontend\node_modules\echarts\lib\chart\tree\traversalHelper.js
<s> [webpack.Progress] 66% building 925/981 modules 56 active D:\twice-market-master\frontend\node_modules\echarts\lib\chart\tree\traversalHelper.js
<s> [webpack.Progress] 66% building 926/981 modules 55 active D:\twice-market-master\frontend\node_modules\echarts\lib\chart\tree\traversalHelper.js
<s> [webpack.Progress] 66% building 927/981 modules 54 active D:\twice-market-master\frontend\node_modules\echarts\lib\chart\tree\traversalHelper.js
<s> [webpack.Progress] 66% building 928/981 modules 53 active D:\twice-market-master\frontend\node_modules\echarts\lib\chart\tree\traversalHelper.js
<s> [webpack.Progress] 66% building 929/981 modules 52 active D:\twice-market-master\frontend\node_modules\echarts\lib\chart\tree\traversalHelper.js
<s> [webpack.Progress] 66% building 929/982 modules 53 active D:\twice-market-master\frontend\node_modules\echarts\lib\component\toolbox\ToolboxView.js
<s> [webpack.Progress] 66% building 930/982 modules 52 active D:\twice-market-master\frontend\node_modules\echarts\lib\component\toolbox\ToolboxView.js
<s> [webpack.Progress] 66% building 931/982 modules 51 active D:\twice-market-master\frontend\node_modules\echarts\lib\component\toolbox\ToolboxView.js
<s> [webpack.Progress] 66% building 932/982 modules 50 active D:\twice-market-master\frontend\node_modules\echarts\lib\component\toolbox\ToolboxView.js
<s> [webpack.Progress] 67% building 933/982 modules 49 active D:\twice-market-master\frontend\node_modules\echarts\lib\component\toolbox\ToolboxView.js
<s> [webpack.Progress] 66% building 933/983 modules 50 active D:\twice-market-master\frontend\node_modules\babel-runtime\node_modules\core-js\library\modules\_core.js
<s> [webpack.Progress] 66% building 933/984 modules 51 active D:\twice-market-master\frontend\node_modules\babel-runtime\node_modules\core-js\library\modules\es6.string.iterator.js
<s> [webpack.Progress] 66% building 933/985 modules 52 active D:\twice-market-master\frontend\node_modules\babel-runtime\node_modules\core-js\library\modules\_wks-ext.js
<s> [webpack.Progress] 66% building 933/986 modules 53 active D:\twice-market-master\frontend\node_modules\babel-runtime\node_modules\core-js\library\modules\es6.object.assign.js
<s> [webpack.Progress] 66% building 933/987 modules 54 active D:\twice-market-master\frontend\node_modules\babel-runtime\node_modules\core-js\library\modules\web.dom.iterable.js
<s> [webpack.Progress] 66% building 934/987 modules 53 active D:\twice-market-master\frontend\node_modules\babel-runtime\node_modules\core-js\library\modules\web.dom.iterable.js
<s> [webpack.Progress] 66% building 935/987 modules 52 active D:\twice-market-master\frontend\node_modules\babel-runtime\node_modules\core-js\library\modules\web.dom.iterable.js
<s> [webpack.Progress] 66% building 935/988 modules 53 active D:\twice-market-master\frontend\node_modules\echarts\lib\component\toolbox\ToolboxModel.js
<s> [webpack.Progress] 66% building 936/988 modules 52 active D:\twice-market-master\frontend\node_modules\echarts\lib\component\toolbox\ToolboxModel.js
<s> [webpack.Progress] 66% building 936/989 modules 53 active D:\twice-market-master\frontend\node_modules\echarts\lib\component\dataZoom\installDataZoomSelect.js
<s> [webpack.Progress] 66% building 936/990 modules 54 active D:\twice-market-master\frontend\node_modules\echarts\lib\component\axisPointer\axisTrigger.js
<s> [webpack.Progress] 66% building 936/991 modules 55 active D:\twice-market-master\frontend\node_modules\echarts\lib\coord\calendar\Calendar.js
<s> [webpack.Progress] 66% building 937/991 modules 54 active D:\twice-market-master\frontend\node_modules\echarts\lib\coord\calendar\Calendar.js
<s> [webpack.Progress] 66% building 938/991 modules 53 active D:\twice-market-master\frontend\node_modules\echarts\lib\coord\calendar\Calendar.js
<s> [webpack.Progress] 66% building 939/991 modules 52 active D:\twice-market-master\frontend\node_modules\echarts\lib\coord\calendar\Calendar.js
<s> [webpack.Progress] 66% building 940/991 modules 51 active D:\twice-market-master\frontend\node_modules\echarts\lib\coord\calendar\Calendar.js
<s> [webpack.Progress] 66% building 940/992 modules 52 active D:\twice-market-master\frontend\node_modules\echarts\lib\component\calendar\CalendarView.js
<s> [webpack.Progress] 66% building 941/992 modules 51 active D:\twice-market-master\frontend\node_modules\echarts\lib\component\calendar\CalendarView.js
<s> [webpack.Progress] 66% building 941/993 modules 52 active D:\twice-market-master\frontend\node_modules\echarts\lib\component\axisPointer\AxisPointerView.js
<s> [webpack.Progress] 66% building 942/993 modules 51 active D:\twice-market-master\frontend\node_modules\echarts\lib\component\axisPointer\AxisPointerView.js
<s> [webpack.Progress] 66% building 943/993 modules 50 active D:\twice-market-master\frontend\node_modules\echarts\lib\component\axisPointer\AxisPointerView.js
<s> [webpack.Progress] 67% building 944/993 modules 49 active D:\twice-market-master\frontend\node_modules\echarts\lib\component\axisPointer\AxisPointerView.js
<s> [webpack.Progress] 67% building 945/993 modules 48 active D:\twice-market-master\frontend\node_modules\echarts\lib\component\axisPointer\AxisPointerView.js
<s> [webpack.Progress] 67% building 945/994 modules 49 active D:\twice-market-master\frontend\node_modules\echarts\lib\component\axisPointer\AxisPointerModel.js
<s> [webpack.Progress] 66% building 945/995 modules 50 active D:\twice-market-master\frontend\node_modules\echarts\lib\chart\pie\labelLayout.js
<s> [webpack.Progress] 67% building 946/995 modules 49 active D:\twice-market-master\frontend\node_modules\echarts\lib\chart\pie\labelLayout.js
<s> [webpack.Progress] 66% building 946/996 modules 50 active D:\twice-market-master\frontend\node_modules\echarts\lib\chart\helper\LargeSymbolDraw.js
<s> [webpack.Progress] 66% building 946/997 modules 51 active D:\twice-market-master\frontend\node_modules\echarts\lib\component\axisPointer\CartesianAxisPointer.js
<s> [webpack.Progress] 66% building 946/998 modules 52 active D:\twice-market-master\frontend\node_modules\echarts\lib\component\axis\parallelAxisAction.js
<s> [webpack.Progress] 66% building 946/999 modules 53 active D:\twice-market-master\frontend\node_modules\echarts\lib\coord\axisModelCreator.js
<s> [webpack.Progress] 66% building 947/999 modules 52 active D:\twice-market-master\frontend\node_modules\echarts\lib\coord\axisModelCreator.js
<s> [webpack.Progress] 66% building 947/1000 modules 53 active D:\twice-market-master\frontend\node_modules\echarts\lib\coord\parallel\AxisModel.js
<s> [webpack.Progress] 66% building 947/1001 modules 54 active D:\twice-market-master\frontend\node_modules\echarts\lib\coord\parallel\parallelCreator.js
<s> [webpack.Progress] 66% building 947/1002 modules 55 active D:\twice-market-master\frontend\node_modules\echarts\lib\component\axis\ParallelAxisView.js
<s> [webpack.Progress] 66% building 948/1002 modules 54 active D:\twice-market-master\frontend\node_modules\echarts\lib\component\axis\ParallelAxisView.js
<s> [webpack.Progress] 66% building 949/1002 modules 53 active D:\twice-market-master\frontend\node_modules\echarts\lib\component\axis\ParallelAxisView.js
<s> [webpack.Progress] 66% building 949/1003 modules 54 active D:\twice-market-master\frontend\node_modules\echarts\lib\chart\bar\BaseBarSeries.js
<s> [webpack.Progress] 66% building 949/1004 modules 55 active D:\twice-market-master\frontend\node_modules\echarts\lib\label\sectorLabel.js
<s> [webpack.Progress] 66% building 950/1004 modules 54 active D:\twice-market-master\frontend\node_modules\echarts\lib\label\sectorLabel.js
<s> [webpack.Progress] 66% building 951/1004 modules 53 active D:\twice-market-master\frontend\node_modules\echarts\lib\label\sectorLabel.js
<s> [webpack.Progress] 66% building 952/1004 modules 52 active D:\twice-market-master\frontend\node_modules\echarts\lib\label\sectorLabel.js
<s> [webpack.Progress] 66% building 952/1005 modules 53 active D:\twice-market-master\frontend\node_modules\echarts\lib\util\throttle.js
<s> [webpack.Progress] 66% building 952/1006 modules 54 active D:\twice-market-master\frontend\node_modules\echarts\lib\coord\radar\Radar.js
<s> [webpack.Progress] 66% building 952/1007 modules 55 active D:\twice-market-master\frontend\node_modules\echarts\lib\component\parallel\ParallelView.js
<s> [webpack.Progress] 66% building 952/1008 modules 56 active D:\twice-market-master\frontend\node_modules\zrender\lib\tool\parseSVG.js
<s> [webpack.Progress] 66% building 952/1009 modules 57 active D:\twice-market-master\frontend\node_modules\echarts\lib\coord\parallel\ParallelModel.js
<s> [webpack.Progress] 66% building 953/1009 modules 56 active D:\twice-market-master\frontend\node_modules\echarts\lib\coord\parallel\ParallelModel.js
<s> [webpack.Progress] 66% building 954/1009 modules 55 active D:\twice-market-master\frontend\node_modules\echarts\lib\coord\parallel\ParallelModel.js
<s> [webpack.Progress] 66% building 955/1009 modules 54 active D:\twice-market-master\frontend\node_modules\echarts\lib\coord\parallel\ParallelModel.js
<s> [webpack.Progress] 66% building 955/1010 modules 55 active D:\twice-market-master\frontend\node_modules\echarts\lib\chart\line\helper.js
<s> [webpack.Progress] 66% building 956/1010 modules 54 active D:\twice-market-master\frontend\node_modules\echarts\lib\chart\line\helper.js
<s> [webpack.Progress] 66% building 957/1010 modules 53 active D:\twice-market-master\frontend\node_modules\echarts\lib\chart\line\helper.js
<s> [webpack.Progress] 66% building 958/1010 modules 52 active D:\twice-market-master\frontend\node_modules\echarts\lib\chart\line\helper.js
<s> [webpack.Progress] 66% building 959/1010 modules 51 active D:\twice-market-master\frontend\node_modules\echarts\lib\chart\line\helper.js
<s> [webpack.Progress] 67% building 960/1010 modules 50 active D:\twice-market-master\frontend\node_modules\echarts\lib\chart\line\helper.js
<s> [webpack.Progress] 67% building 961/1010 modules 49 active D:\twice-market-master\frontend\node_modules\echarts\lib\chart\line\helper.js
<s> [webpack.Progress] 67% building 962/1010 modules 48 active D:\twice-market-master\frontend\node_modules\echarts\lib\chart\line\helper.js
<s> [webpack.Progress] 67% building 962/1011 modules 49 active D:\twice-market-master\frontend\node_modules\echarts\lib\chart\line\lineAnimationDiff.js
<s> [webpack.Progress] 67% building 962/1012 modules 50 active D:\twice-market-master\frontend\node_modules\echarts\lib\component\dataZoom\DataZoomView.js
<s> [webpack.Progress] 67% building 963/1012 modules 49 active D:\twice-market-master\frontend\node_modules\echarts\lib\component\dataZoom\DataZoomView.js
<s> [webpack.Progress] 67% building 964/1012 modules 48 active D:\twice-market-master\frontend\node_modules\echarts\lib\component\dataZoom\DataZoomView.js
<s> [webpack.Progress] 67% building 965/1012 modules 47 active D:\twice-market-master\frontend\node_modules\echarts\lib\component\dataZoom\DataZoomView.js
<s> [webpack.Progress] 67% building 966/1012 modules 46 active D:\twice-market-master\frontend\node_modules\echarts\lib\component\dataZoom\DataZoomView.js
<s> [webpack.Progress] 67% building 967/1012 modules 45 active D:\twice-market-master\frontend\node_modules\echarts\lib\component\dataZoom\DataZoomView.js
<s> [webpack.Progress] 67% building 967/1013 modules 46 active D:\twice-market-master\frontend\node_modules\echarts\lib\data\helper\transform.js
<s> [webpack.Progress] 67% building 967/1014 modules 47 active D:\twice-market-master\frontend\node_modules\zrender\lib\tool\parseXML.js
<s> [webpack.Progress] 67% building 967/1015 modules 48 active D:\twice-market-master\frontend\node_modules\echarts\lib\component\radar\RadarView.js
<s> [webpack.Progress] 67% building 967/1016 modules 49 active D:\twice-market-master\frontend\node_modules\echarts\lib\component\tooltip\TooltipView.js
<s> [webpack.Progress] 67% building 968/1016 modules 48 active D:\twice-market-master\frontend\node_modules\echarts\lib\component\tooltip\TooltipView.js
<s> [webpack.Progress] 67% building 969/1016 modules 47 active D:\twice-market-master\frontend\node_modules\echarts\lib\component\tooltip\TooltipView.js
<s> [webpack.Progress] 67% building 970/1016 modules 46 active D:\twice-market-master\frontend\node_modules\echarts\lib\component\tooltip\TooltipView.js
<s> [webpack.Progress] 67% building 971/1016 modules 45 active D:\twice-market-master\frontend\node_modules\echarts\lib\component\tooltip\TooltipView.js
<s> [webpack.Progress] 67% building 971/1017 modules 46 active D:\twice-market-master\frontend\node_modules\echarts\lib\layout\barPolar.js
<s> [webpack.Progress] 67% building 971/1018 modules 47 active D:\twice-market-master\frontend\node_modules\echarts\lib\component\tooltip\TooltipModel.js
<s> [webpack.Progress] 67% building 972/1018 modules 46 active D:\twice-market-master\frontend\node_modules\echarts\lib\component\tooltip\TooltipModel.js
<s> [webpack.Progress] 67% building 972/1019 modules 47 active D:\twice-market-master\frontend\node_modules\echarts\lib\coord\polar\polarCreator.js
<s> [webpack.Progress] 67% building 973/1019 modules 46 active D:\twice-market-master\frontend\node_modules\echarts\lib\coord\polar\polarCreator.js
<s> [webpack.Progress] 67% building 973/1020 modules 47 active D:\twice-market-master\frontend\node_modules\echarts\lib\component\axis\AngleAxisView.js
<s> [webpack.Progress] 67% building 973/1021 modules 48 active D:\twice-market-master\frontend\node_modules\echarts\lib\coord\polar\AxisModel.js
<s> [webpack.Progress] 67% building 973/1022 modules 49 active D:\twice-market-master\frontend\node_modules\echarts\lib\component\axis\RadiusAxisView.js
<s> [webpack.Progress] 67% building 974/1022 modules 48 active D:\twice-market-master\frontend\node_modules\echarts\lib\component\axis\RadiusAxisView.js
<s> [webpack.Progress] 67% building 974/1023 modules 49 active D:\twice-market-master\frontend\node_modules\echarts\lib\component\visualMap\helper.js
<s> [webpack.Progress] 67% building 974/1024 modules 50 active D:\twice-market-master\frontend\node_modules\echarts\lib\coord\polar\PolarModel.js
<s> [webpack.Progress] 67% building 974/1025 modules 51 active D:\twice-market-master\frontend\node_modules\echarts\lib\data\helper\linkSeriesData.js
<s> [webpack.Progress] 67% building 975/1025 modules 50 active D:\twice-market-master\frontend\node_modules\echarts\lib\data\helper\linkSeriesData.js
<s> [webpack.Progress] 67% building 976/1025 modules 49 active D:\twice-market-master\frontend\node_modules\echarts\lib\data\helper\linkSeriesData.js
<s> [webpack.Progress] 67% building 976/1026 modules 50 active D:\twice-market-master\frontend\node_modules\echarts\lib\component\helper\listComponent.js
<s> [webpack.Progress] 67% building 976/1027 modules 51 active D:\twice-market-master\frontend\node_modules\echarts\lib\component\visualMap\VisualMapView.js
<s> [webpack.Progress] 67% building 977/1027 modules 50 active D:\twice-market-master\frontend\node_modules\echarts\lib\component\visualMap\VisualMapView.js
<s> [webpack.Progress] 67% building 977/1028 modules 51 active D:\twice-market-master\frontend\node_modules\echarts\lib\component\axisPointer\PolarAxisPointer.js
<s> [webpack.Progress] 67% building 978/1028 modules 50 active D:\twice-market-master\frontend\node_modules\echarts\lib\component\axisPointer\PolarAxisPointer.js
<s> [webpack.Progress] 67% building 978/1029 modules 51 active D:\twice-market-master\frontend\node_modules\echarts\lib\coord\cartesian\Grid.js
<s> [webpack.Progress] 67% building 979/1029 modules 50 active D:\twice-market-master\frontend\node_modules\echarts\lib\coord\cartesian\Grid.js
<s> [webpack.Progress] 67% building 980/1029 modules 49 active D:\twice-market-master\frontend\node_modules\echarts\lib\coord\cartesian\Grid.js
<s> [webpack.Progress] 67% building 980/1030 modules 50 active D:\twice-market-master\frontend\node_modules\echarts\lib\coord\geo\fix\diaoyuIsland.js
<s> [webpack.Progress] 67% building 980/1031 modules 51 active D:\twice-market-master\frontend\node_modules\echarts\lib\coord\geo\fix\textCoord.js
<s> [webpack.Progress] 66% building 980/1032 modules 52 active D:\twice-market-master\frontend\node_modules\echarts\lib\coord\geo\fix\nanhai.js
<s> [webpack.Progress] 67% building 981/1032 modules 51 active D:\twice-market-master\frontend\node_modules\echarts\lib\coord\geo\fix\nanhai.js
<s> [webpack.Progress] 66% building 981/1033 modules 52 active D:\twice-market-master\frontend\node_modules\echarts\lib\coord\cartesian\AxisModel.js
<s> [webpack.Progress] 66% building 981/1034 modules 53 active D:\twice-market-master\frontend\node_modules\echarts\lib\coord\cartesian\GridModel.js
<s> [webpack.Progress] 66% building 981/1035 modules 54 active D:\twice-market-master\frontend\node_modules\echarts\lib\component\axisPointer\SingleAxisPointer.js
<s> [webpack.Progress] 66% building 982/1035 modules 53 active D:\twice-market-master\frontend\node_modules\echarts\lib\component\axisPointer\SingleAxisPointer.js
<s> [webpack.Progress] 66% building 982/1036 modules 54 active D:\twice-market-master\frontend\node_modules\echarts\lib\component\timeline\TimelineAxis.js
<s> [webpack.Progress] 66% building 983/1036 modules 53 active D:\twice-market-master\frontend\node_modules\echarts\lib\component\timeline\TimelineAxis.js
<s> [webpack.Progress] 66% building 984/1036 modules 52 active D:\twice-market-master\frontend\node_modules\echarts\lib\component\timeline\TimelineAxis.js
<s> [webpack.Progress] 67% building 985/1036 modules 51 active D:\twice-market-master\frontend\node_modules\echarts\lib\component\timeline\TimelineAxis.js
<s> [webpack.Progress] 67% building 986/1036 modules 50 active D:\twice-market-master\frontend\node_modules\echarts\lib\component\timeline\TimelineAxis.js
<s> [webpack.Progress] 67% building 987/1036 modules 49 active D:\twice-market-master\frontend\node_modules\echarts\lib\component\timeline\TimelineAxis.js
<s> [webpack.Progress] 67% building 988/1036 modules 48 active D:\twice-market-master\frontend\node_modules\echarts\lib\component\timeline\TimelineAxis.js
<s> [webpack.Progress] 67% building 989/1036 modules 47 active D:\twice-market-master\frontend\node_modules\echarts\lib\component\timeline\TimelineAxis.js
<s> [webpack.Progress] 67% building 990/1036 modules 46 active D:\twice-market-master\frontend\node_modules\echarts\lib\component\timeline\TimelineAxis.js
<s> [webpack.Progress] 67% building 991/1036 modules 45 active D:\twice-market-master\frontend\node_modules\echarts\lib\component\timeline\TimelineAxis.js
<s> [webpack.Progress] 67% building 992/1036 modules 44 active D:\twice-market-master\frontend\node_modules\echarts\lib\component\timeline\TimelineAxis.js
<s> [webpack.Progress] 67% building 993/1036 modules 43 active D:\twice-market-master\frontend\node_modules\echarts\lib\component\timeline\TimelineAxis.js
<s> [webpack.Progress] 67% building 994/1036 modules 42 active D:\twice-market-master\frontend\node_modules\echarts\lib\component\timeline\TimelineAxis.js
<s> [webpack.Progress] 67% building 995/1036 modules 41 active D:\twice-market-master\frontend\node_modules\echarts\lib\component\timeline\TimelineAxis.js
<s> [webpack.Progress] 67% building 995/1037 modules 42 active D:\twice-market-master\frontend\node_modules\echarts\lib\data\Graph.js
<s> [webpack.Progress] 67% building 995/1038 modules 43 active D:\twice-market-master\frontend\node_modules\echarts\lib\util\event.js
<s> [webpack.Progress] 67% building 996/1038 modules 42 active D:\twice-market-master\frontend\node_modules\echarts\lib\util\event.js
<s> [webpack.Progress] 67% building 997/1038 modules 41 active D:\twice-market-master\frontend\node_modules\echarts\lib\util\event.js
<s> [webpack.Progress] 67% building 998/1038 modules 40 active D:\twice-market-master\frontend\node_modules\echarts\lib\util\event.js
<s> [webpack.Progress] 67% building 999/1038 modules 39 active D:\twice-market-master\frontend\node_modules\echarts\lib\util\event.js
<s> [webpack.Progress] 67% building 999/1039 modules 40 active D:\twice-market-master\frontend\node_modules\echarts\lib\component\timeline\TimelineView.js
<s> [webpack.Progress] 67% building 1000/1039 modules 39 active D:\twice-market-master\frontend\node_modules\echarts\lib\component\timeline\TimelineView.js
<s> [webpack.Progress] 67% building 1000/1040 modules 40 active D:\twice-market-master\frontend\node_modules\echarts\lib\coord\single\singleCreator.js
<s> [webpack.Progress] 67% building 1001/1040 modules 39 active D:\twice-market-master\frontend\node_modules\echarts\lib\coord\single\singleCreator.js
<s> [webpack.Progress] 67% building 1002/1040 modules 38 active D:\twice-market-master\frontend\node_modules\echarts\lib\coord\single\singleCreator.js
<s> [webpack.Progress] 67% building 1002/1041 modules 39 active D:\twice-market-master\frontend\node_modules\echarts\lib\coord\single\AxisModel.js
<s> [webpack.Progress] 67% building 1003/1041 modules 38 active D:\twice-market-master\frontend\node_modules\echarts\lib\coord\single\AxisModel.js
<s> [webpack.Progress] 67% building 1004/1041 modules 37 active D:\twice-market-master\frontend\node_modules\echarts\lib\coord\single\AxisModel.js
<s> [webpack.Progress] 67% building 1004/1042 modules 38 active D:\twice-market-master\frontend\node_modules\echarts\lib\component\axis\SingleAxisView.js
<s> [webpack.Progress] 67% building 1005/1042 modules 37 active D:\twice-market-master\frontend\node_modules\echarts\lib\component\axis\SingleAxisView.js
<s> [webpack.Progress] 67% building 1006/1042 modules 36 active D:\twice-market-master\frontend\node_modules\echarts\lib\component\axis\SingleAxisView.js
<s> [webpack.Progress] 67% building 1007/1042 modules 35 active D:\twice-market-master\frontend\node_modules\echarts\lib\component\axis\SingleAxisView.js
<s> [webpack.Progress] 68% building 1008/1042 modules 34 active D:\twice-market-master\frontend\node_modules\echarts\lib\component\axis\SingleAxisView.js
<s> [webpack.Progress] 67% building 1008/1043 modules 35 active D:\twice-market-master\frontend\node_modules\echarts\lib\component\geo\GeoView.js
<s> [webpack.Progress] 68% building 1009/1043 modules 34 active D:\twice-market-master\frontend\node_modules\echarts\lib\component\geo\GeoView.js
<s> [webpack.Progress] 67% building 1009/1044 modules 35 active D:\twice-market-master\frontend\node_modules\echarts\lib\animation\morphTransitionHelper.js
<s> [webpack.Progress] 67% building 1009/1045 modules 36 active D:\twice-market-master\frontend\node_modules\echarts\lib\label\LabelManager.js
<s> [webpack.Progress] 67% building 1009/1046 modules 37 active D:\twice-market-master\frontend\node_modules\echarts\lib\core\lifecycle.js
<s> [webpack.Progress] 67% building 1009/1047 modules 38 active D:\twice-market-master\frontend\node_modules\echarts\lib\core\task.js
<s> [webpack.Progress] 67% building 1009/1048 modules 39 active D:\twice-market-master\frontend\node_modules\echarts\lib\visual\symbol.js
<s> [webpack.Progress] 67% building 1009/1049 modules 40 active D:\twice-market-master\frontend\node_modules\echarts\lib\visual\decal.js
<s> [webpack.Progress] 67% building 1010/1049 modules 39 active D:\twice-market-master\frontend\node_modules\echarts\lib\visual\decal.js
<s> [webpack.Progress] 67% building 1010/1050 modules 40 active D:\twice-market-master\frontend\node_modules\echarts\lib\util\ECEventProcessor.js
<s> [webpack.Progress] 67% building 1010/1051 modules 41 active D:\twice-market-master\frontend\node_modules\echarts\lib\component\brush\selector.js
<s> [webpack.Progress] 67% building 1010/1052 modules 42 active D:\twice-market-master\frontend\node_modules\echarts\lib\core\Scheduler.js
<s> [webpack.Progress] 67% building 1010/1053 modules 43 active D:\twice-market-master\frontend\node_modules\echarts\lib\model\OptionManager.js
<s> [webpack.Progress] 67% building 1010/1054 modules 44 active D:\twice-market-master\frontend\node_modules\echarts\lib\visual\style.js
<s> [webpack.Progress] 67% building 1010/1055 modules 45 active D:\twice-market-master\frontend\node_modules\echarts\lib\processor\dataStack.js
<s> [webpack.Progress] 67% building 1010/1056 modules 46 active D:\twice-market-master\frontend\node_modules\echarts\lib\model\Global.js
<s> [webpack.Progress] 67% building 1010/1057 modules 47 active D:\twice-market-master\frontend\node_modules\echarts\lib\core\ExtensionAPI.js
<s> [webpack.Progress] 67% building 1010/1058 modules 48 active D:\twice-market-master\frontend\node_modules\echarts\lib\export\api\helper.js
<s> [webpack.Progress] 67% building 1011/1058 modules 47 active D:\twice-market-master\frontend\node_modules\echarts\lib\export\api\helper.js
<s> [webpack.Progress] 67% building 1012/1058 modules 46 active D:\twice-market-master\frontend\node_modules\echarts\lib\export\api\helper.js
<s> [webpack.Progress] 67% building 1013/1058 modules 45 active D:\twice-market-master\frontend\node_modules\echarts\lib\export\api\helper.js
<s> [webpack.Progress] 67% building 1014/1058 modules 44 active D:\twice-market-master\frontend\node_modules\echarts\lib\export\api\helper.js
<s> [webpack.Progress] 67% building 1015/1058 modules 43 active D:\twice-market-master\frontend\node_modules\echarts\lib\export\api\helper.js
<s> [webpack.Progress] 67% building 1016/1058 modules 42 active D:\twice-market-master\frontend\node_modules\echarts\lib\export\api\helper.js
<s> [webpack.Progress] 67% building 1017/1058 modules 41 active D:\twice-market-master\frontend\node_modules\echarts\lib\export\api\helper.js
<s> [webpack.Progress] 67% building 1018/1058 modules 40 active D:\twice-market-master\frontend\node_modules\echarts\lib\export\api\helper.js
<s> [webpack.Progress] 67% building 1018/1059 modules 41 active D:\twice-market-master\frontend\node_modules\echarts\lib\component\axisPointer\findPointFromSeries.js
<s> [webpack.Progress] 67% building 1019/1059 modules 40 active D:\twice-market-master\frontend\node_modules\echarts\lib\component\axisPointer\findPointFromSeries.js
<s> [webpack.Progress] 67% building 1019/1060 modules 41 active D:\twice-market-master\frontend\node_modules\echarts\lib\component\dataZoom\SelectZoomModel.js
<s> [webpack.Progress] 67% building 1019/1061 modules 42 active D:\twice-market-master\frontend\node_modules\echarts\lib\component\dataZoom\SelectZoomView.js
<s> [webpack.Progress] 67% building 1020/1061 modules 41 active D:\twice-market-master\frontend\node_modules\echarts\lib\component\dataZoom\SelectZoomView.js
<s> [webpack.Progress] 67% building 1021/1061 modules 40 active D:\twice-market-master\frontend\node_modules\echarts\lib\component\dataZoom\SelectZoomView.js
<s> [webpack.Progress] 67% building 1022/1061 modules 39 active D:\twice-market-master\frontend\node_modules\echarts\lib\component\dataZoom\SelectZoomView.js
<s> [webpack.Progress] 67% building 1023/1061 modules 38 active D:\twice-market-master\frontend\node_modules\echarts\lib\component\dataZoom\SelectZoomView.js
<s> [webpack.Progress] 67% building 1024/1061 modules 37 active D:\twice-market-master\frontend\node_modules\echarts\lib\component\dataZoom\SelectZoomView.js
<s> [webpack.Progress] 67% building 1024/1062 modules 38 active D:\twice-market-master\frontend\node_modules\echarts\lib\component\axisPointer\globalListener.js
<s> [webpack.Progress] 67% building 1025/1062 modules 37 active D:\twice-market-master\frontend\node_modules\echarts\lib\component\axisPointer\globalListener.js
<s> [webpack.Progress] 67% building 1026/1062 modules 36 active D:\twice-market-master\frontend\node_modules\echarts\lib\component\axisPointer\globalListener.js
<s> [webpack.Progress] 68% building 1027/1062 modules 35 active D:\twice-market-master\frontend\node_modules\echarts\lib\component\axisPointer\globalListener.js
<s> [webpack.Progress] 68% building 1028/1062 modules 34 active D:\twice-market-master\frontend\node_modules\echarts\lib\component\axisPointer\globalListener.js
<s> [webpack.Progress] 68% building 1029/1062 modules 33 active D:\twice-market-master\frontend\node_modules\echarts\lib\component\axisPointer\globalListener.js
<s> [webpack.Progress] 68% building 1030/1062 modules 32 active D:\twice-market-master\frontend\node_modules\echarts\lib\component\axisPointer\globalListener.js
<s> [webpack.Progress] 68% building 1031/1062 modules 31 active D:\twice-market-master\frontend\node_modules\echarts\lib\component\axisPointer\globalListener.js
<s> [webpack.Progress] 68% building 1032/1062 modules 30 active D:\twice-market-master\frontend\node_modules\echarts\lib\component\axisPointer\globalListener.js
<s> [webpack.Progress] 68% building 1033/1062 modules 29 active D:\twice-market-master\frontend\node_modules\echarts\lib\component\axisPointer\globalListener.js
<s> [webpack.Progress] 68% building 1033/1063 modules 30 active D:\twice-market-master\frontend\node_modules\echarts\lib\component\axisPointer\viewHelper.js
<s> [webpack.Progress] 68% building 1033/1064 modules 31 active D:\twice-market-master\frontend\node_modules\echarts\lib\component\axisPointer\BaseAxisPointer.js
<s> [webpack.Progress] 68% building 1034/1064 modules 30 active D:\twice-market-master\frontend\node_modules\echarts\lib\component\axisPointer\BaseAxisPointer.js
<s> [webpack.Progress] 68% building 1035/1064 modules 29 active D:\twice-market-master\frontend\node_modules\echarts\lib\component\axisPointer\BaseAxisPointer.js
<s> [webpack.Progress] 68% building 1035/1065 modules 30 active D:\twice-market-master\frontend\node_modules\echarts\lib\coord\axisCommonTypes.js
<s> [webpack.Progress] 68% building 1036/1065 modules 29 active D:\twice-market-master\frontend\node_modules\echarts\lib\coord\axisCommonTypes.js
<s> [webpack.Progress] 68% building 1036/1066 modules 30 active D:\twice-market-master\frontend\node_modules\echarts\lib\coord\parallel\Parallel.js
<s> [webpack.Progress] 68% building 1036/1067 modules 31 active D:\twice-market-master\frontend\node_modules\echarts\lib\theme\dark.js
<s> [webpack.Progress] 68% building 1036/1068 modules 32 active D:\twice-market-master\frontend\node_modules\echarts\lib\theme\light.js
<s> [webpack.Progress] 68% building 1036/1069 modules 33 active D:\twice-market-master\frontend\node_modules\babel-runtime\node_modules\core-js\library\modules\es6.symbol.js
<s> [webpack.Progress] 68% building 1036/1070 modules 34 active D:\twice-market-master\frontend\node_modules\echarts\lib\loading\default.js
<s> [webpack.Progress] 68% building 1036/1071 modules 35 active D:\twice-market-master\frontend\node_modules\babel-runtime\node_modules\core-js\library\modules\es7.symbol.observable.js
<s> [webpack.Progress] 67% building 1036/1072 modules 36 active D:\twice-market-master\frontend\node_modules\echarts\lib\preprocessor\backwardCompat.js
<s> [webpack.Progress] 67% building 1036/1073 modules 37 active D:\twice-market-master\frontend\node_modules\get-intrinsic\index.js
<s> [webpack.Progress] 67% building 1037/1073 modules 36 active D:\twice-market-master\frontend\node_modules\get-intrinsic\index.js
<s> [webpack.Progress] 68% building 1038/1073 modules 35 active D:\twice-market-master\frontend\node_modules\get-intrinsic\index.js
<s> [webpack.Progress] 67% building 1038/1074 modules 36 active D:\twice-market-master\frontend\node_modules\echarts\lib\coord\radar\IndicatorAxis.js
<s> [webpack.Progress] 67% building 1038/1075 modules 37 active D:\twice-market-master\frontend\node_modules\babel-runtime\node_modules\core-js\library\modules\es7.symbol.async-iterator.js
<s> [webpack.Progress] 67% building 1038/1076 modules 38 active D:\twice-market-master\frontend\node_modules\echarts\lib\coord\axisAlignTicks.js
<s> [webpack.Progress] 67% building 1039/1076 modules 37 active D:\twice-market-master\frontend\node_modules\echarts\lib\coord\axisAlignTicks.js
<s> [webpack.Progress] 67% building 1040/1076 modules 36 active D:\twice-market-master\frontend\node_modules\echarts\lib\coord\axisAlignTicks.js
<s> [webpack.Progress] 67% building 1040/1077 modules 37 active D:\twice-market-master\frontend\node_modules\babel-runtime\node_modules\core-js\library\modules\es6.object.to-string.js
<s> [webpack.Progress] 67% building 1040/1078 modules 38 active D:\twice-market-master\frontend\node_modules\call-bound\index.js
<s> [webpack.Progress] 67% building 1041/1078 modules 37 active D:\twice-market-master\frontend\node_modules\call-bound\index.js
<s> [webpack.Progress] 67% building 1042/1078 modules 36 active D:\twice-market-master\frontend\node_modules\call-bound\index.js
<s> [webpack.Progress] 68% building 1043/1078 modules 35 active D:\twice-market-master\frontend\node_modules\call-bound\index.js
<s> [webpack.Progress] 68% building 1044/1078 modules 34 active D:\twice-market-master\frontend\node_modules\call-bound\index.js
<s> [webpack.Progress] 68% building 1045/1078 modules 33 active D:\twice-market-master\frontend\node_modules\call-bound\index.js
<s> [webpack.Progress] 68% building 1046/1078 modules 32 active D:\twice-market-master\frontend\node_modules\call-bound\index.js
<s> [webpack.Progress] 68% building 1047/1078 modules 31 active D:\twice-market-master\frontend\node_modules\call-bound\index.js
<s> [webpack.Progress] 68% building 1048/1078 modules 30 active D:\twice-market-master\frontend\node_modules\call-bound\index.js
<s> [webpack.Progress] 68% building 1049/1078 modules 29 active D:\twice-market-master\frontend\node_modules\call-bound\index.js
<s> [webpack.Progress] 68% building 1050/1078 modules 28 active D:\twice-market-master\frontend\node_modules\call-bound\index.js
<s> [webpack.Progress] 68% building 1050/1079 modules 29 active D:\twice-market-master\frontend\node_modules\echarts\lib\component\tooltip\TooltipRichContent.js
<s> [webpack.Progress] 68% building 1050/1080 modules 30 active D:\twice-market-master\frontend\node_modules\echarts\lib\component\tooltip\helper.js
<s> [webpack.Progress] 68% building 1050/1081 modules 31 active D:\twice-market-master\frontend\node_modules\echarts\lib\component\tooltip\TooltipHTMLContent.js
<s> [webpack.Progress] 68% building 1051/1081 modules 30 active D:\twice-market-master\frontend\node_modules\echarts\lib\component\tooltip\TooltipHTMLContent.js
<s> [webpack.Progress] 68% building 1052/1081 modules 29 active D:\twice-market-master\frontend\node_modules\echarts\lib\component\tooltip\TooltipHTMLContent.js
<s> [webpack.Progress] 68% building 1053/1081 modules 28 active D:\twice-market-master\frontend\node_modules\echarts\lib\component\tooltip\TooltipHTMLContent.js
<s> [webpack.Progress] 68% building 1054/1081 modules 27 active D:\twice-market-master\frontend\node_modules\echarts\lib\component\tooltip\TooltipHTMLContent.js
<s> [webpack.Progress] 68% building 1055/1081 modules 26 active D:\twice-market-master\frontend\node_modules\echarts\lib\component\tooltip\TooltipHTMLContent.js
<s> [webpack.Progress] 68% building 1056/1081 modules 25 active D:\twice-market-master\frontend\node_modules\echarts\lib\component\tooltip\TooltipHTMLContent.js
<s> [webpack.Progress] 68% building 1057/1081 modules 24 active D:\twice-market-master\frontend\node_modules\echarts\lib\component\tooltip\TooltipHTMLContent.js
<s> [webpack.Progress] 68% building 1057/1082 modules 25 active D:\twice-market-master\frontend\node_modules\echarts\lib\coord\polar\Polar.js
<s> [webpack.Progress] 68% building 1057/1083 modules 26 active D:\twice-market-master\frontend\node_modules\echarts\lib\coord\cartesian\Axis2D.js
<s> [webpack.Progress] 68% building 1057/1084 modules 27 active D:\twice-market-master\frontend\node_modules\echarts\lib\coord\cartesian\Cartesian2D.js
<s> [webpack.Progress] 68% building 1058/1084 modules 26 active D:\twice-market-master\frontend\node_modules\echarts\lib\coord\cartesian\Cartesian2D.js
<s> [webpack.Progress] 68% building 1058/1085 modules 27 active D:\twice-market-master\frontend\node_modules\echarts\lib\coord\single\singleAxisHelper.js
<s> [webpack.Progress] 68% building 1058/1086 modules 28 active D:\twice-market-master\frontend\node_modules\babel-runtime\node_modules\core-js\library\modules\_object-assign.js
<s> [webpack.Progress] 68% building 1058/1087 modules 29 active D:\twice-market-master\frontend\node_modules\babel-runtime\node_modules\core-js\library\modules\_wks.js
<s> [webpack.Progress] 68% building 1058/1088 modules 30 active D:\twice-market-master\frontend\node_modules\babel-runtime\node_modules\core-js\library\modules\_export.js
<s> [webpack.Progress] 68% building 1058/1089 modules 31 active D:\twice-market-master\frontend\node_modules\babel-runtime\node_modules\core-js\library\modules\_string-at.js
<s> [webpack.Progress] 68% building 1059/1089 modules 30 active D:\twice-market-master\frontend\node_modules\babel-runtime\node_modules\core-js\library\modules\_string-at.js
<s> [webpack.Progress] 68% building 1059/1090 modules 31 active D:\twice-market-master\frontend\node_modules\babel-runtime\node_modules\core-js\library\modules\es6.array.iterator.js
<s> [webpack.Progress] 68% building 1059/1091 modules 32 active D:\twice-market-master\frontend\node_modules\babel-runtime\node_modules\core-js\library\modules\_iter-define.js
<s> [webpack.Progress] 68% building 1060/1091 modules 31 active D:\twice-market-master\frontend\node_modules\babel-runtime\node_modules\core-js\library\modules\_iter-define.js
<s> [webpack.Progress] 68% building 1061/1091 modules 30 active D:\twice-market-master\frontend\node_modules\babel-runtime\node_modules\core-js\library\modules\_iter-define.js
<s> [webpack.Progress] 68% building 1062/1091 modules 29 active D:\twice-market-master\frontend\node_modules\babel-runtime\node_modules\core-js\library\modules\_iter-define.js
<s> [webpack.Progress] 68% building 1062/1092 modules 30 active D:\twice-market-master\frontend\node_modules\babel-runtime\node_modules\core-js\library\modules\_global.js
<s> [webpack.Progress] 68% building 1062/1093 modules 31 active D:\twice-market-master\frontend\node_modules\babel-runtime\node_modules\core-js\library\modules\_iterators.js
<s> [webpack.Progress] 68% building 1062/1094 modules 32 active D:\twice-market-master\frontend\node_modules\babel-runtime\node_modules\core-js\library\modules\_hide.js
<s> [webpack.Progress] 68% building 1063/1094 modules 31 active D:\twice-market-master\frontend\node_modules\babel-runtime\node_modules\core-js\library\modules\_hide.js
<s> [webpack.Progress] 68% building 1064/1094 modules 30 active D:\twice-market-master\frontend\node_modules\babel-runtime\node_modules\core-js\library\modules\_hide.js
<s> [webpack.Progress] 68% building 1064/1095 modules 31 active D:\twice-market-master\frontend\node_modules\echarts\lib\coord\single\Single.js
<s> [webpack.Progress] 68% building 1065/1095 modules 30 active D:\twice-market-master\frontend\node_modules\echarts\lib\coord\single\Single.js
<s> [webpack.Progress] 68% building 1066/1095 modules 29 active D:\twice-market-master\frontend\node_modules\echarts\lib\coord\single\Single.js
<s> [webpack.Progress] 68% building 1067/1095 modules 28 active D:\twice-market-master\frontend\node_modules\echarts\lib\coord\single\Single.js
<s> [webpack.Progress] 68% building 1068/1095 modules 27 active D:\twice-market-master\frontend\node_modules\echarts\lib\coord\single\Single.js
<s> [webpack.Progress] 68% building 1069/1095 modules 26 active D:\twice-market-master\frontend\node_modules\echarts\lib\coord\single\Single.js
<s> [webpack.Progress] 68% building 1070/1095 modules 25 active D:\twice-market-master\frontend\node_modules\echarts\lib\coord\single\Single.js
<s> [webpack.Progress] 68% building 1071/1095 modules 24 active D:\twice-market-master\frontend\node_modules\echarts\lib\coord\single\Single.js
<s> [webpack.Progress] 68% building 1072/1095 modules 23 active D:\twice-market-master\frontend\node_modules\echarts\lib\coord\single\Single.js
<s> [webpack.Progress] 68% building 1073/1095 modules 22 active D:\twice-market-master\frontend\node_modules\echarts\lib\coord\single\Single.js
<s> [webpack.Progress] 68% building 1074/1095 modules 21 active D:\twice-market-master\frontend\node_modules\echarts\lib\coord\single\Single.js
<s> [webpack.Progress] 68% building 1075/1095 modules 20 active D:\twice-market-master\frontend\node_modules\echarts\lib\coord\single\Single.js
<s> [webpack.Progress] 68% building 1076/1095 modules 19 active D:\twice-market-master\frontend\node_modules\echarts\lib\coord\single\Single.js
<s> [webpack.Progress] 68% building 1076/1096 modules 20 active D:\twice-market-master\frontend\node_modules\zrender\lib\tool\morphPath.js
<s> [webpack.Progress] 68% building 1077/1096 modules 19 active D:\twice-market-master\frontend\node_modules\zrender\lib\tool\morphPath.js
<s> [webpack.Progress] 69% building 1078/1096 modules 18 active D:\twice-market-master\frontend\node_modules\zrender\lib\tool\morphPath.js
<s> [webpack.Progress] 68% building 1078/1097 modules 19 active D:\twice-market-master\frontend\node_modules\echarts\lib\model\globalDefault.js
<s> [webpack.Progress] 69% building 1079/1097 modules 18 active D:\twice-market-master\frontend\node_modules\echarts\lib\model\globalDefault.js
<s> [webpack.Progress] 69% building 1080/1097 modules 17 active D:\twice-market-master\frontend\node_modules\echarts\lib\model\globalDefault.js
<s> [webpack.Progress] 69% building 1081/1097 modules 16 active D:\twice-market-master\frontend\node_modules\echarts\lib\model\globalDefault.js
<s> [webpack.Progress] 69% building 1082/1097 modules 15 active D:\twice-market-master\frontend\node_modules\echarts\lib\model\globalDefault.js
<s> [webpack.Progress] 69% building 1083/1097 modules 14 active D:\twice-market-master\frontend\node_modules\echarts\lib\model\globalDefault.js
<s> [webpack.Progress] 69% building 1084/1097 modules 13 active D:\twice-market-master\frontend\node_modules\echarts\lib\model\globalDefault.js
<s> [webpack.Progress] 69% building 1084/1098 modules 14 active D:\twice-market-master\frontend\node_modules\base64-js\index.js
<s> [webpack.Progress] 69% building 1084/1099 modules 15 active D:\twice-market-master\frontend\node_modules\ieee754\index.js
<s> [webpack.Progress] 69% building 1084/1100 modules 16 active D:\twice-market-master\frontend\node_modules\isarray\index.js
<s> [webpack.Progress] 69% building 1085/1100 modules 15 active D:\twice-market-master\frontend\node_modules\isarray\index.js
<s> [webpack.Progress] 69% building 1086/1100 modules 14 active D:\twice-market-master\frontend\node_modules\isarray\index.js
<s> [webpack.Progress] 69% building 1087/1100 modules 13 active D:\twice-market-master\frontend\node_modules\isarray\index.js
<s> [webpack.Progress] 69% building 1088/1100 modules 12 active D:\twice-market-master\frontend\node_modules\isarray\index.js
<s> [webpack.Progress] 69% building 1089/1100 modules 11 active D:\twice-market-master\frontend\node_modules\isarray\index.js
<s> [webpack.Progress] 69% building 1089/1101 modules 12 active D:\twice-market-master\frontend\node_modules\echarts\lib\coord\parallel\ParallelAxis.js
<s> [webpack.Progress] 69% building 1090/1101 modules 11 active D:\twice-market-master\frontend\node_modules\echarts\lib\coord\parallel\ParallelAxis.js
<s> [webpack.Progress] 69% building 1091/1101 modules 10 active D:\twice-market-master\frontend\node_modules\echarts\lib\coord\parallel\ParallelAxis.js
<s> [webpack.Progress] 69% building 1092/1101 modules 9 active D:\twice-market-master\frontend\node_modules\echarts\lib\coord\parallel\ParallelAxis.js
<s> [webpack.Progress] 69% building 1093/1101 modules 8 active D:\twice-market-master\frontend\node_modules\echarts\lib\coord\parallel\ParallelAxis.js
<s> [webpack.Progress] 69% building 1094/1101 modules 7 active D:\twice-market-master\frontend\node_modules\echarts\lib\coord\parallel\ParallelAxis.js
<s> [webpack.Progress] 69% building 1095/1101 modules 6 active D:\twice-market-master\frontend\node_modules\echarts\lib\coord\parallel\ParallelAxis.js
<s> [webpack.Progress] 69% building 1096/1101 modules 5 active D:\twice-market-master\frontend\node_modules\echarts\lib\coord\parallel\ParallelAxis.js
<s> [webpack.Progress] 69% building 1096/1102 modules 6 active D:\twice-market-master\frontend\node_modules\echarts\lib\coord\polar\RadiusAxis.js
<s> [webpack.Progress] 69% building 1096/1103 modules 7 active D:\twice-market-master\frontend\node_modules\echarts\lib\coord\cartesian\Cartesian.js
<s> [webpack.Progress] 69% building 1097/1103 modules 6 active D:\twice-market-master\frontend\node_modules\echarts\lib\coord\cartesian\Cartesian.js
<s> [webpack.Progress] 69% building 1097/1104 modules 7 active D:\twice-market-master\frontend\node_modules\echarts\lib\coord\polar\AngleAxis.js
<s> [webpack.Progress] 69% building 1097/1105 modules 8 active D:\twice-market-master\frontend\node_modules\echarts\lib\preprocessor\helper\compatStyle.js
<s> [webpack.Progress] 69% building 1098/1105 modules 7 active D:\twice-market-master\frontend\node_modules\echarts\lib\preprocessor\helper\compatStyle.js
<s> [webpack.Progress] 69% building 1099/1105 modules 6 active D:\twice-market-master\frontend\node_modules\echarts\lib\preprocessor\helper\compatStyle.js
<s> [webpack.Progress] 69% building 1100/1105 modules 5 active D:\twice-market-master\frontend\node_modules\echarts\lib\preprocessor\helper\compatStyle.js
<s> [webpack.Progress] 69% building 1101/1105 modules 4 active D:\twice-market-master\frontend\node_modules\echarts\lib\preprocessor\helper\compatStyle.js
<s> [webpack.Progress] 69% building 1101/1106 modules 5 active D:\twice-market-master\frontend\node_modules\echarts\lib\coord\single\SingleAxis.js
<s> [webpack.Progress] 69% building 1101/1107 modules 6 active D:\twice-market-master\frontend\node_modules\babel-runtime\node_modules\core-js\library\modules\_descriptors.js
<s> [webpack.Progress] 69% building 1101/1108 modules 7 active D:\twice-market-master\frontend\node_modules\babel-runtime\node_modules\core-js\library\modules\_redefine.js
<s> [webpack.Progress] 69% building 1101/1109 modules 8 active D:\twice-market-master\frontend\node_modules\babel-runtime\node_modules\core-js\library\modules\_fails.js
<s> [webpack.Progress] 69% building 1101/1110 modules 9 active D:\twice-market-master\frontend\node_modules\babel-runtime\node_modules\core-js\library\modules\_has.js
<s> [webpack.Progress] 69% building 1101/1111 modules 10 active D:\twice-market-master\frontend\node_modules\babel-runtime\node_modules\core-js\library\modules\_meta.js
<s> [webpack.Progress] 69% building 1101/1112 modules 11 active D:\twice-market-master\frontend\node_modules\babel-runtime\node_modules\core-js\library\modules\_uid.js
<s> [webpack.Progress] 69% building 1101/1113 modules 12 active D:\twice-market-master\frontend\node_modules\babel-runtime\node_modules\core-js\library\modules\_set-to-string-tag.js
<s> [webpack.Progress] 69% building 1101/1114 modules 13 active D:\twice-market-master\frontend\node_modules\babel-runtime\node_modules\core-js\library\modules\_shared.js
<s> [webpack.Progress] 69% building 1101/1115 modules 14 active D:\twice-market-master\frontend\node_modules\babel-runtime\node_modules\core-js\library\modules\_is-array.js
<s> [webpack.Progress] 69% building 1101/1116 modules 15 active D:\twice-market-master\frontend\node_modules\babel-runtime\node_modules\core-js\library\modules\_an-object.js
<s> [webpack.Progress] 69% building 1101/1117 modules 16 active D:\twice-market-master\frontend\node_modules\babel-runtime\node_modules\core-js\library\modules\_enum-keys.js
<s> [webpack.Progress] 69% building 1101/1118 modules 17 active D:\twice-market-master\frontend\node_modules\babel-runtime\node_modules\core-js\library\modules\_is-object.js
<s> [webpack.Progress] 69% building 1101/1119 modules 18 active D:\twice-market-master\frontend\node_modules\babel-runtime\node_modules\core-js\library\modules\_wks-define.js
<s> [webpack.Progress] 68% building 1101/1120 modules 19 active D:\twice-market-master\frontend\node_modules\babel-runtime\node_modules\core-js\library\modules\_to-object.js
<s> [webpack.Progress] 68% building 1101/1121 modules 20 active D:\twice-market-master\frontend\node_modules\babel-runtime\node_modules\core-js\library\modules\_to-primitive.js
<s> [webpack.Progress] 68% building 1101/1122 modules 21 active D:\twice-market-master\frontend\node_modules\babel-runtime\node_modules\core-js\library\modules\_object-create.js
<s> [webpack.Progress] 68% building 1101/1123 modules 22 active D:\twice-market-master\frontend\node_modules\babel-runtime\node_modules\core-js\library\modules\_to-iobject.js
<s> [webpack.Progress] 68% building 1101/1124 modules 23 active D:\twice-market-master\frontend\node_modules\babel-runtime\node_modules\core-js\library\modules\_property-desc.js
<s> [webpack.Progress] 68% building 1101/1125 modules 24 active D:\twice-market-master\frontend\node_modules\babel-runtime\node_modules\core-js\library\modules\_object-gopn-ext.js
<s> [webpack.Progress] 68% building 1101/1126 modules 25 active D:\twice-market-master\frontend\node_modules\babel-runtime\node_modules\core-js\library\modules\_object-gopd.js
<s> [webpack.Progress] 68% building 1101/1127 modules 26 active D:\twice-market-master\frontend\node_modules\babel-runtime\node_modules\core-js\library\modules\_object-dp.js
<s> [webpack.Progress] 68% building 1101/1128 modules 27 active D:\twice-market-master\frontend\node_modules\babel-runtime\node_modules\core-js\library\modules\_object-keys.js
<s> [webpack.Progress] 68% building 1101/1129 modules 28 active D:\twice-market-master\frontend\node_modules\babel-runtime\node_modules\core-js\library\modules\_object-gopn.js
<s> [webpack.Progress] 68% building 1101/1130 modules 29 active D:\twice-market-master\frontend\node_modules\babel-runtime\node_modules\core-js\library\modules\_object-gops.js
<s> [webpack.Progress] 68% building 1101/1131 modules 30 active D:\twice-market-master\frontend\node_modules\babel-runtime\node_modules\core-js\library\modules\_object-pie.js
<s> [webpack.Progress] 68% building 1101/1132 modules 31 active D:\twice-market-master\frontend\node_modules\es-errors\syntax.js
<s> [webpack.Progress] 68% building 1101/1133 modules 32 active D:\twice-market-master\frontend\node_modules\es-errors\eval.js
<s> [webpack.Progress] 68% building 1101/1134 modules 33 active D:\twice-market-master\frontend\node_modules\es-errors\range.js
<s> [webpack.Progress] 68% building 1101/1135 modules 34 active D:\twice-market-master\frontend\node_modules\babel-runtime\node_modules\core-js\library\modules\_library.js
<s> [webpack.Progress] 68% building 1101/1136 modules 35 active D:\twice-market-master\frontend\node_modules\es-errors\ref.js
<s> [webpack.Progress] 68% building 1101/1137 modules 36 active D:\twice-market-master\frontend\node_modules\es-errors\uri.js
<s> [webpack.Progress] 68% building 1101/1138 modules 37 active D:\twice-market-master\frontend\node_modules\zrender\lib\tool\dividePath.js
<s> [webpack.Progress] 67% building 1101/1139 modules 38 active D:\twice-market-master\frontend\node_modules\zrender\lib\tool\convertPath.js
<s> [webpack.Progress] 68% building 1102/1139 modules 37 active D:\twice-market-master\frontend\node_modules\zrender\lib\tool\convertPath.js
<s> [webpack.Progress] 68% building 1102/1140 modules 38 active D:\twice-market-master\frontend\node_modules\babel-runtime\node_modules\core-js\library\modules\_ctx.js
<s> [webpack.Progress] 68% building 1103/1140 modules 37 active D:\twice-market-master\frontend\node_modules\babel-runtime\node_modules\core-js\library\modules\_ctx.js
<s> [webpack.Progress] 68% building 1104/1140 modules 36 active D:\twice-market-master\frontend\node_modules\babel-runtime\node_modules\core-js\library\modules\_ctx.js
<s> [webpack.Progress] 68% building 1105/1140 modules 35 active D:\twice-market-master\frontend\node_modules\babel-runtime\node_modules\core-js\library\modules\_ctx.js
<s> [webpack.Progress] 68% building 1105/1141 modules 36 active D:\twice-market-master\frontend\node_modules\babel-runtime\node_modules\core-js\library\modules\_iobject.js
<s> [webpack.Progress] 68% building 1105/1142 modules 37 active D:\twice-market-master\frontend\node_modules\babel-runtime\node_modules\core-js\library\modules\_to-integer.js
<s> [webpack.Progress] 68% building 1105/1143 modules 38 active D:\twice-market-master\frontend\node_modules\babel-runtime\node_modules\core-js\library\modules\_defined.js
<s> [webpack.Progress] 67% building 1105/1144 modules 39 active D:\twice-market-master\frontend\node_modules\babel-runtime\node_modules\core-js\library\modules\_add-to-unscopables.js
<s> [webpack.Progress] 67% building 1105/1145 modules 40 active D:\twice-market-master\frontend\node_modules\babel-runtime\node_modules\core-js\library\modules\_iter-step.js
<s> [webpack.Progress] 67% building 1105/1146 modules 41 active D:\twice-market-master\frontend\node_modules\babel-runtime\node_modules\core-js\library\modules\_iter-create.js
<s> [webpack.Progress] 67% building 1105/1147 modules 42 active D:\twice-market-master\frontend\node_modules\babel-runtime\node_modules\core-js\library\modules\_object-gpo.js
<s> [webpack.Progress] 67% building 1106/1147 modules 41 active D:\twice-market-master\frontend\node_modules\babel-runtime\node_modules\core-js\library\modules\_object-gpo.js
<s> [webpack.Progress] 67% building 1107/1147 modules 40 active D:\twice-market-master\frontend\node_modules\babel-runtime\node_modules\core-js\library\modules\_object-gpo.js
<s> [webpack.Progress] 67% building 1108/1147 modules 39 active D:\twice-market-master\frontend\node_modules\babel-runtime\node_modules\core-js\library\modules\_object-gpo.js
<s> [webpack.Progress] 68% building 1109/1147 modules 38 active D:\twice-market-master\frontend\node_modules\babel-runtime\node_modules\core-js\library\modules\_object-gpo.js
<s> [webpack.Progress] 68% building 1110/1147 modules 37 active D:\twice-market-master\frontend\node_modules\babel-runtime\node_modules\core-js\library\modules\_object-gpo.js
<s> [webpack.Progress] 68% building 1111/1147 modules 36 active D:\twice-market-master\frontend\node_modules\babel-runtime\node_modules\core-js\library\modules\_object-gpo.js
<s> [webpack.Progress] 68% building 1112/1147 modules 35 active D:\twice-market-master\frontend\node_modules\babel-runtime\node_modules\core-js\library\modules\_object-gpo.js
<s> [webpack.Progress] 68% building 1113/1147 modules 34 active D:\twice-market-master\frontend\node_modules\babel-runtime\node_modules\core-js\library\modules\_object-gpo.js
<s> [webpack.Progress] 68% building 1114/1147 modules 33 active D:\twice-market-master\frontend\node_modules\babel-runtime\node_modules\core-js\library\modules\_object-gpo.js
<s> [webpack.Progress] 68% building 1115/1147 modules 32 active D:\twice-market-master\frontend\node_modules\babel-runtime\node_modules\core-js\library\modules\_object-gpo.js
<s> [webpack.Progress] 68% building 1116/1147 modules 31 active D:\twice-market-master\frontend\node_modules\babel-runtime\node_modules\core-js\library\modules\_object-gpo.js
<s> [webpack.Progress] 68% building 1117/1147 modules 30 active D:\twice-market-master\frontend\node_modules\babel-runtime\node_modules\core-js\library\modules\_object-gpo.js
<s> [webpack.Progress] 68% building 1118/1147 modules 29 active D:\twice-market-master\frontend\node_modules\babel-runtime\node_modules\core-js\library\modules\_object-gpo.js
<s> [webpack.Progress] 68% building 1119/1147 modules 28 active D:\twice-market-master\frontend\node_modules\babel-runtime\node_modules\core-js\library\modules\_object-gpo.js
<s> [webpack.Progress] 68% building 1120/1147 modules 27 active D:\twice-market-master\frontend\node_modules\babel-runtime\node_modules\core-js\library\modules\_object-gpo.js
<s> [webpack.Progress] 68% building 1121/1147 modules 26 active D:\twice-market-master\frontend\node_modules\babel-runtime\node_modules\core-js\library\modules\_object-gpo.js
<s> [webpack.Progress] 68% building 1122/1147 modules 25 active D:\twice-market-master\frontend\node_modules\babel-runtime\node_modules\core-js\library\modules\_object-gpo.js
<s> [webpack.Progress] 68% building 1123/1147 modules 24 active D:\twice-market-master\frontend\node_modules\babel-runtime\node_modules\core-js\library\modules\_object-gpo.js
<s> [webpack.Progress] 68% building 1124/1147 modules 23 active D:\twice-market-master\frontend\node_modules\babel-runtime\node_modules\core-js\library\modules\_object-gpo.js
<s> [webpack.Progress] 68% building 1125/1147 modules 22 active D:\twice-market-master\frontend\node_modules\babel-runtime\node_modules\core-js\library\modules\_object-gpo.js
<s> [webpack.Progress] 68% building 1126/1147 modules 21 active D:\twice-market-master\frontend\node_modules\babel-runtime\node_modules\core-js\library\modules\_object-gpo.js
<s> [webpack.Progress] 68% building 1127/1147 modules 20 active D:\twice-market-master\frontend\node_modules\babel-runtime\node_modules\core-js\library\modules\_object-gpo.js
<s> [webpack.Progress] 69% building 1128/1147 modules 19 active D:\twice-market-master\frontend\node_modules\babel-runtime\node_modules\core-js\library\modules\_object-gpo.js
<s> [webpack.Progress] 69% building 1129/1147 modules 18 active D:\twice-market-master\frontend\node_modules\babel-runtime\node_modules\core-js\library\modules\_object-gpo.js
<s> [webpack.Progress] 69% building 1129/1148 modules 19 active D:\twice-market-master\frontend\node_modules\get-proto\Reflect.getPrototypeOf.js
<s> [webpack.Progress] 68% building 1129/1149 modules 20 active D:\twice-market-master\frontend\node_modules\get-proto\Object.getPrototypeOf.js
<s> [webpack.Progress] 69% building 1130/1149 modules 19 active D:\twice-market-master\frontend\node_modules\get-proto\Object.getPrototypeOf.js
<s> [webpack.Progress] 69% building 1131/1149 modules 18 active D:\twice-market-master\frontend\node_modules\get-proto\Object.getPrototypeOf.js
<s> [webpack.Progress] 69% building 1132/1149 modules 17 active D:\twice-market-master\frontend\node_modules\get-proto\Object.getPrototypeOf.js
<s> [webpack.Progress] 69% building 1133/1149 modules 16 active D:\twice-market-master\frontend\node_modules\get-proto\Object.getPrototypeOf.js
<s> [webpack.Progress] 69% building 1134/1149 modules 15 active D:\twice-market-master\frontend\node_modules\get-proto\Object.getPrototypeOf.js
<s> [webpack.Progress] 69% building 1135/1149 modules 14 active D:\twice-market-master\frontend\node_modules\get-proto\Object.getPrototypeOf.js
<s> [webpack.Progress] 69% building 1136/1149 modules 13 active D:\twice-market-master\frontend\node_modules\get-proto\Object.getPrototypeOf.js
<s> [webpack.Progress] 69% building 1137/1149 modules 12 active D:\twice-market-master\frontend\node_modules\get-proto\Object.getPrototypeOf.js
<s> [webpack.Progress] 69% building 1138/1149 modules 11 active D:\twice-market-master\frontend\node_modules\get-proto\Object.getPrototypeOf.js
<s> [webpack.Progress] 69% building 1139/1149 modules 10 active D:\twice-market-master\frontend\node_modules\get-proto\Object.getPrototypeOf.js
<s> [webpack.Progress] 69% building 1139/1150 modules 11 active D:\twice-market-master\frontend\node_modules\call-bind-apply-helpers\functionCall.js
<s> [webpack.Progress] 69% building 1139/1151 modules 12 active D:\twice-market-master\frontend\node_modules\call-bind-apply-helpers\functionApply.js
<s> [webpack.Progress] 69% building 1139/1152 modules 13 active D:\twice-market-master\frontend\node_modules\math-intrinsics\max.js
<s> [webpack.Progress] 69% building 1139/1153 modules 14 active D:\twice-market-master\frontend\node_modules\math-intrinsics\abs.js
<s> [webpack.Progress] 69% building 1139/1154 modules 15 active D:\twice-market-master\frontend\node_modules\math-intrinsics\min.js
<s> [webpack.Progress] 69% building 1139/1155 modules 16 active D:\twice-market-master\frontend\node_modules\math-intrinsics\floor.js
<s> [webpack.Progress] 69% building 1139/1156 modules 17 active D:\twice-market-master\frontend\node_modules\math-intrinsics\sign.js
<s> [webpack.Progress] 69% building 1139/1157 modules 18 active D:\twice-market-master\frontend\node_modules\math-intrinsics\pow.js
<s> [webpack.Progress] 69% building 1139/1158 modules 19 active D:\twice-market-master\frontend\node_modules\math-intrinsics\round.js
<s> [webpack.Progress] 69% building 1140/1158 modules 18 active D:\twice-market-master\frontend\node_modules\math-intrinsics\round.js
<s> [webpack.Progress] 69% building 1141/1158 modules 17 active D:\twice-market-master\frontend\node_modules\math-intrinsics\round.js
<s> [webpack.Progress] 69% building 1142/1158 modules 16 active D:\twice-market-master\frontend\node_modules\math-intrinsics\round.js
<s> [webpack.Progress] 69% building 1143/1158 modules 15 active D:\twice-market-master\frontend\node_modules\math-intrinsics\round.js
<s> [webpack.Progress] 69% building 1144/1158 modules 14 active D:\twice-market-master\frontend\node_modules\math-intrinsics\round.js
<s> [webpack.Progress] 69% building 1145/1158 modules 13 active D:\twice-market-master\frontend\node_modules\math-intrinsics\round.js
<s> [webpack.Progress] 69% building 1146/1158 modules 12 active D:\twice-market-master\frontend\node_modules\math-intrinsics\round.js
<s> [webpack.Progress] 69% building 1147/1158 modules 11 active D:\twice-market-master\frontend\node_modules\math-intrinsics\round.js
<s> [webpack.Progress] 69% building 1148/1158 modules 10 active D:\twice-market-master\frontend\node_modules\math-intrinsics\round.js
<s> [webpack.Progress] 69% building 1149/1158 modules 9 active D:\twice-market-master\frontend\node_modules\math-intrinsics\round.js
<s> [webpack.Progress] 69% building 1150/1158 modules 8 active D:\twice-market-master\frontend\node_modules\math-intrinsics\round.js
<s> [webpack.Progress] 69% building 1151/1158 modules 7 active D:\twice-market-master\frontend\node_modules\math-intrinsics\round.js
<s> [webpack.Progress] 69% building 1152/1158 modules 6 active D:\twice-market-master\frontend\node_modules\math-intrinsics\round.js
<s> [webpack.Progress] 69% building 1153/1158 modules 5 active D:\twice-market-master\frontend\node_modules\math-intrinsics\round.js
<s> [webpack.Progress] 69% building 1154/1158 modules 4 active D:\twice-market-master\frontend\node_modules\math-intrinsics\round.js
<s> [webpack.Progress] 69% building 1155/1158 modules 3 active D:\twice-market-master\frontend\node_modules\math-intrinsics\round.js
<s> [webpack.Progress] 69% building 1156/1158 modules 2 active D:\twice-market-master\frontend\node_modules\math-intrinsics\round.js
<s> [webpack.Progress] 69% building 1157/1158 modules 1 active D:\twice-market-master\frontend\node_modules\math-intrinsics\round.js
<s> [webpack.Progress] 70% building 1158/1158 modules 0 active 
<s> [webpack.Progress] 69% building 1158/1159 modules 1 active D:\twice-market-master\frontend\node_modules\es-errors\index.js
<s> [webpack.Progress] 69% building 1158/1160 modules 2 active D:\twice-market-master\frontend\node_modules\babel-runtime\node_modules\core-js\library\modules\_cof.js
<s> [webpack.Progress] 69% building 1158/1161 modules 3 active D:\twice-market-master\frontend\node_modules\babel-runtime\node_modules\core-js\library\modules\_object-dps.js
<s> [webpack.Progress] 69% building 1158/1162 modules 4 active D:\twice-market-master\frontend\node_modules\babel-runtime\node_modules\core-js\library\modules\_dom-create.js
<s> [webpack.Progress] 69% building 1158/1163 modules 5 active D:\twice-market-master\frontend\node_modules\babel-runtime\node_modules\core-js\library\modules\_enum-bug-keys.js
<s> [webpack.Progress] 69% building 1158/1164 modules 6 active D:\twice-market-master\frontend\node_modules\babel-runtime\node_modules\core-js\library\modules\_ie8-dom-define.js
<s> [webpack.Progress] 69% building 1158/1165 modules 7 active D:\twice-market-master\frontend\node_modules\babel-runtime\node_modules\core-js\library\modules\_shared-key.js
<s> [webpack.Progress] 69% building 1158/1166 modules 8 active D:\twice-market-master\frontend\node_modules\babel-runtime\node_modules\core-js\library\modules\_html.js
<s> [webpack.Progress] 69% building 1158/1167 modules 9 active D:\twice-market-master\frontend\node_modules\babel-runtime\node_modules\core-js\library\modules\_object-keys-internal.js
<s> [webpack.Progress] 69% building 1158/1168 modules 10 active D:\twice-market-master\frontend\node_modules\babel-runtime\node_modules\core-js\library\modules\_a-function.js
<s> [webpack.Progress] 69% building 1159/1168 modules 9 active D:\twice-market-master\frontend\node_modules\babel-runtime\node_modules\core-js\library\modules\_a-function.js
<s> [webpack.Progress] 69% building 1159/1169 modules 10 active D:\twice-market-master\frontend\node_modules\get-proto\index.js
<s> [webpack.Progress] 69% building 1159/1170 modules 11 active D:\twice-market-master\frontend\node_modules\call-bind-apply-helpers\index.js
<s> [webpack.Progress] 69% building 1160/1170 modules 10 active D:\twice-market-master\frontend\node_modules\call-bind-apply-helpers\index.js
<s> [webpack.Progress] 69% building 1161/1170 modules 9 active D:\twice-market-master\frontend\node_modules\call-bind-apply-helpers\index.js
<s> [webpack.Progress] 69% building 1162/1170 modules 8 active D:\twice-market-master\frontend\node_modules\call-bind-apply-helpers\index.js
<s> [webpack.Progress] 69% building 1163/1170 modules 7 active D:\twice-market-master\frontend\node_modules\call-bind-apply-helpers\index.js
<s> [webpack.Progress] 69% building 1164/1170 modules 6 active D:\twice-market-master\frontend\node_modules\call-bind-apply-helpers\index.js
<s> [webpack.Progress] 69% building 1165/1170 modules 5 active D:\twice-market-master\frontend\node_modules\call-bind-apply-helpers\index.js
<s> [webpack.Progress] 69% building 1166/1170 modules 4 active D:\twice-market-master\frontend\node_modules\call-bind-apply-helpers\index.js
<s> [webpack.Progress] 69% building 1167/1170 modules 3 active D:\twice-market-master\frontend\node_modules\call-bind-apply-helpers\index.js
<s> [webpack.Progress] 69% building 1167/1171 modules 4 active D:\twice-market-master\frontend\node_modules\has-symbols\index.js
<s> [webpack.Progress] 69% building 1167/1172 modules 5 active D:\twice-market-master\frontend\node_modules\es-object-atoms\index.js
<s> [webpack.Progress] 69% building 1167/1173 modules 6 active D:\twice-market-master\frontend\node_modules\es-define-property\index.js
<s> [webpack.Progress] 69% building 1167/1174 modules 7 active D:\twice-market-master\frontend\node_modules\math-intrinsics\isNaN.js
<s> [webpack.Progress] 69% building 1167/1175 modules 8 active D:\twice-market-master\frontend\node_modules\hasown\index.js
<s> [webpack.Progress] 69% building 1167/1176 modules 9 active D:\twice-market-master\frontend\node_modules\gopd\index.js
<s> [webpack.Progress] 69% building 1168/1176 modules 8 active D:\twice-market-master\frontend\node_modules\gopd\index.js
<s> [webpack.Progress] 69% building 1169/1176 modules 7 active D:\twice-market-master\frontend\node_modules\gopd\index.js
<s> [webpack.Progress] 69% building 1170/1176 modules 6 active D:\twice-market-master\frontend\node_modules\gopd\index.js
<s> [webpack.Progress] 69% building 1171/1176 modules 5 active D:\twice-market-master\frontend\node_modules\gopd\index.js
<s> [webpack.Progress] 69% building 1172/1176 modules 4 active D:\twice-market-master\frontend\node_modules\gopd\index.js
<s> [webpack.Progress] 69% building 1173/1176 modules 3 active D:\twice-market-master\frontend\node_modules\gopd\index.js
<s> [webpack.Progress] 69% building 1174/1176 modules 2 active D:\twice-market-master\frontend\node_modules\gopd\index.js
<s> [webpack.Progress] 69% building 1175/1176 modules 1 active D:\twice-market-master\frontend\node_modules\gopd\index.js
<s> [webpack.Progress] 70% building 1176/1176 modules 0 active 
<s> [webpack.Progress] 69% building 1176/1177 modules 1 active D:\twice-market-master\frontend\node_modules\function-bind\index.js
<s> [webpack.Progress] 69% building 1176/1178 modules 2 active D:\twice-market-master\frontend\node_modules\babel-runtime\node_modules\core-js\library\modules\_array-includes.js
<s> [webpack.Progress] 69% building 1176/1179 modules 3 active D:\twice-market-master\frontend\node_modules\call-bind-apply-helpers\actualApply.js
<s> [webpack.Progress] 69% building 1177/1179 modules 2 active D:\twice-market-master\frontend\node_modules\call-bind-apply-helpers\actualApply.js
<s> [webpack.Progress] 69% building 1177/1180 modules 3 active D:\twice-market-master\frontend\node_modules\has-symbols\shams.js
<s> [webpack.Progress] 69% building 1178/1180 modules 2 active D:\twice-market-master\frontend\node_modules\has-symbols\shams.js
<s> [webpack.Progress] 69% building 1178/1181 modules 3 active D:\twice-market-master\frontend\node_modules\gopd\gOPD.js
<s> [webpack.Progress] 69% building 1179/1181 modules 2 active D:\twice-market-master\frontend\node_modules\gopd\gOPD.js
<s> [webpack.Progress] 69% building 1179/1182 modules 3 active D:\twice-market-master\frontend\node_modules\dunder-proto\get.js
<s> [webpack.Progress] 69% building 1180/1182 modules 2 active D:\twice-market-master\frontend\node_modules\dunder-proto\get.js
<s> [webpack.Progress] 69% building 1181/1182 modules 1 active D:\twice-market-master\frontend\node_modules\dunder-proto\get.js
<s> [webpack.Progress] 69% building 1181/1183 modules 2 active D:\twice-market-master\frontend\node_modules\function-bind\implementation.js
<s> [webpack.Progress] 69% building 1182/1183 modules 1 active D:\twice-market-master\frontend\node_modules\function-bind\implementation.js
<s> [webpack.Progress] 70% building 1183/1183 modules 0 active 
<s> [webpack.Progress] 69% building 1183/1184 modules 1 active D:\twice-market-master\frontend\node_modules\call-bind-apply-helpers\reflectApply.js
<s> [webpack.Progress] 69% building 1183/1185 modules 2 active D:\twice-market-master\frontend\node_modules\babel-runtime\node_modules\core-js\library\modules\_to-absolute-index.js
<s> [webpack.Progress] 69% building 1183/1186 modules 3 active D:\twice-market-master\frontend\node_modules\babel-runtime\node_modules\core-js\library\modules\_to-length.js
<s> [webpack.Progress] 69% building 1184/1186 modules 2 active D:\twice-market-master\frontend\node_modules\babel-runtime\node_modules\core-js\library\modules\_to-length.js
<s> [webpack.Progress] 69% building 1185/1186 modules 1 active D:\twice-market-master\frontend\node_modules\babel-runtime\node_modules\core-js\library\modules\_to-length.js
<s> [webpack.Progress] 70% building 1186/1186 modules 0 active 
<s> [webpack.Progress] 70% building 1186/1186 modules 0 active 
<s> [webpack.Progress] 70% finish module graph
<s> [webpack.Progress] 70% finish module graph FlagDependencyExportsPlugin
<s> [webpack.Progress] 70% sealing
<s> [webpack.Progress] 70% sealing WarnCaseSensitiveModulesPlugin
<s> [webpack.Progress] 72% basic dependencies optimization
<s> [webpack.Progress] 72% dependencies optimization
<s> [webpack.Progress] 73% advanced dependencies optimization
<s> [webpack.Progress] 73% after dependencies optimization
<s> [webpack.Progress] 71% chunk graph
<s> [webpack.Progress] 71% after chunk graph
<s> [webpack.Progress] 71% after chunk graph WebAssemblyModulesPlugin
<s> [webpack.Progress] 74% optimizing
<s> [webpack.Progress] 74% basic module optimization
<s> [webpack.Progress] 75% module optimization
<s> [webpack.Progress] 75% advanced module optimization
<s> [webpack.Progress] 76% after module optimization
<s> [webpack.Progress] 76% basic chunk optimization
<s> [webpack.Progress] 76% basic chunk optimization EnsureChunkConditionsPlugin
<s> [webpack.Progress] 76% basic chunk optimization RemoveEmptyChunksPlugin
<s> [webpack.Progress] 76% basic chunk optimization MergeDuplicateChunksPlugin
<s> [webpack.Progress] 77% chunk optimization
<s> [webpack.Progress] 77% advanced chunk optimization
<s> [webpack.Progress] 77% advanced chunk optimization SplitChunksPlugin
<s> [webpack.Progress] 77% advanced chunk optimization RemoveEmptyChunksPlugin
<s> [webpack.Progress] 77% after chunk optimization
<s> [webpack.Progress] 78% module and chunk tree optimization
<s> [webpack.Progress] 78% after module and chunk tree optimization
<s> [webpack.Progress] 79% basic chunk modules optimization
<s> [webpack.Progress] 80% chunk modules optimization
<s> [webpack.Progress] 80% advanced chunk modules optimization
<s> [webpack.Progress] 81% after chunk modules optimization
<s> [webpack.Progress] 81% module reviving
<s> [webpack.Progress] 81% module reviving RecordIdsPlugin
<s> [webpack.Progress] 82% module order optimization
<s> [webpack.Progress] 82% advanced module order optimization
<s> [webpack.Progress] 83% before module ids
<s> [webpack.Progress] 83% before module ids NamedModulesPlugin
<s> [webpack.Progress] 83% module ids
<s> [webpack.Progress] 84% module id optimization
<s> [webpack.Progress] 84% module id optimization
<s> [webpack.Progress] 85% chunk reviving
<s> [webpack.Progress] 85% chunk reviving RecordIdsPlugin
<s> [webpack.Progress] 85% chunk order optimization
<s> [webpack.Progress] 85% chunk order optimization OccurrenceOrderChunkIdsPlugin
<s> [webpack.Progress] 86% before chunk ids
<s> [webpack.Progress] 86% before chunk ids NamedChunksPlugin
<s> [webpack.Progress] 86% chunk id optimization
<s> [webpack.Progress] 87% after chunk id optimization
<s> [webpack.Progress] 87% record modules
<s> [webpack.Progress] 87% record modules RecordIdsPlugin
<s> [webpack.Progress] 87% record chunks
<s> [webpack.Progress] 87% record chunks RecordIdsPlugin
<s> [webpack.Progress] 88% hashing
<s> [webpack.Progress] 88% after hashing
<s> [webpack.Progress] 88% after hashing HotModuleReplacementPlugin
<s> [webpack.Progress] 89% record hash
<s> [webpack.Progress] 89% module assets processing
<s> [webpack.Progress] 90% chunk assets processing
<s> [webpack.Progress] 90% additional chunk assets processing
<s> [webpack.Progress] 90% additional chunk assets processing HotModuleReplacementPlugin
<s> [webpack.Progress] 91% recording
<s> [webpack.Progress] 91% recording HotModuleReplacementPlugin
<s> [webpack.Progress] 92% additional asset processing
<s> [webpack.Progress] 92% chunk asset optimization
<s> [webpack.Progress] 93% after chunk asset optimization
<s> [webpack.Progress] 93% asset optimization
<s> [webpack.Progress] 94% after asset optimization
<s> [webpack.Progress] 94% after seal
<s> [webpack.Progress] 95% emitting
<s> [webpack.Progress] 95% emitting HtmlWebpackPlugin
<s> [webpack.Progress] 95% emitting CopyPlugin
<s> [webpack.Progress] 98% after emitting
<s> [webpack.Progress] 98% after emitting CopyPlugin
<s> [webpack.Progress] 100% 

